age,income,employment_years,num_credit_lines,credit_util_ratio,num_late_payments,debt_to_income,loan_amount,loan_tenure_yrs,existing_loans,savings_balance,has_mortgage,has_car_loan,creditworthy
56,70462.21,2.0,14,0.3184,2,0.306,29937.94,4,1,2294.01,1,0,0
69,49813.06,0.0,10,0.0836,1,0.5746,18398.39,4,1,6803.81,0,1,1
46,70715.63,26.0,10,0.4156,3,0.2351,12941.44,2,4,1077.1,0,0,1
32,23265.12,23.0,12,0.2417,1,0.5031,19299.26,3,1,106.0,0,1,0
60,37608.22,18.0,13,0.1273,0,0.5562,5098.6,6,4,7534.39,1,0,1
25,27895.22,7.0,14,0.5117,1,0.2646,9883.16,2,0,14670.79,1,0,1
38,66739.3,1.0,9,0.4598,1,0.455,4925.98,9,1,18962.9,0,0,1
56,72852.59,29.0,3,0.1601,0,0.3126,21213.3,3,3,7748.28,1,1,1
36,51154.35,29.0,10,0.2341,0,0.5421,22396.45,3,3,13230.94,1,0,1
40,33176.76,31.0,2,0.3429,1,0.2424,19643.02,6,4,4143.32,0,0,1
28,54506.27,0.0,11,0.2206,0,0.5157,16866.45,2,3,16657.15,1,0,1
28,42835.5,12.0,1,0.0273,1,0.6487,1000.0,4,4,11923.2,1,1,1
41,35095.73,10.0,2,0.1384,0,0.14,27114.64,1,1,2951.46,0,0,1
70,63474.84,9.0,3,0.0786,1,0.2844,1000.0,4,4,7274.85,0,0,1
53,36050.19,25.0,7,0.2919,1,0.4107,15595.95,5,4,420.95,0,1,1
57,15841.26,19.0,2,0.363,0,0.3932,10166.84,5,0,1268.09,0,0,1
41,21397.14,16.0,13,0.2836,1,0.4682,12092.85,2,1,23447.46,0,0,1
20,14918.49,16.0,5,0.5171,2,0.233,10358.65,9,4,78.42,0,0,0
39,61187.8,3.0,2,0.2632,0,0.3773,15173.45,7,1,1817.56,0,1,1
70,58760.14,4.0,7,0.646,2,0.6433,26282.03,4,3,1195.51,0,0,0
19,57513.0,,10,0.2192,0,0.3821,15197.42,5,4,9599.01,0,0,1
41,69693.29,9.0,8,0.224,2,0.5367,15115.16,1,3,893.66,0,0,1
61,84798.97,27.0,8,0.0961,2,0.397,10725.51,5,0,162.67,1,0,1
47,40193.34,32.0,13,0.19,2,0.3641,9155.13,6,0,21330.2,1,0,1
55,65161.94,25.0,8,0.4005,2,0.5664,19657.22,5,1,16493.4,1,0,1
19,15509.61,28.0,10,0.5159,2,0.492,15901.07,6,0,3550.93,1,1,0
38,89467.74,26.0,9,0.3912,1,0.5282,19902.5,7,4,847.54,0,0,1
50,23879.22,17.0,1,0.1661,3,0.6535,24828.49,6,1,9070.65,0,0,0
29,37247.97,9.0,12,0.3612,1,0.4113,9481.95,2,3,17172.59,1,0,1
39,40057.26,4.0,1,0.1825,1,0.2028,29674.59,2,2,29400.4,0,1,0
61,16843.23,9.0,14,0.2711,1,0.1463,16359.74,9,0,1115.24,1,0,1
42,55814.39,20.0,14,0.1151,2,0.3355,14731.1,6,4,7334.54,0,0,1
66,60347.6,23.0,14,0.232,0,0.5167,18328.41,4,3,4504.69,0,1,1
44,50264.66,2.0,10,0.1936,0,0.3128,19546.55,5,2,,1,0,1
59,16493.81,30.0,2,0.0767,2,0.373,19121.77,5,1,13197.74,1,0,1
45,104584.66,1.0,11,0.6841,1,0.4672,28494.25,8,4,12193.09,0,0,0
33,68730.77,1.0,6,0.3263,2,0.291,9144.01,5,2,26739.3,1,1,1
32,120855.55,33.0,14,0.1926,0,0.1347,1000.0,2,4,715.32,0,0,1
64,34872.27,19.0,1,0.3437,1,0.4206,7814.26,2,3,2183.66,1,1,1
68,78947.06,32.0,5,0.3466,2,0.39,12839.61,5,3,14062.37,0,0,1
61,74481.85,3.0,5,0.4903,1,0.4053,4372.14,4,0,,1,0,1
72,47735.62,10.0,4,0.3255,0,0.2954,11220.18,2,3,5169.11,1,0,1
69,90276.27,4.0,11,0.2122,3,0.3533,5197.45,6,1,7564.22,0,0,1
74,,24.0,5,0.1325,2,0.3339,2825.84,8,1,4200.13,1,0,1
20,45977.71,33.0,12,0.1512,1,0.3274,20139.05,2,4,288.31,0,0,1
54,10000.0,8.0,1,0.2714,2,0.6929,23147.97,7,1,7410.42,1,0,0
68,65225.7,5.0,11,0.1442,1,0.362,11121.99,4,3,2079.21,1,0,1
24,21862.25,17.0,11,0.1313,2,0.6156,24038.33,5,2,27756.94,0,0,0
38,41231.97,13.0,6,0.059,1,0.5951,22700.37,2,1,9377.87,0,0,1
26,29344.51,,7,0.2669,2,0.2702,7163.52,9,3,14693.43,1,0,1
56,45844.21,13.0,8,0.4759,1,0.5072,15264.65,3,3,24703.03,0,1,1
35,66097.01,16.0,2,0.3228,2,0.3195,9436.52,1,4,523.36,0,0,1
21,55278.54,34.0,7,0.591,1,0.3243,17333.96,4,4,1287.86,1,0,0
42,72741.03,28.0,6,0.5861,4,0.4273,12591.03,1,1,13203.05,1,0,0
31,86640.74,16.0,9,0.1844,0,0.2148,29144.85,6,1,17288.11,1,0,1
67,45780.1,7.0,8,0.1463,2,0.1315,3376.77,4,3,39.13,0,1,1
26,43035.82,0.0,14,0.219,0,0.1876,7773.56,4,1,23236.13,0,0,1
43,78943.19,6.0,11,0.1568,1,0.5351,16500.86,9,2,4846.64,0,0,1
70,80926.18,4.0,14,0.438,2,0.4598,16284.16,9,0,4968.5,1,0,0
19,73514.77,23.0,4,0.3557,0,0.2165,7821.17,7,0,16878.72,0,1,1
37,31195.53,27.0,14,0.1663,0,0.3751,9406.5,4,3,2734.66,0,1,1
45,65566.38,16.0,13,0.1544,0,0.5786,12336.76,9,0,7006.78,0,1,1
64,57736.77,19.0,9,0.3014,0,0.3042,7286.32,5,3,3254.0,1,1,0
24,81313.22,2.0,1,0.1622,2,0.2535,10262.4,4,3,964.29,0,0,1
61,40678.2,25.0,11,0.3781,0,0.3997,14099.2,5,2,3552.55,1,0,1
25,13334.74,14.0,6,0.5003,2,0.5396,11549.15,9,4,1519.92,1,0,0
64,72255.92,7.0,8,0.5372,0,0.5498,9237.4,1,1,5888.09,0,0,0
52,10000.0,12.0,11,0.2969,1,0.6652,17693.04,7,2,6036.68,1,0,1
31,36712.16,2.0,11,0.3581,2,0.2346,6039.23,9,4,4600.17,1,0,1
34,29420.11,0.0,4,0.3445,3,0.4257,17189.99,1,3,1527.48,1,1,1
53,29251.63,8.0,2,0.3902,1,0.1929,13620.06,3,2,1011.15,1,1,1
67,36274.21,30.0,11,0.4356,1,0.2365,3355.68,7,3,884.04,1,0,1
57,85434.34,25.0,2,0.1906,0,0.5709,5910.42,4,0,951.75,0,0,0
21,75513.89,16.0,10,0.152,1,0.3855,1000.0,9,3,2795.08,0,1,0
19,48706.73,33.0,1,0.1986,0,0.4721,22187.77,8,0,14.93,1,0,0
23,83340.59,8.0,5,0.3177,3,0.658,12653.36,4,3,514.23,0,0,0
71,28442.57,12.0,13,0.4425,0,0.4015,17610.67,3,3,5085.74,1,0,0
59,25042.92,4.0,6,0.3569,0,0.4548,21358.41,5,4,1613.9,0,0,0
21,76589.92,12.0,4,0.2946,1,0.4999,7020.79,7,3,2445.45,0,1,1
71,69491.08,0.0,4,0.287,1,0.4565,10542.59,6,3,3487.26,0,0,1
46,43493.41,24.0,5,0.1984,1,0.779,10698.86,7,3,323.67,0,0,0
35,26613.48,3.0,14,0.4285,0,0.3892,22975.65,5,1,1987.91,1,0,1
43,91493.3,9.0,5,0.205,1,0.0941,19011.21,2,1,11993.47,0,0,1
61,11997.44,27.0,14,0.3232,1,0.5484,11108.36,5,2,3335.0,0,0,0
51,40039.35,5.0,14,0.2683,1,0.5012,27198.56,7,4,1647.93,1,0,1
27,60714.41,26.0,14,0.2828,1,0.5394,1000.0,1,1,1762.63,0,0,0
53,100054.12,11.0,14,0.3237,2,0.1672,20076.13,5,2,33456.45,0,1,1
31,64577.51,2.0,9,0.1352,2,0.2595,9264.54,4,2,1285.63,0,0,0
48,67007.62,32.0,8,0.5413,1,0.2015,7306.78,7,2,18866.32,0,1,0
65,40765.41,9.0,9,0.0906,1,0.1666,29093.9,6,4,671.79,1,0,1
32,69212.01,30.0,13,0.2749,4,0.5931,33100.45,7,0,16599.16,0,1,0
25,57632.73,14.0,14,0.4537,1,0.4802,31119.76,4,4,5656.61,0,1,1
31,15288.39,6.0,3,0.3025,0,0.3672,11359.39,5,2,7506.36,1,0,0
40,74823.37,13.0,14,0.3101,1,0.1876,12302.1,8,3,2258.18,0,0,0
74,79259.83,13.0,3,0.1609,3,0.3067,19717.42,3,2,18310.14,1,0,1
57,75084.13,2.0,1,0.3965,3,0.5374,22695.23,4,3,7077.28,1,0,0
38,55833.2,2.0,14,0.1024,0,0.6777,3406.63,6,4,9008.69,0,0,0
33,31095.58,21.0,10,0.0988,1,0.4826,21348.04,7,0,6509.17,0,1,1
62,10000.0,18.0,13,0.6732,2,0.4456,6391.24,9,1,1070.4,1,1,0
35,58926.34,34.0,6,0.2955,3,0.42,12610.82,5,1,14474.08,1,0,0
64,82048.55,11.0,4,0.2513,0,0.5585,15047.12,3,0,1622.66,0,0,0
70,79888.31,4.0,11,0.5977,4,0.6068,13882.3,5,3,2761.9,0,0,0
41,75401.82,9.0,14,0.3192,1,0.4387,7645.11,2,3,8857.64,0,0,1
43,53144.73,32.0,8,0.3783,1,0.1879,11783.3,8,0,783.81,0,0,1
42,,12.0,2,0.08,0,0.1627,17374.29,4,0,21672.91,0,0,1
62,78104.05,34.0,11,0.1674,0,0.3716,16225.65,9,2,1060.28,0,1,1
58,44434.16,31.0,2,0.1795,2,0.4407,20775.39,3,4,8800.65,0,0,1
46,71914.95,10.0,7,0.2186,0,0.6451,2661.37,7,2,8065.54,0,0,1
32,41601.02,,13,0.1021,1,0.3057,20355.97,3,2,9579.43,0,0,1
62,68500.61,34.0,5,0.3521,1,0.3736,26324.52,4,4,4544.06,1,0,1
18,22522.08,18.0,13,0.13,2,0.3363,22981.37,2,1,3853.83,0,0,1
42,24444.7,5.0,1,0.0776,1,0.3928,1000.0,6,4,30410.29,0,0,1
24,81455.18,34.0,7,0.2054,2,0.3534,16133.53,5,1,13593.08,0,0,1
26,78439.0,3.0,7,0.4572,2,0.2117,15574.45,4,4,5315.6,0,1,0
41,70840.29,32.0,10,0.2815,2,0.2472,9189.38,4,1,,0,0,1
18,57199.22,12.0,6,0.2656,4,0.3535,23557.54,1,3,17698.56,0,1,0
61,10000.0,18.0,4,0.1131,1,0.342,19785.41,3,3,8370.04,0,0,1
25,53128.1,11.0,12,0.7119,3,0.3047,16975.57,5,4,1167.36,0,1,1
41,66354.58,10.0,13,0.2699,4,0.1949,7657.14,2,0,1617.95,0,0,1
28,41631.67,5.0,8,0.2061,0,0.2616,15344.59,7,3,6226.5,1,0,1
68,37187.65,11.0,12,0.3029,1,0.2283,24757.55,3,4,5604.33,1,1,0
34,91110.51,26.0,11,0.3193,2,0.3988,28122.42,8,4,4211.33,0,0,0
25,53492.78,24.0,2,0.3743,0,0.2732,11950.23,2,3,4453.2,0,0,1
52,66369.88,2.0,2,0.2166,0,0.2529,10719.12,8,4,1511.89,1,1,1
52,74353.29,2.0,2,0.3601,2,0.5355,18209.96,5,0,2359.97,0,1,0
50,29964.07,19.0,3,0.5952,3,0.3104,5821.29,9,1,5429.35,0,0,0
22,59830.19,27.0,6,0.4314,0,0.2203,1000.0,9,4,526.59,0,0,1
59,87991.11,22.0,1,0.1598,0,0.2971,12268.91,6,3,3479.34,1,1,1
56,100480.58,2.0,11,0.1209,0,0.2971,19061.7,3,0,1889.57,0,0,1
58,55998.41,23.0,2,0.0458,4,0.5768,8371.81,1,0,1535.56,1,0,1
45,49051.41,5.0,10,0.2167,3,0.4923,19713.43,1,4,1268.15,0,1,0
24,61725.6,19.0,2,0.3068,3,0.2901,11662.52,5,2,1208.35,1,0,0
26,61090.93,10.0,14,0.299,2,0.6544,18801.68,2,3,1399.01,1,0,0
25,89668.95,31.0,12,0.4401,0,0.5111,19249.58,9,0,3748.94,1,0,1
29,30090.21,26.0,1,0.1931,2,0.6109,23028.19,3,3,855.83,0,0,0
51,48003.17,20.0,3,0.1821,2,0.3877,8625.02,4,4,18187.43,0,0,1
50,27071.47,12.0,10,0.4616,0,0.3509,7975.76,2,4,5511.9,0,0,1
65,29697.63,21.0,7,0.5225,0,0.299,6205.53,2,2,5621.95,0,1,0
72,64414.35,34.0,13,0.2136,3,0.3899,17667.66,3,2,1896.85,1,0,1
40,75246.45,21.0,1,0.2779,0,0.4385,25033.6,6,4,16148.59,1,1,1
41,38765.21,27.0,7,0.1983,0,0.251,23593.48,7,1,14088.19,0,1,1
54,74302.37,20.0,5,0.677,0,0.3096,6446.88,5,1,278.77,1,0,0
52,82789.47,17.0,9,0.0361,0,0.384,16444.31,8,0,10546.23,0,1,1
61,103367.65,30.0,2,0.3428,0,0.3621,23968.59,1,2,1629.37,0,0,1
57,56743.67,20.0,1,0.1352,4,0.3862,18196.44,2,0,6488.55,1,0,1
39,39005.89,13.0,9,0.3588,0,0.3626,3724.82,5,3,16353.72,0,0,1
44,29938.2,24.0,8,0.0594,1,0.5994,29437.35,1,4,21751.21,0,0,1
52,27455.17,26.0,10,0.1509,1,0.1192,24438.72,7,4,,0,1,1
18,86244.52,22.0,6,0.2076,0,0.2286,14261.97,3,1,22450.95,1,0,1
52,17122.62,30.0,5,0.4553,0,0.4322,14066.43,6,0,576.98,0,0,0
54,85443.71,28.0,8,0.2567,2,0.2084,15990.78,7,0,19203.92,1,1,1
64,33288.97,29.0,8,0.5108,1,0.4328,25782.17,5,3,11838.72,1,0,1
31,37869.85,25.0,14,0.2395,0,0.5819,10807.99,7,0,19610.98,1,1,1
20,51211.11,19.0,5,0.301,1,0.3764,27257.09,3,3,3647.5,0,0,1
18,37408.64,18.0,12,0.4553,1,0.3536,12816.65,8,0,22611.87,0,0,1
22,78299.49,26.0,7,0.2723,3,0.2844,24385.09,7,2,13652.74,1,0,1
43,100333.6,24.0,13,0.2294,3,0.3596,13902.04,4,4,3183.82,0,0,0
72,38564.2,22.0,13,0.2725,0,0.1999,19501.06,7,3,3311.21,0,0,1
31,44194.05,28.0,1,0.4272,0,0.5812,10646.36,5,4,3535.57,1,0,1
56,50916.98,14.0,4,0.3178,0,0.5315,12608.6,5,4,7109.15,1,0,1
44,68526.42,2.0,2,0.0256,1,0.2682,17103.64,3,0,1606.16,0,0,1
26,51162.89,9.0,10,0.1002,2,0.1846,18190.78,7,0,4546.22,1,0,1
32,89681.44,14.0,3,0.3968,1,0.146,1000.0,4,3,560.47,1,1,0
32,83665.6,15.0,12,0.325,0,0.3759,9955.94,7,1,3549.27,0,0,1
43,25363.44,16.0,1,0.3295,0,0.3331,22723.93,7,1,8790.49,0,1,1
59,68024.2,18.0,11,0.1172,2,0.1914,8589.29,4,4,7122.44,0,0,1
30,93008.48,10.0,11,0.5037,2,0.5744,24237.9,2,1,3044.65,1,0,0
68,42630.48,4.0,2,0.1513,3,0.2079,9973.64,6,2,2378.67,0,0,0
49,47643.38,4.0,13,0.0139,0,0.4265,16265.96,6,0,3169.23,0,0,1
56,41799.08,13.0,1,0.5722,1,0.3661,12075.9,5,4,576.67,1,1,0
66,42323.11,25.0,8,0.3604,2,0.5236,26113.77,1,0,2382.69,1,0,0
69,13288.71,7.0,4,0.1059,2,0.6378,31027.16,2,1,9849.41,1,0,1
49,21792.13,4.0,3,0.5773,0,0.527,9286.55,7,2,1575.41,0,1,0
21,56936.84,6.0,1,0.4218,0,0.5111,16083.21,3,2,1190.14,0,0,1
47,92839.95,15.0,2,0.1754,0,0.4915,6845.49,7,3,14969.39,0,0,1
54,39665.98,13.0,3,0.6787,1,0.5463,7730.24,2,4,2159.29,0,0,0
40,38931.07,3.0,3,0.3023,0,0.5366,23386.04,9,2,,0,0,1
56,97538.03,16.0,6,0.2208,1,0.3975,14535.9,9,4,4974.63,0,0,1
62,27293.56,5.0,10,0.6282,0,0.519,15638.75,5,4,5107.94,0,0,0
32,13468.92,15.0,8,0.0822,3,0.5127,17691.65,5,4,1648.35,1,0,1
60,34287.11,28.0,6,0.0834,0,0.3217,9805.25,8,0,6497.96,0,1,1
46,38430.39,9.0,2,0.6292,4,0.3565,3975.94,9,4,9519.02,0,1,0
53,11313.67,28.0,2,0.251,4,0.1701,6559.53,8,1,5300.83,1,0,1
30,51798.96,13.0,14,0.4619,0,0.1921,10020.45,6,2,18063.56,1,0,1
49,78711.16,3.0,7,0.2358,2,0.3331,25945.42,2,0,38228.82,0,0,1
24,22851.13,12.0,1,0.1419,2,0.396,17434.06,2,2,6016.56,1,0,1
68,57189.46,17.0,1,0.1007,2,0.2625,14898.66,2,1,28805.64,0,1,1
39,64898.39,32.0,7,0.0527,2,0.5866,3853.75,3,0,8318.72,0,1,1
45,52915.39,20.0,9,0.1664,1,0.2047,3802.96,5,3,6019.88,0,0,1
19,59642.31,15.0,5,0.1059,1,0.3394,9833.89,1,1,16323.27,1,0,1
59,59933.18,14.0,11,0.1497,1,0.3269,12996.77,9,3,27168.5,1,0,1
62,34681.8,4.0,1,0.1846,0,0.131,8997.14,5,2,55338.53,0,1,1
74,92464.56,5.0,5,0.1123,1,0.6398,8501.75,7,1,11389.52,0,0,0
70,86193.92,2.0,11,0.5063,0,0.2169,10672.2,5,3,5313.37,0,0,1
23,84747.78,11.0,1,0.181,1,0.2636,9478.63,3,3,2808.23,0,0,1
45,80341.89,32.0,10,0.6904,1,0.256,13260.07,3,0,6531.21,1,0,0
45,15625.51,32.0,12,0.7043,1,0.2793,16449.28,4,0,12023.68,0,0,1
61,78151.56,30.0,9,0.3136,2,0.3856,21106.08,3,2,217.53,0,1,0
61,71390.04,20.0,4,0.2652,2,0.7587,6270.09,6,1,2491.98,0,0,0
37,16586.91,26.0,9,0.4097,1,0.3237,14510.75,5,3,3503.12,0,1,0
47,49627.24,26.0,2,0.0479,2,0.353,31197.9,1,1,12111.12,0,0,1
28,61919.84,7.0,7,0.4531,1,0.2741,12263.32,4,4,7606.07,1,0,0
72,96607.93,31.0,12,0.2129,0,0.5791,14802.78,8,2,4436.92,0,1,1
45,73118.1,25.0,13,0.097,1,0.3304,7929.42,9,2,20132.84,1,0,1
42,33385.86,1.0,2,0.099,0,0.2525,20402.45,6,0,6180.06,0,1,1
56,97384.71,11.0,12,0.285,2,0.3246,9487.24,4,3,10296.29,0,0,1
50,56094.49,21.0,4,0.3657,3,0.2853,31109.03,2,1,8524.65,0,0,1
18,48603.97,16.0,6,0.5873,3,0.3968,10938.43,9,3,15644.11,0,1,1
74,46822.05,6.0,14,0.0846,0,0.5402,12379.1,8,2,13386.63,0,0,1
44,14411.12,3.0,2,0.2769,0,0.4618,17351.82,5,3,36101.74,0,1,0
74,52255.76,31.0,2,0.2498,1,0.2402,35043.48,8,2,3813.86,1,1,1
69,67437.13,10.0,2,0.5429,1,0.3102,4930.39,6,4,1441.36,0,0,0
30,45365.42,0.0,3,0.1716,1,0.0757,23474.39,1,3,11410.85,0,1,1
58,65511.31,24.0,5,0.144,1,0.2759,17801.97,8,2,16617.25,0,0,1
20,33390.22,23.0,9,0.1221,2,0.3889,1000.0,5,3,447.25,0,0,0
56,51476.8,16.0,6,0.3243,0,0.3798,12950.07,3,3,3238.24,0,0,1
23,62913.51,7.0,12,0.5824,0,0.3013,15583.71,1,1,13168.57,0,0,0
25,59741.52,26.0,14,0.6094,1,0.7404,15444.75,8,3,9201.85,0,0,0
44,14863.37,17.0,9,0.5679,0,0.4141,25754.65,6,3,11261.82,1,0,1
26,44024.85,26.0,10,0.5515,0,0.3605,8284.76,7,3,6268.07,0,0,1
54,96936.57,21.0,14,0.0776,2,0.5879,4567.52,3,2,3848.05,0,0,0
50,42688.85,15.0,13,0.1183,0,0.4096,1156.03,8,2,13344.64,0,0,1
68,55395.19,1.0,5,0.1719,1,0.1236,23303.82,3,3,6469.18,1,0,1
59,52831.11,4.0,11,0.4365,2,0.3265,22825.74,5,4,5789.12,0,0,0
61,94205.99,17.0,6,0.3888,2,0.1562,15099.98,6,3,10619.5,1,0,1
41,87259.2,2.0,10,0.1466,0,0.4556,8670.74,8,3,1694.34,0,0,0
32,75188.27,26.0,12,0.3577,1,0.3202,14449.76,5,2,7055.2,0,0,1
71,30668.94,16.0,8,0.1201,1,0.4574,38319.76,1,0,2904.01,0,0,1
49,63979.58,15.0,3,0.0152,2,0.5186,14723.61,1,0,,1,0,1
49,69198.54,5.0,2,0.6086,0,0.314,18132.74,6,3,11054.21,1,0,0
41,37534.88,6.0,3,0.3049,3,0.2,1000.0,6,4,5150.07,0,0,1
58,33237.07,13.0,14,0.4155,2,0.2734,18600.01,7,1,18684.79,0,0,1
69,97625.35,14.0,9,0.2795,0,0.1519,20839.27,7,2,5547.84,0,0,1
66,47479.92,32.0,6,0.1549,1,0.4594,10464.61,9,1,81.93,0,1,1
66,95374.42,26.0,10,0.1382,1,0.4993,13307.7,6,1,4204.09,1,0,1
69,79927.34,28.0,12,0.2554,1,0.3739,19062.7,3,4,1500.99,0,1,1
29,65196.92,4.0,4,0.1354,1,0.1036,12955.85,3,4,20314.45,0,0,1
56,66313.29,28.0,10,0.1588,1,0.262,24081.86,4,0,4721.82,0,0,1
19,19989.51,31.0,3,0.1064,1,0.471,4446.8,6,2,5718.14,0,0,1
20,60169.37,5.0,13,0.072,1,0.6924,15803.79,4,0,3639.3,1,0,0
66,90425.51,1.0,2,0.4785,0,0.6707,19514.62,2,4,5908.91,0,0,0
54,72033.49,5.0,14,0.3398,3,0.3106,15841.99,7,4,691.37,1,1,0
66,58858.42,3.0,4,0.16,1,0.1668,6306.34,2,2,4910.74,0,0,1
73,97798.43,28.0,9,0.1913,0,0.4063,22305.9,5,2,8711.91,0,0,1
34,50373.98,24.0,4,0.2071,5,0.3118,3658.35,5,3,3724.96,0,1,1
66,39511.11,8.0,13,0.2223,3,0.3073,7866.13,8,3,3989.43,0,0,1
19,58845.8,2.0,12,0.0404,1,0.5212,14886.05,5,1,14532.66,1,0,1
19,74161.68,25.0,5,0.4178,0,0.6038,19136.72,6,2,6153.77,1,1,1
45,12055.15,26.0,8,0.0617,2,0.2828,8177.51,4,2,7087.03,0,0,1
71,62121.72,31.0,2,0.1209,0,0.1933,1932.12,4,0,2817.1,0,0,1
40,75258.63,0.0,12,0.2933,0,0.1842,18402.3,3,0,5277.39,1,0,1
54,48258.96,15.0,11,0.2416,0,0.4349,1000.0,2,3,443.77,1,0,1
49,82674.12,10.0,14,0.3437,0,0.3267,17421.3,4,1,4501.12,0,0,1
50,71029.67,25.0,3,0.3474,0,0.4176,18123.93,9,4,12984.06,0,0,1
18,108534.58,0.0,6,0.5403,0,0.3312,28011.5,9,3,1408.72,1,0,0
36,36234.93,25.0,12,0.2292,2,0.5084,19583.08,4,0,11567.6,1,0,1
19,75767.75,27.0,7,0.522,1,0.2506,10870.28,9,4,,1,0,1
70,29566.9,8.0,4,0.2864,2,0.3183,16545.42,5,1,219.48,1,0,1
61,14615.84,21.0,14,0.4728,2,0.3042,22276.75,9,0,24496.32,0,0,1
43,10000.0,7.0,1,0.3745,0,0.6612,17634.38,9,3,1600.86,0,1,0
49,68458.1,26.0,7,0.2458,1,0.2163,14072.62,9,3,3260.96,0,0,1
23,59606.2,18.0,12,0.1922,4,0.4816,25219.35,9,1,5242.62,0,0,0
49,43023.72,24.0,9,0.4059,0,0.3546,6502.83,7,3,23877.27,0,0,1
72,10662.39,20.0,1,0.2772,3,0.4527,2891.5,9,1,6962.28,0,0,1
21,37740.33,23.0,14,0.1897,2,0.5095,1000.0,1,2,18859.79,0,0,1
72,55102.33,23.0,1,0.0375,0,0.4369,26524.94,4,0,6649.44,1,0,1
28,74829.23,18.0,1,0.2622,1,0.6953,8391.58,6,2,1839.29,0,0,0
73,54586.61,1.0,10,0.4182,0,0.4054,12374.48,6,2,6647.73,1,1,1
34,61301.51,13.0,7,0.4438,2,0.0825,15951.49,1,3,846.84,1,0,1
55,45596.69,31.0,11,0.3201,0,0.4942,8989.41,1,4,995.97,0,1,1
41,98730.61,31.0,9,0.5456,1,0.2855,24524.44,1,3,983.36,0,0,0
22,29543.76,27.0,3,0.0696,2,0.3152,24222.67,8,0,98.63,0,0,1
69,37519.04,12.0,8,0.0607,0,0.3854,19905.75,1,3,1312.27,1,0,1
51,42691.05,11.0,9,0.3484,0,0.5376,14542.39,9,0,3483.01,1,0,0
23,68567.61,7.0,3,0.5146,1,0.5183,10267.8,2,4,598.79,0,0,1
39,29028.51,14.0,12,0.481,1,0.4279,6206.25,9,4,49.46,0,1,0
28,58392.96,25.0,12,0.3009,0,0.4569,16837.62,9,4,952.72,0,0,0
65,59122.75,11.0,3,0.1238,0,0.2179,10509.37,2,0,21998.23,0,1,1
33,37641.05,26.0,1,0.4043,1,0.1803,19417.21,4,4,5966.27,0,0,1
50,63249.49,17.0,2,0.3929,3,0.1391,7103.12,9,2,4567.77,1,1,1
26,29804.65,26.0,7,0.0866,2,0.3559,3569.42,9,3,5342.29,1,0,1
23,27073.15,8.0,3,0.1832,1,0.1704,22493.54,8,3,6474.01,0,1,0
33,57490.14,0.0,7,0.066,0,0.4382,13708.84,5,0,912.8,1,0,1
46,13506.11,6.0,5,0.1275,3,0.7327,19971.29,1,1,7031.12,1,0,1
20,10000.0,25.0,10,0.2459,2,0.2439,22734.43,2,1,14376.91,1,0,0
37,68320.83,6.0,8,0.1716,1,0.2486,11404.52,4,3,6579.59,0,0,1
53,81224.25,6.0,5,0.0796,0,0.2362,1000.0,9,1,17167.91,0,0,1
36,43329.92,,3,0.3448,3,0.1125,30538.55,4,1,1190.14,0,1,0
43,38298.23,15.0,9,0.5061,2,0.1919,29139.54,5,1,13984.38,0,0,1
20,80138.38,2.0,7,0.1474,1,0.2773,17916.85,1,0,8692.23,0,1,1
36,26361.54,9.0,5,0.1995,2,0.2231,13045.61,5,2,7404.11,1,1,1
37,20915.68,6.0,7,0.0449,2,0.5235,10105.37,2,4,7108.89,1,0,1
49,72690.91,20.0,11,0.4913,3,0.2663,18393.98,9,0,,0,1,0
24,55225.95,30.0,10,0.0655,2,0.7872,20262.36,9,2,8216.49,0,1,0
69,81621.92,22.0,9,0.0469,0,0.0895,14415.11,5,4,4070.36,0,0,1
58,10000.0,26.0,5,0.2597,0,0.5082,8723.71,8,4,522.77,0,0,1
50,19983.15,21.0,7,0.1859,0,0.1841,22982.88,6,0,1837.88,1,0,1
57,55358.3,26.0,11,0.1631,1,0.356,9766.25,8,3,4675.46,1,0,1
56,65441.84,3.0,9,0.201,4,0.5197,23031.26,9,0,39669.78,1,0,1
35,76174.93,23.0,1,0.4193,1,0.2377,12569.73,4,4,4506.31,0,0,0
57,59370.44,22.0,4,0.1698,0,0.3883,28304.98,4,1,1298.07,1,0,1
18,59116.38,18.0,1,0.1761,2,0.3347,6352.54,7,1,18558.63,0,1,1
28,45264.96,2.0,8,0.1598,0,0.2463,28547.54,5,3,286.99,1,0,0
45,94772.62,26.0,3,0.0535,1,0.1663,14260.66,4,0,1084.06,0,0,1
74,27424.41,2.0,2,0.5131,0,0.4062,15603.64,2,4,5135.45,0,0,0
42,63975.5,27.0,14,0.2096,4,0.3976,9600.77,2,1,778.95,1,0,1
67,30304.78,16.0,4,0.5451,4,0.2597,9026.24,4,2,6781.32,0,0,1
40,68369.46,30.0,11,0.1152,0,0.3915,6706.45,8,1,1373.59,1,0,1
48,29074.56,9.0,3,0.1754,3,0.5635,8302.17,8,3,8418.2,1,1,1
47,73595.39,21.0,11,0.1326,0,0.0584,18608.88,7,0,1001.46,0,0,1
59,57802.62,29.0,5,0.3312,0,0.1698,28294.17,4,0,13290.24,0,0,1
52,98615.98,20.0,13,0.1726,0,0.1076,22649.15,7,1,10588.96,0,0,1
24,47974.51,22.0,8,0.336,0,0.2637,14534.97,9,2,20765.26,0,0,1
33,65624.15,11.0,10,0.406,0,0.2374,13168.51,8,0,566.97,0,1,1
43,35508.59,24.0,8,0.0787,3,0.5181,30107.08,5,0,6482.79,1,0,0
65,47802.67,19.0,11,0.1897,2,0.5294,17425.23,3,4,9871.43,0,0,0
74,57643.74,6.0,7,0.1533,0,0.3355,11139.81,2,3,18636.73,1,0,1
69,16819.5,28.0,8,0.274,2,0.6897,21231.39,4,4,5263.07,1,0,0
66,19559.4,28.0,13,0.0778,0,0.2203,17190.9,9,3,24179.19,0,1,1
19,69996.48,12.0,13,0.3493,1,0.4056,20179.71,4,0,1045.24,1,0,1
18,51347.83,2.0,5,0.3658,5,0.6544,28297.39,9,2,4542.4,0,0,0
65,40176.84,1.0,10,0.2466,0,0.2149,6663.49,5,2,2335.36,1,1,1
29,36575.35,15.0,10,0.3094,1,0.4163,5964.61,3,0,1351.02,1,1,0
22,37537.78,29.0,11,0.3313,1,0.5614,20082.74,6,3,2703.75,0,0,1
54,57813.77,5.0,12,0.208,1,0.3004,18939.39,9,4,8742.27,1,0,1
49,66125.9,6.0,11,0.2354,3,0.2191,6907.79,8,4,5280.83,1,1,1
72,10000.0,4.0,13,0.2945,1,0.0803,28449.5,3,4,1602.73,1,0,1
26,90320.85,6.0,6,0.5847,0,0.2066,18876.52,4,3,257.87,1,0,1
58,88542.52,33.0,8,0.1982,0,0.3755,9486.32,4,0,20563.69,1,0,1
52,10000.0,31.0,13,0.1739,1,0.2404,13634.88,1,2,3016.61,0,0,1
36,82148.17,12.0,1,0.3187,0,0.6547,1000.0,5,4,1091.92,0,0,0
65,81380.47,29.0,6,0.2841,1,0.1756,17497.89,3,3,1263.98,0,0,1
33,55011.14,24.0,6,0.7117,3,0.1919,5413.96,7,3,2338.08,0,0,0
20,22570.78,20.0,11,0.1769,1,0.48,12265.74,7,4,2099.36,0,0,0
37,80380.7,20.0,13,0.1189,0,0.5495,14413.19,5,0,2623.04,0,0,1
41,48969.22,27.0,5,0.3439,6,0.4625,30267.18,5,2,2044.4,1,0,0
71,68721.97,,4,0.0644,0,0.073,26001.99,1,2,4506.03,1,0,1
73,110480.03,33.0,1,0.4804,0,0.549,1000.0,4,3,11605.93,0,0,0
50,61295.92,4.0,11,0.2041,1,0.3822,8104.18,1,0,220.44,1,0,1
41,32077.88,17.0,10,0.3234,0,0.3939,17794.84,1,1,1690.34,0,0,0
69,46606.73,10.0,11,0.0883,1,0.4203,15064.97,8,2,9957.97,0,0,1
28,35263.87,16.0,8,0.2597,2,0.4486,24742.75,9,1,1289.62,1,1,0
66,65837.24,21.0,6,0.0255,1,0.6091,6927.31,2,3,10817.6,1,0,1
25,34848.31,19.0,3,0.4071,0,0.333,13607.28,9,2,5785.71,1,0,1
53,43178.71,5.0,12,0.5042,1,0.5795,8433.92,1,0,17070.5,1,0,0
55,22889.24,33.0,3,0.2315,1,0.4263,16345.31,9,1,81.7,0,0,1
57,51697.82,13.0,12,0.5014,1,0.4803,11737.5,1,4,12273.03,1,0,1
37,59418.87,22.0,6,0.3975,0,0.1768,21038.71,8,1,6793.0,0,0,1
52,10000.0,19.0,12,0.5059,0,0.3104,10721.32,1,3,5062.12,1,1,0
65,61489.34,12.0,7,0.4911,0,0.6884,9369.05,8,3,1259.97,0,1,0
42,53857.49,31.0,8,0.4177,2,0.3836,34739.19,1,3,2133.25,1,1,1
52,35875.2,25.0,5,0.6904,1,0.6004,25916.69,8,0,12335.35,1,0,0
42,105715.72,13.0,10,0.2129,1,0.4955,23980.27,2,0,1290.83,0,0,0
46,78961.91,7.0,6,0.3708,4,0.3578,9968.61,5,3,5995.15,0,0,1
35,27589.94,21.0,12,0.1766,2,0.185,6709.87,7,2,1861.81,0,0,1
63,75955.92,21.0,1,0.1986,1,0.3071,1000.0,8,4,5375.34,1,0,1
35,86112.45,15.0,6,0.41,1,0.3058,17381.43,6,0,2352.18,1,1,1
19,58300.52,26.0,9,0.0914,1,0.5885,20152.83,8,2,3459.96,0,0,1
71,64036.05,9.0,10,0.2985,1,0.3801,7961.46,3,1,12973.87,1,1,0
52,63458.67,24.0,4,0.2192,1,0.36,18418.12,7,1,302.59,1,0,1
33,10000.0,30.0,14,0.3173,2,0.3249,1000.0,7,2,20647.61,0,0,1
58,50328.26,20.0,14,0.4899,1,0.4745,39336.42,2,4,3078.03,0,0,0
53,49027.18,26.0,10,0.2834,3,0.2594,6957.55,3,1,7251.55,0,0,0
50,90753.89,16.0,13,0.4542,1,0.398,7570.03,8,2,2005.71,0,0,1
21,63343.2,32.0,1,0.1059,2,0.4625,8737.74,9,2,3554.5,1,0,1
50,47559.73,30.0,14,0.6408,1,0.6046,23143.14,2,3,4924.53,0,1,0
31,52746.88,25.0,11,0.351,2,0.4903,21089.87,9,2,9337.18,0,0,1
38,,20.0,9,0.3935,0,0.4474,16342.86,3,4,16514.23,1,0,1
65,50385.38,0.0,4,0.1312,0,0.6709,34818.4,1,3,16087.05,0,0,1
37,37545.11,3.0,2,0.1358,3,0.1655,17648.03,1,4,3287.95,0,1,1
73,48107.45,3.0,1,0.1598,2,0.4374,18018.4,7,4,743.17,0,0,1
25,78517.4,25.0,3,0.3133,1,0.7026,20124.44,8,3,20724.13,1,1,1
24,67404.12,3.0,7,0.1504,2,0.421,11058.61,1,3,249.42,1,1,0
20,56106.7,8.0,11,0.2429,1,0.4321,1920.8,7,1,17033.4,1,0,0
34,59788.48,29.0,10,0.1025,2,0.3433,12584.05,7,1,209.29,0,0,1
50,41006.44,3.0,2,0.2813,1,0.0959,1000.0,7,3,30047.21,0,1,1
65,50151.26,4.0,9,0.3769,1,0.3471,22447.75,6,4,89.68,0,1,1
29,38417.39,22.0,12,0.1385,1,0.4652,17602.33,4,0,137.16,0,0,1
68,47630.52,15.0,13,0.1546,4,0.4295,7877.56,4,2,5685.79,1,0,0
39,88654.46,21.0,11,0.247,1,0.2805,11934.89,6,3,8791.37,1,0,1
72,28053.2,7.0,2,0.0768,1,0.295,18935.87,8,2,3480.57,0,0,1
39,37782.06,32.0,5,0.3512,3,0.6064,19824.06,8,1,7449.14,1,0,1
63,23642.53,15.0,8,0.5008,0,0.3579,16836.09,3,2,,0,1,0
47,18227.28,4.0,13,0.3822,2,0.2683,2445.67,6,1,12700.8,0,0,1
55,50330.7,15.0,13,0.1217,3,0.4596,1000.0,4,3,17238.76,0,0,0
55,39559.77,6.0,12,0.2346,2,0.1607,11885.57,9,1,1386.85,0,0,1
62,99042.22,0.0,10,0.2188,2,0.2337,20421.17,7,4,2035.39,0,0,1
68,47928.84,8.0,8,0.714,1,0.2149,12040.61,8,4,7088.29,1,1,1
71,87234.92,17.0,3,0.1594,1,0.4604,22846.05,1,4,10289.26,1,0,1
25,79200.16,2.0,2,0.6721,1,0.1125,28347.21,4,2,908.6,0,0,0
44,49776.15,23.0,9,0.2249,0,0.2459,10021.2,6,2,1545.11,0,1,1
44,107753.39,27.0,3,0.3652,1,0.163,2655.16,6,0,20504.42,0,1,1
51,61713.35,9.0,8,0.2259,2,0.3313,22961.73,2,2,209.42,0,0,1
38,92825.23,8.0,2,0.1883,1,0.5833,36753.73,7,0,4110.55,0,0,0
47,89914.92,12.0,3,0.1878,3,0.6416,14842.55,3,3,1894.45,0,1,0
50,65366.2,34.0,1,0.0285,4,0.6375,9674.7,6,3,11909.18,0,0,1
45,73778.27,22.0,14,0.1596,0,0.4089,25391.34,3,3,15936.47,1,1,1
64,70601.79,16.0,11,0.1674,0,0.5112,18992.82,6,3,2269.42,1,0,1
50,26393.46,6.0,6,0.2085,1,0.5446,16228.43,8,2,7130.5,0,1,1
22,56432.26,15.0,13,0.0411,0,0.3837,13594.43,5,4,14822.75,1,1,1
65,81856.18,19.0,7,0.0306,0,0.2528,14988.58,1,4,7300.49,0,0,1
36,93154.66,23.0,4,0.3002,1,0.2955,7744.9,3,1,7344.4,1,0,1
21,36984.01,4.0,1,0.2467,1,0.689,32993.96,1,3,4259.99,0,1,0
52,68220.78,5.0,3,0.3812,1,0.4359,9591.5,8,4,8467.97,0,0,1
66,58771.76,27.0,9,0.261,2,0.2415,1000.0,7,0,25818.17,0,0,0
34,52053.15,4.0,5,0.2035,2,0.3779,14268.89,4,3,2849.15,0,1,0
61,63900.07,1.0,6,0.6305,2,0.2769,18863.3,4,0,1791.13,1,0,0
45,60449.94,20.0,4,0.3937,1,0.3764,28224.41,1,2,25387.07,0,0,1
47,68535.19,17.0,1,0.2827,2,0.158,11459.88,4,3,496.5,0,0,1
46,91042.92,11.0,14,0.1736,1,0.7107,4540.16,1,3,14656.13,0,0,0
63,74603.19,16.0,5,0.1848,1,0.3414,24723.54,5,4,19245.44,1,0,0
70,62764.78,14.0,5,0.4852,2,0.1232,8998.89,5,2,1981.83,1,0,1
23,101615.63,6.0,5,0.2328,0,0.5278,19576.33,2,1,4436.96,1,0,1
52,82748.24,13.0,6,0.1813,4,0.4328,6598.48,2,0,1050.25,1,0,1
58,52690.04,0.0,11,0.4392,2,0.4962,7516.26,9,3,3657.86,0,0,0
54,24571.99,2.0,2,0.2891,0,0.1577,11549.86,2,0,4889.92,0,1,1
41,30304.23,30.0,1,0.3587,1,0.3553,4965.06,5,3,5699.75,0,0,1
46,78330.81,12.0,2,0.1874,2,0.4522,1939.26,9,3,1045.06,1,0,0
66,39242.19,17.0,13,0.3149,1,0.4428,10177.29,8,1,4135.01,1,1,1
63,29798.61,16.0,10,0.5662,3,0.3269,15395.84,2,4,7849.72,1,0,0
70,36047.87,16.0,6,0.265,0,0.3771,34848.85,2,0,5547.46,0,0,1
48,37815.39,,5,0.1931,1,0.5331,17036.5,5,0,14731.94,0,0,0
52,,19.0,5,0.3107,1,0.2764,15669.07,4,2,24139.08,1,0,1
50,51081.45,9.0,12,0.3589,2,0.3579,16315.69,3,2,13579.77,1,0,1
69,20690.63,28.0,12,0.1989,0,0.4361,18501.37,4,4,388.33,1,1,1
38,55776.12,33.0,6,0.1158,1,0.4208,14819.32,2,4,1933.24,0,0,1
49,60556.65,16.0,14,0.2442,1,0.4294,23842.4,2,2,733.48,0,1,0
40,43016.58,12.0,10,0.0519,4,0.4206,17598.56,4,2,4550.92,1,0,0
50,83897.13,26.0,7,0.4396,2,0.3505,13821.99,3,2,10293.05,0,0,0
20,44476.53,25.0,9,0.281,1,0.3979,7577.23,7,4,263.12,1,0,1
35,82708.44,27.0,7,0.0936,1,0.4264,18707.15,9,2,2485.41,0,1,1
42,69919.57,12.0,2,0.1024,1,0.0799,24445.04,1,1,788.84,0,0,1
59,78165.14,11.0,6,0.2257,3,0.3264,21175.69,7,4,4222.53,0,1,1
48,27536.23,27.0,9,0.1498,0,0.6265,11064.34,3,2,20757.63,1,0,1
71,,1.0,7,0.2519,1,0.2363,15101.48,4,4,4259.58,0,1,1
20,53679.3,33.0,2,0.3805,0,0.5736,28895.79,2,1,8057.05,1,0,1
57,19449.84,22.0,3,0.2436,0,0.4773,23201.98,5,0,3915.45,0,0,1
63,82626.52,28.0,8,0.3855,0,0.3179,19424.17,8,2,10517.93,0,1,1
41,34564.98,34.0,11,0.3548,1,0.3213,9912.09,2,1,10870.28,1,1,1
67,39760.8,10.0,9,0.3402,3,0.417,18724.05,8,3,1188.45,1,0,1
49,29667.1,32.0,4,0.0566,1,0.4169,29162.83,9,4,8472.17,1,0,1
64,72529.66,10.0,9,0.3651,2,0.4913,15975.42,5,0,3906.68,0,0,0
39,16851.76,8.0,2,0.2162,1,0.1222,1000.0,9,3,15714.46,0,0,1
40,70446.87,13.0,13,0.1319,0,0.5237,30616.44,8,2,1374.06,0,0,1
19,81112.85,8.0,11,0.3567,1,0.1244,22590.62,2,3,18217.91,0,0,1
44,68429.46,2.0,5,0.2272,4,0.3221,8864.65,5,2,5731.69,0,0,1
59,72815.71,28.0,11,0.6502,0,0.3437,13786.55,9,1,2360.55,1,0,1
19,73988.66,,2,0.0527,0,0.4011,13142.77,9,1,3259.68,0,0,1
43,31264.39,31.0,11,0.4064,0,0.6857,11763.88,8,0,40.19,1,0,0
34,90868.37,6.0,1,0.0353,0,0.3007,14364.42,2,3,23951.36,0,1,1
57,43498.09,27.0,13,0.5138,1,0.2906,21233.49,6,4,2038.88,1,0,1
50,53340.31,17.0,14,0.4728,1,0.4284,28094.31,1,1,19240.2,1,0,0
26,46684.07,4.0,5,0.0866,0,0.1601,9732.13,7,1,15336.61,0,0,1
60,67288.55,22.0,2,0.4392,4,0.4355,22130.89,6,2,3434.92,1,0,1
71,41549.07,21.0,14,0.1211,1,0.2739,8338.85,8,0,1895.02,1,0,0
65,56672.89,25.0,13,0.2875,1,0.2914,24493.78,7,0,4449.5,1,0,1
56,24116.4,11.0,7,0.1461,3,0.266,17915.7,2,2,21692.41,0,0,1
46,84116.63,18.0,8,0.6565,0,0.4079,14653.4,2,4,15454.78,1,0,0
59,71768.52,0.0,2,0.3179,1,0.4354,12858.55,2,1,5365.11,0,0,1
72,47693.51,2.0,7,0.6575,1,0.5417,24104.75,6,0,6309.31,0,0,0
43,43271.27,26.0,4,0.1706,3,0.5521,4148.99,8,2,4202.73,0,0,1
52,71115.71,17.0,1,0.1439,1,0.1081,24085.92,1,3,23167.96,0,1,1
67,37317.67,29.0,11,0.5322,1,0.3443,10505.52,2,0,36019.5,0,0,0
42,58134.13,1.0,3,0.1461,3,0.6494,21355.97,5,1,2730.39,0,1,0
41,84034.97,4.0,11,0.5533,3,0.4657,16290.78,9,1,23921.32,0,0,0
30,34718.57,28.0,12,0.1277,0,0.3872,5978.36,8,1,24033.71,0,1,1
24,64215.02,32.0,1,0.4769,1,0.2723,12253.52,1,3,5131.18,0,0,0
74,62893.13,19.0,5,0.6838,0,0.4555,7851.85,8,3,4287.81,0,0,0
53,52566.58,29.0,13,0.424,2,0.2,4080.12,7,1,16279.09,1,0,1
62,42405.26,4.0,8,0.0436,1,0.5748,17978.24,9,2,22925.81,0,0,1
37,85369.93,20.0,1,0.3011,1,0.1513,1420.91,4,2,4118.39,1,0,1
18,40060.78,14.0,14,0.0689,1,0.1302,8898.5,6,1,5421.37,0,0,1
25,10000.0,,9,0.1244,0,0.1907,18161.28,4,2,3254.52,1,0,1
63,71013.34,7.0,3,0.4108,4,0.6534,6836.36,4,4,1875.1,0,0,0
33,24967.42,30.0,5,0.2913,2,0.4431,24805.67,9,1,44611.02,0,1,1
31,72297.03,11.0,9,0.4124,1,0.5849,31650.64,1,0,1674.22,1,1,1
29,88372.58,20.0,5,0.4853,1,0.4135,27768.45,7,4,13463.74,1,0,0
68,70743.75,29.0,9,0.1921,1,0.5425,18871.08,8,4,4365.87,0,1,0
40,81785.28,26.0,10,0.376,1,0.4844,13759.52,6,2,698.98,1,0,1
32,105501.23,25.0,8,0.3402,2,0.5113,15969.57,1,4,3143.52,1,1,1
45,79169.01,32.0,7,0.2938,1,0.1451,28342.19,6,3,694.34,0,1,1
51,63264.33,25.0,11,0.5185,4,0.0507,4735.94,4,2,32116.75,1,0,1
19,95848.7,25.0,1,0.1688,1,0.1341,1000.0,8,2,2465.26,0,0,1
49,98869.39,0.0,4,0.2335,3,0.572,13218.39,7,3,10964.51,1,0,1
40,99219.29,14.0,9,0.3288,0,0.2415,16947.66,8,4,4435.69,1,1,1
39,42696.41,0.0,10,0.1425,1,0.526,23238.94,1,2,9101.12,0,1,0
68,21149.54,10.0,8,0.096,2,0.2873,22571.8,9,2,2355.76,1,0,1
42,41170.2,1.0,4,0.6049,1,0.3399,27236.57,3,0,790.95,1,0,0
39,72591.04,0.0,12,0.1324,2,0.5123,15214.97,2,2,13224.94,1,0,0
39,58978.97,30.0,1,0.1744,1,0.3419,14479.96,9,2,10090.44,1,1,1
66,49837.98,15.0,10,0.1655,2,0.4899,16191.96,1,3,926.93,0,0,0
69,69012.03,21.0,4,0.2757,2,0.1691,5978.15,6,2,10502.79,0,0,1
59,18229.87,17.0,3,0.4462,1,0.5958,26108.59,5,2,7283.28,1,0,0
23,,16.0,6,0.2815,2,0.5872,12442.58,4,4,1505.0,1,1,0
32,82961.44,29.0,11,0.4864,2,0.4963,12518.11,1,2,13971.51,0,1,0
71,68732.89,9.0,5,0.3176,2,0.2016,16944.04,2,1,9602.5,1,0,1
60,72295.25,34.0,5,0.138,1,0.301,8641.92,4,1,5655.04,1,0,1
54,94934.32,20.0,2,0.2118,1,0.204,13147.03,6,0,1574.3,1,1,1
50,53346.42,15.0,12,0.2329,0,0.4124,19079.41,6,1,6215.09,0,0,1
25,38672.71,5.0,3,0.3968,0,0.3196,26454.06,5,1,1420.68,0,0,0
70,84737.88,2.0,11,0.0561,0,0.5587,17162.7,8,3,1626.26,1,0,1
61,84278.02,20.0,6,0.3975,0,0.0709,29466.42,3,3,2209.65,1,0,0
61,68957.29,12.0,2,0.5553,3,0.4028,13085.52,9,0,8502.37,0,0,0
22,50990.72,17.0,4,0.2279,0,0.5168,1155.33,4,3,9106.86,1,0,1
56,55034.49,23.0,2,0.5022,0,0.2173,3277.58,1,2,604.36,0,0,1
21,23080.68,26.0,9,0.213,3,0.2626,18824.78,6,0,8419.09,0,1,1
23,82823.66,3.0,3,0.0796,2,0.2089,12822.22,2,2,281.68,0,0,1
62,81941.28,21.0,10,0.2121,0,0.154,23708.54,4,4,18829.92,1,1,1
49,22207.93,23.0,10,0.5627,0,0.2631,16649.16,3,3,12064.62,0,1,1
69,76690.8,9.0,6,0.4032,1,0.4929,15799.23,3,2,10310.19,0,1,1
47,65102.54,1.0,1,0.1584,1,0.3784,6366.12,2,4,2187.17,0,0,0
64,29450.65,5.0,13,0.0523,0,0.3736,1000.0,8,3,35093.41,1,0,1
52,24849.99,17.0,11,0.0979,0,0.336,11373.8,2,3,,0,0,1
72,64337.33,16.0,14,0.3372,0,0.2899,5739.95,1,0,5385.56,0,1,1
57,45057.4,22.0,10,0.3399,1,0.3808,2586.64,5,1,282.43,1,1,1
69,100498.72,29.0,3,0.3599,0,0.1805,16336.9,1,1,5729.54,0,0,1
33,78814.96,20.0,8,0.4126,1,0.097,21654.72,6,2,1337.68,1,1,1
30,66842.33,9.0,5,0.027,0,0.3866,18391.36,5,0,7185.59,1,0,1
67,68076.98,12.0,8,0.2035,0,0.2902,18063.41,1,1,34491.56,1,1,1
59,88271.68,11.0,2,0.1211,0,0.2636,8418.78,7,2,11315.04,0,0,1
47,76162.95,8.0,7,0.2096,1,0.2297,4777.49,3,2,3111.92,0,0,0
36,67494.16,3.0,9,0.2718,2,0.4578,6777.99,2,1,4009.11,0,0,0
34,30493.47,23.0,7,0.167,1,0.6647,23375.27,9,4,23141.82,1,1,0
73,131548.67,33.0,3,0.5167,4,0.3651,13479.45,3,2,933.75,0,0,0
36,27420.43,4.0,7,0.1539,0,0.3099,29731.73,8,1,17670.07,0,0,1
45,47186.43,14.0,8,0.5673,0,0.2154,23442.3,4,4,619.66,1,1,1
72,13631.79,3.0,14,0.3238,2,0.3765,29563.21,6,1,4284.39,1,0,0
43,68469.95,7.0,1,0.2126,1,0.6281,15155.63,8,2,10946.09,0,0,1
54,58777.76,23.0,13,0.3061,0,0.1719,16726.29,4,4,4021.1,0,1,1
43,74131.91,27.0,13,0.0756,3,0.2123,4004.86,3,2,6772.63,1,0,1
70,11523.36,26.0,3,0.636,1,0.3371,15208.95,9,1,5399.0,0,0,0
40,82822.64,0.0,5,0.3558,0,0.6658,21830.36,7,0,7423.75,0,1,0
26,34814.11,33.0,12,0.3045,0,0.0681,35607.49,9,0,1499.68,1,1,1
29,51274.87,16.0,6,0.4778,1,0.2545,10339.64,3,1,6903.74,0,1,1
70,78289.28,25.0,3,0.4485,0,0.3681,6159.25,1,3,34906.82,1,0,0
18,61531.67,23.0,4,0.3677,2,0.3193,23597.01,3,4,1724.29,1,1,0
18,63298.56,20.0,5,0.2398,0,0.4872,7491.87,7,0,554.36,1,0,1
64,74979.47,29.0,3,0.5492,3,0.366,11384.34,1,1,3977.89,0,0,1
51,65719.77,12.0,4,0.155,0,0.1091,30486.57,5,3,3751.87,1,1,1
49,46472.3,2.0,5,0.0885,4,0.1462,11688.96,5,2,1074.99,0,0,1
71,50838.27,31.0,2,0.3617,0,0.3462,21931.87,3,2,6779.26,0,0,1
65,60296.97,34.0,10,0.5662,1,0.3841,26567.52,8,2,4604.23,1,0,0
42,32611.1,18.0,9,0.0874,3,0.3759,10235.85,1,1,14506.46,0,1,1
57,79900.22,13.0,10,0.1395,1,0.1544,13203.43,9,4,4398.71,0,0,1
62,62216.35,21.0,8,0.5657,0,0.2154,13892.27,7,1,33959.36,0,0,1
70,56869.41,16.0,12,0.1098,1,0.2029,16649.16,1,3,12107.53,0,1,1
18,84812.41,3.0,6,0.5188,2,0.4802,7077.81,2,4,5346.86,0,1,0
33,51997.16,18.0,10,0.4391,2,0.3226,11776.85,2,2,6427.18,0,0,1
56,50439.48,1.0,11,0.2031,1,0.0911,1000.0,1,0,16124.26,1,0,1
22,42884.28,14.0,3,0.2664,3,0.494,6352.9,1,0,11903.22,1,0,1
39,63576.68,1.0,11,0.3967,2,0.2269,19031.76,2,0,8577.37,0,1,1
46,62711.25,10.0,2,0.1691,5,0.2125,21925.55,6,3,2482.8,0,0,0
72,38342.89,22.0,7,0.1608,1,0.5083,21059.93,5,2,4225.77,1,1,1
20,50557.65,9.0,8,0.4356,0,0.2591,28251.89,5,0,12378.65,1,1,1
29,38509.94,2.0,10,0.5122,1,0.1873,23283.04,2,4,7899.4,0,1,1
43,37378.29,4.0,1,0.2799,1,0.1365,11514.94,7,0,25079.83,1,0,1
33,11752.55,2.0,14,0.1116,1,0.2826,21266.3,3,3,16501.26,0,1,0
68,49227.24,12.0,6,0.4071,3,0.5522,5666.34,9,0,4456.26,0,0,0
54,12444.67,18.0,7,0.1133,1,0.515,7764.21,8,3,2783.05,0,0,1
39,43429.61,34.0,13,0.3189,0,0.4951,16934.98,9,3,1059.74,0,0,0
74,39682.63,23.0,9,0.4648,2,0.3868,7258.09,9,4,4188.96,0,0,1
46,81297.38,23.0,12,0.3065,1,0.3696,1234.85,6,3,2056.52,0,0,0
31,29626.63,16.0,3,0.3684,1,0.7111,17914.83,5,1,134.78,0,0,0
45,35970.34,9.0,2,0.1172,1,0.5986,22907.62,2,2,1189.99,0,0,1
22,45461.9,1.0,5,0.2878,1,0.067,23658.83,7,3,4826.62,1,0,1
64,40496.41,,13,0.552,2,0.4062,26367.02,5,1,17835.91,1,0,0
66,89231.37,5.0,10,0.1712,0,0.2521,22612.4,8,1,3096.6,0,0,1
47,26535.82,1.0,1,0.4186,2,0.2695,10916.26,5,0,4654.57,0,0,0
63,45514.89,20.0,13,0.3461,0,0.4315,14229.54,1,4,3877.01,0,1,1
69,63301.63,34.0,6,0.3427,0,0.0922,12289.73,3,0,3683.28,1,0,1
22,77029.58,28.0,9,0.1998,3,0.3632,13981.08,1,4,10259.48,0,1,1
29,45493.96,6.0,10,0.2139,2,0.4019,18813.46,5,0,5642.26,0,0,1
33,10000.0,28.0,9,0.3701,2,0.3351,11589.9,6,0,4199.98,1,0,1
43,51247.39,22.0,7,0.2698,0,0.2833,8802.86,7,1,22963.02,0,1,1
43,88800.71,32.0,14,0.1899,0,0.2634,15395.96,5,2,,0,0,1
65,62054.69,7.0,11,0.1441,2,0.3169,30223.2,5,1,14310.9,0,0,1
38,60910.45,11.0,7,0.4505,0,0.1681,23187.67,6,0,5788.95,0,0,0
56,28424.55,9.0,8,0.5755,1,0.7079,6268.04,9,2,4662.71,0,0,0
53,25858.21,14.0,10,0.0185,0,0.5186,9241.48,2,0,,0,0,1
50,55451.04,23.0,14,0.0465,0,0.5498,22505.13,6,0,15643.21,0,0,1
47,19340.53,25.0,2,0.2423,0,0.6114,16174.23,7,2,2524.95,0,0,0
54,74534.06,2.0,14,0.7534,1,0.6732,8460.06,4,1,9099.39,0,0,0
40,33833.84,,6,0.2776,0,0.2866,22624.42,5,3,16602.21,0,0,1
27,54383.57,5.0,5,0.1653,2,0.2391,12911.53,7,0,6145.33,0,0,0
71,10000.0,20.0,5,0.3997,0,0.6834,16041.81,8,3,8188.06,0,1,1
22,45154.95,8.0,13,0.0299,0,0.3085,11562.88,3,1,3326.33,0,1,1
53,25353.49,9.0,3,0.0457,3,0.2599,4754.72,3,3,10372.77,0,0,1
51,10000.0,2.0,3,0.2753,2,0.4471,10044.03,9,1,8550.96,0,1,0
69,68546.05,23.0,6,0.42,2,0.4182,18488.06,1,3,4707.21,1,0,1
48,96028.99,21.0,12,0.4752,2,0.3807,10975.39,8,3,8054.15,0,0,0
27,83236.84,13.0,10,0.5093,2,0.4703,9841.66,5,0,2437.65,1,1,0
36,72042.27,26.0,13,0.2502,1,0.2413,4794.21,3,2,8579.36,0,0,0
49,44646.97,32.0,10,0.6204,0,0.3406,15596.62,7,2,8936.04,1,1,1
18,75147.26,21.0,7,0.4105,2,0.0947,15852.31,4,1,4708.68,0,0,1
73,85596.33,28.0,14,0.2415,4,0.331,7746.35,6,0,2294.78,0,1,1
22,58420.55,18.0,1,0.4786,1,0.3258,15429.31,5,3,12999.09,0,0,1
62,25391.0,18.0,14,0.2851,2,0.0639,15858.37,7,1,11223.53,0,1,1
21,42515.39,5.0,3,0.2096,0,0.0867,16828.54,7,2,470.29,0,0,1
33,97567.41,18.0,12,0.4116,0,0.2793,16331.9,3,3,5453.99,0,1,1
41,53131.4,12.0,1,0.0673,2,0.0708,9461.77,5,0,773.06,0,0,1
33,10000.0,25.0,10,0.46,2,0.6915,16926.51,2,1,3080.16,0,0,0
72,18276.91,21.0,3,0.1292,1,0.2806,14574.92,2,4,4388.76,1,0,0
19,44388.78,20.0,5,0.409,1,0.4105,16364.21,5,0,1557.29,1,0,0
66,80895.63,1.0,9,0.3721,2,0.211,20840.47,5,1,5062.48,0,0,1
45,48171.94,29.0,3,0.174,1,0.3081,22126.78,9,3,9799.43,1,0,0
49,81360.79,26.0,10,0.4778,2,0.4071,19458.49,8,1,4595.31,1,0,0
44,41845.94,6.0,14,0.2295,1,0.2567,17990.13,8,0,2134.04,0,1,1
37,10000.0,19.0,10,0.3892,1,0.5081,24661.8,4,2,4286.66,0,1,0
41,42710.97,30.0,9,0.4568,0,0.472,8362.4,9,2,7179.89,1,0,1
29,63623.63,22.0,1,0.4855,2,0.7516,6198.96,1,0,22040.17,1,0,0
67,61548.76,12.0,6,0.3549,2,0.4788,24978.09,6,3,5536.3,0,0,1
52,23622.31,16.0,9,0.5067,0,0.5388,23798.84,5,2,17504.27,0,0,1
50,46220.09,3.0,12,0.1792,1,0.1332,21827.35,3,4,33364.26,1,0,0
50,122116.86,13.0,5,0.5113,1,0.3264,12736.92,1,4,6550.02,0,0,0
68,24168.28,19.0,11,0.257,1,0.292,27868.8,5,4,1272.61,1,0,1
60,71518.08,12.0,14,0.1316,1,0.3525,8521.15,1,1,16655.59,0,0,0
54,10000.0,2.0,10,0.132,1,0.4164,10272.63,6,3,15864.69,1,0,1
29,76594.8,25.0,2,0.2214,0,0.3119,5649.26,3,3,16233.67,1,0,1
20,32691.87,25.0,5,0.5703,2,0.3759,10689.15,3,2,24054.2,1,0,0
18,65052.21,17.0,1,0.1807,2,0.4609,15429.55,3,0,2588.52,0,0,1
50,22711.86,31.0,9,0.0974,0,0.307,11041.51,3,4,3244.89,0,0,1
57,62271.32,13.0,10,0.4173,1,0.1819,19576.65,3,4,9294.9,0,1,0
27,32283.74,2.0,13,0.3874,0,0.1557,17738.45,2,0,6639.13,0,0,1
60,37123.8,0.0,10,0.3121,2,0.2826,19890.8,5,0,16222.03,0,1,1
61,66049.65,25.0,9,0.1298,1,0.4851,23848.09,6,4,2349.67,1,0,1
46,44240.36,,6,0.1854,0,0.2241,24600.32,6,0,8593.14,0,0,1
30,64509.54,34.0,11,0.2876,1,0.4631,15445.7,2,1,22562.12,0,0,0
29,50228.97,13.0,9,0.3585,3,0.4201,16588.04,1,2,1945.46,1,1,0
48,56687.34,2.0,14,0.3142,0,0.3362,9859.67,4,1,2932.41,0,1,1
63,66127.16,12.0,3,0.233,2,0.3057,31466.0,8,4,4186.13,0,0,1
19,46249.54,13.0,4,0.5099,1,0.4392,4674.87,1,2,728.98,1,1,0
68,30098.76,20.0,13,0.3148,0,0.3541,7464.62,7,2,1557.13,0,0,0
67,41692.19,25.0,6,0.2777,2,0.6397,11127.14,5,2,3851.35,0,1,0
52,84878.48,2.0,4,0.4514,1,0.2184,1000.0,8,3,618.45,0,0,0
40,57904.33,3.0,1,0.4255,0,0.4607,13129.62,2,3,3603.42,1,0,1
34,33877.54,0.0,7,0.2572,1,0.1875,15433.44,1,2,2239.21,1,0,1
43,65039.02,32.0,5,0.2039,1,0.6207,9082.29,9,3,15990.9,0,1,1
25,66707.89,6.0,14,0.2309,1,0.5547,15762.96,4,1,7502.03,1,0,0
46,67999.98,10.0,8,0.6403,3,0.2862,3882.19,4,4,18300.79,0,1,0
43,30554.07,26.0,9,0.3631,3,0.2327,7023.94,2,4,1814.07,0,1,1
27,37940.23,13.0,5,0.205,0,0.6686,19443.79,2,4,681.48,1,0,0
43,38079.27,21.0,8,0.37,0,0.1896,18930.32,5,0,3496.23,0,0,1
51,45983.8,15.0,13,0.4622,0,0.6671,16568.85,2,1,464.64,1,0,0
68,68472.98,11.0,1,0.1415,0,0.154,20690.39,6,4,17199.88,1,1,1
58,62404.62,9.0,1,0.335,2,0.115,14589.1,7,4,1667.54,0,0,1
24,64380.42,23.0,7,0.543,1,0.3889,19461.12,2,4,1216.57,1,0,0
21,88850.48,17.0,6,0.4214,1,0.4004,11089.27,8,4,12401.13,0,0,0
70,72222.27,21.0,5,0.4937,0,0.4897,5680.9,9,3,9969.68,1,0,1
67,51454.96,8.0,14,0.5174,0,0.1929,15592.67,3,3,469.14,0,1,1
62,25402.87,16.0,5,0.2856,1,0.1527,22815.21,4,1,5699.7,0,0,1
28,37136.32,12.0,14,0.2656,2,0.5975,13718.24,7,1,4765.98,1,0,0
46,48457.37,5.0,9,0.4472,2,0.2067,9502.33,1,4,3913.26,0,0,0
73,75728.25,,1,0.2247,0,0.6861,18559.72,4,4,1083.81,0,0,1
53,54316.7,6.0,8,0.3342,2,0.2522,2859.31,1,4,12384.94,0,0,1
42,38595.1,24.0,2,0.4144,1,0.3513,19503.66,2,0,2195.03,1,0,1
38,36677.68,10.0,7,0.286,1,0.4098,5217.8,9,2,4903.39,0,0,1
74,53260.54,13.0,6,0.1368,0,0.4077,17711.85,2,3,17033.38,1,1,1
53,77249.69,28.0,10,0.1581,4,0.3512,24367.39,3,4,3064.65,1,1,0
27,94775.48,9.0,2,0.42,1,0.0498,6857.14,6,0,291.09,0,0,1
54,49855.79,4.0,12,0.3533,0,0.2987,28969.5,1,0,17595.35,1,1,1
26,53881.42,7.0,13,0.2877,3,0.3876,22599.71,7,0,5448.02,0,0,0
41,24651.46,4.0,3,0.1984,2,0.3838,20168.67,8,3,5498.32,1,0,1
52,103479.81,23.0,4,0.2348,2,0.3273,11714.48,9,2,6413.27,0,0,1
66,19974.93,25.0,7,0.3542,0,0.6622,23193.08,9,4,1586.96,0,0,1
52,84291.56,5.0,8,0.3156,1,0.243,15665.0,5,4,10038.93,1,0,0
65,45866.6,15.0,13,0.3922,1,0.3199,17201.62,5,2,2105.28,1,0,1
53,40015.84,11.0,11,0.1723,2,0.2844,28276.79,4,3,2866.53,0,0,1
35,27249.91,10.0,2,0.2004,1,0.2189,17472.83,4,0,7979.77,0,0,1
66,115251.22,2.0,8,0.0784,0,0.2524,16398.82,1,4,11082.56,0,0,1
56,60537.29,5.0,11,0.5707,3,0.6405,15223.56,7,0,10492.97,1,0,0
49,55532.01,18.0,9,0.2743,0,0.4402,9544.06,8,2,694.49,1,0,1
41,77168.31,17.0,7,0.0698,0,0.5435,18719.38,4,4,11238.18,0,1,1
40,38729.18,15.0,1,0.0562,0,0.4731,13487.64,3,4,8694.86,0,0,1
49,55046.15,22.0,6,0.1871,2,0.477,25854.16,3,4,7432.9,1,0,1
54,56408.41,8.0,8,0.0246,3,0.5566,24993.39,7,1,27259.56,1,0,1
29,42196.36,2.0,5,0.6506,2,0.2975,12218.88,6,2,3407.29,0,0,0
66,84990.95,7.0,12,0.1082,2,0.5267,14049.34,1,2,9193.0,0,1,0
72,49533.64,3.0,2,0.4175,0,0.2156,5792.84,1,0,6812.15,0,0,0
30,16171.7,11.0,5,0.2807,2,0.3648,1000.0,1,3,3927.66,0,0,0
40,47462.57,30.0,8,0.3337,0,0.6593,18652.38,5,4,12418.4,1,1,1
42,61229.47,24.0,2,0.1242,0,0.2451,10865.08,1,4,4128.69,0,0,1
52,32662.67,15.0,1,0.4883,3,0.3913,20272.13,7,4,6541.63,0,1,0
58,34635.13,13.0,4,0.1534,1,0.2394,7997.34,9,2,6579.26,0,0,1
47,41343.52,12.0,4,0.5181,0,0.2063,12925.02,3,4,5728.5,1,1,0
34,85530.89,6.0,9,0.4958,1,0.2814,14194.1,4,2,,1,0,0
66,42821.05,11.0,3,0.2702,2,0.3008,13908.03,7,3,1469.26,0,0,1
37,90727.93,3.0,4,0.3321,0,0.3095,1000.0,2,3,2204.4,0,0,0
65,39626.24,1.0,3,0.481,0,0.4991,21469.94,4,2,1054.58,1,0,1
42,63125.35,34.0,2,0.2772,0,0.4185,14058.66,7,4,10284.1,0,1,0
39,43843.93,2.0,4,0.2038,1,0.4365,5014.51,9,2,10909.84,0,1,0
30,73852.08,3.0,14,0.1841,3,0.2653,24605.66,8,4,8140.59,1,0,1
36,27043.15,11.0,8,0.401,2,0.2526,24937.45,4,4,19973.55,1,1,0
66,73571.49,18.0,1,0.0162,0,0.1432,16339.0,2,1,2462.69,0,0,1
53,57846.74,9.0,8,0.1156,1,0.4721,14179.05,9,2,13764.02,0,0,1
29,39000.2,0.0,8,0.0975,0,0.3492,12702.96,4,0,1644.72,1,0,1
58,50844.46,16.0,3,0.4517,0,0.2423,6741.46,9,0,561.86,0,0,1
36,93346.37,15.0,14,0.2419,0,0.3771,14273.25,9,3,1.03,1,1,1
29,58446.11,8.0,10,0.1256,1,0.4238,1000.0,5,4,6952.08,0,1,1
26,37431.8,8.0,10,0.34,2,0.367,23526.95,6,4,12067.35,0,1,1
24,24882.67,8.0,12,0.2035,0,0.1918,9139.57,6,1,13852.23,1,0,1
45,67635.11,11.0,12,0.4393,0,0.235,2660.98,5,4,5088.91,0,1,1
31,59896.13,14.0,6,0.1449,1,0.5992,5282.72,7,3,484.12,0,0,0
48,72375.52,1.0,13,0.099,1,0.2661,14368.4,7,2,291.34,0,0,1
69,18444.38,10.0,13,0.3339,2,0.2431,18082.8,7,2,19945.28,1,0,1
36,25693.49,10.0,4,0.2301,1,0.1755,11872.44,6,3,780.38,0,1,1
64,83671.98,7.0,13,0.0614,2,0.3063,10012.41,2,1,12284.47,0,0,1
33,63283.54,31.0,1,0.3324,1,0.6265,7383.55,8,2,576.84,1,0,0
70,68335.02,5.0,14,0.16,1,0.2332,22145.53,4,3,1620.34,1,0,1
22,30932.82,19.0,1,0.2277,1,0.2013,19640.87,6,4,1422.18,1,0,1
52,30475.32,34.0,5,0.4814,1,0.3982,17019.25,7,2,2595.95,0,0,0
29,79781.47,7.0,12,0.3494,3,0.4431,5530.41,1,3,4162.03,0,0,1
42,,33.0,8,0.2432,0,0.1818,11121.1,6,1,1065.75,0,1,1
69,27792.01,18.0,1,0.3886,2,0.6335,11062.38,8,2,28942.54,1,0,0
38,23015.74,6.0,2,0.2322,0,0.4899,28721.83,5,1,16.04,0,1,0
53,52285.18,30.0,7,0.0655,0,0.2867,15780.98,8,0,11831.43,0,1,1
70,35016.29,17.0,8,0.1858,2,0.1615,10482.07,6,1,5980.96,0,1,1
40,34495.58,,12,0.3437,3,0.3855,29052.55,7,3,715.69,1,1,0
33,23715.54,16.0,14,0.1325,1,0.6225,21223.35,9,4,1022.96,0,1,1
74,43289.15,8.0,3,0.6475,1,0.6312,21477.64,7,2,7132.77,0,0,0
56,26132.63,19.0,11,0.2502,1,0.0698,25465.21,2,1,3029.65,0,1,1
62,27614.98,27.0,12,0.0643,0,0.4421,22825.85,8,2,4785.45,1,1,1
70,62459.8,19.0,13,0.2996,2,0.357,11226.98,1,2,6373.66,1,0,1
59,53620.04,26.0,8,0.4671,2,0.3539,13600.3,1,3,6814.3,0,0,1
56,67121.97,7.0,1,0.5017,1,0.3276,18078.63,6,3,6989.89,0,1,1
31,13774.16,31.0,9,0.5402,2,0.2873,15866.07,8,0,581.0,1,0,0
48,55247.02,0.0,12,0.2814,0,0.2944,1000.0,1,4,10791.33,1,0,1
22,106890.94,16.0,2,0.1209,0,0.3788,3783.41,1,0,2779.5,0,1,1
52,45693.19,8.0,14,0.2842,0,0.3337,14814.73,5,3,972.2,0,0,1
40,75618.73,19.0,13,0.1505,2,0.3306,1000.0,3,0,862.47,0,0,1
46,75400.17,31.0,2,0.0928,0,0.2589,4549.53,1,1,2164.14,0,1,1
60,76629.97,1.0,4,0.132,1,0.3029,11115.19,2,1,7925.53,1,1,1
28,59166.54,31.0,12,0.3862,1,0.4418,15591.72,4,2,5108.1,0,1,1
35,69152.15,8.0,10,0.1684,0,0.6192,19903.7,8,0,906.01,1,1,0
64,72475.34,29.0,3,0.2047,0,0.4237,22197.33,6,0,263.1,0,0,1
29,70886.15,19.0,4,0.3822,0,0.1952,17362.39,4,3,199.8,0,1,1
26,27064.55,0.0,6,0.1065,1,0.6065,22873.77,7,0,4372.89,0,0,1
27,12315.39,4.0,7,0.2129,0,0.5952,8940.12,9,2,12414.6,0,0,0
61,16160.41,34.0,5,0.2695,2,0.3388,7019.99,6,3,6819.57,1,0,1
34,48246.0,0.0,2,0.2273,0,0.2157,13516.86,1,2,13272.32,1,0,1
55,69848.17,13.0,3,0.0053,0,0.8326,20273.55,8,1,3078.11,0,0,1
24,27389.72,8.0,10,0.0472,3,0.337,21526.35,3,3,1209.76,1,0,1
63,78099.26,29.0,11,0.7109,0,0.4095,24914.96,5,4,12996.48,1,0,1
30,42443.12,23.0,3,0.2638,2,0.3456,19374.97,2,2,10410.97,0,0,1
57,42681.12,,14,0.1491,1,0.2058,30609.16,1,4,7115.38,0,1,1
59,34097.33,13.0,5,0.15,2,0.5087,21203.78,7,4,17496.92,0,0,0
26,10000.0,24.0,12,0.0909,1,0.4979,14482.94,3,2,7968.74,0,0,1
67,60732.85,3.0,11,0.5889,0,0.4688,22927.88,4,3,5969.27,0,1,0
44,97816.69,24.0,12,0.2189,1,0.1262,27453.6,2,4,5582.22,0,0,1
19,53433.39,9.0,5,0.1724,1,0.5357,3566.99,4,3,7685.6,0,1,1
22,10000.0,34.0,4,0.2321,0,0.2198,11600.06,9,4,5815.71,1,1,1
46,74508.57,6.0,8,0.1828,1,0.7264,6997.62,9,2,2547.34,0,1,0
54,14380.05,12.0,6,0.0953,0,0.2441,13832.43,1,0,24610.77,1,0,1
55,24774.14,3.0,6,0.1961,2,0.3715,10697.38,7,3,25372.43,1,0,1
36,49041.55,13.0,1,0.5161,0,0.6337,19127.95,3,4,1460.29,1,0,1
25,58071.09,17.0,6,0.2011,1,0.3846,25177.77,5,0,6050.31,0,0,1
65,29783.4,7.0,3,0.1544,2,0.4248,25121.09,5,0,12470.56,1,0,1
62,48067.1,31.0,13,0.2317,1,0.6323,21973.77,4,0,,0,1,0
18,72879.06,26.0,6,0.3184,1,0.1616,17559.9,1,2,1055.12,1,0,1
39,76304.47,22.0,10,0.4859,0,0.5179,7696.25,9,2,6297.78,0,0,1
69,86286.41,6.0,13,0.1163,2,0.5067,24557.79,5,2,229.99,0,0,1
34,102735.47,11.0,11,0.2787,0,0.1627,25621.15,2,2,14317.7,1,1,1
24,75247.23,24.0,13,0.2888,2,0.2727,1000.0,2,3,16519.0,1,0,1
42,49581.59,2.0,6,0.3722,0,0.1969,32104.82,4,4,10663.87,1,0,1
62,76482.84,25.0,2,0.5183,2,0.2215,2989.77,2,3,13824.0,1,0,1
21,66667.91,3.0,1,0.1151,2,0.5746,8327.8,5,0,8910.93,0,1,1
53,67659.17,14.0,11,0.505,1,0.5017,20035.55,2,4,1223.97,0,0,0
23,59430.47,31.0,3,0.3666,3,0.2548,6327.0,4,4,242.47,1,0,0
48,32198.65,28.0,5,0.3737,0,0.3938,14878.54,4,0,,0,0,1
36,29297.59,9.0,4,0.3201,2,0.3676,6113.09,3,1,9825.05,0,0,1
61,52572.04,20.0,7,0.3464,0,0.2685,20522.12,7,4,4066.12,0,0,1
71,58722.75,,4,0.1363,2,0.2936,13206.13,2,3,12749.98,1,0,1
56,38013.98,18.0,8,0.1839,1,0.2305,11549.9,5,4,438.02,0,1,1
44,65583.55,28.0,7,0.2113,3,0.5498,20822.36,2,0,3074.55,1,0,1
27,107019.15,17.0,10,0.3501,1,0.5506,11790.36,9,0,3346.58,1,0,1
43,11391.73,15.0,9,0.2256,0,0.1728,23185.53,6,3,886.34,0,0,1
36,69556.11,0.0,1,0.3201,5,0.6785,9373.36,8,0,10828.96,1,1,0
56,53350.63,1.0,5,0.0879,1,0.606,8110.6,6,4,12023.59,1,0,1
20,66266.39,14.0,13,0.6793,2,0.4232,16312.81,3,2,7000.62,1,0,0
62,44232.13,27.0,4,0.3603,3,0.187,18155.5,7,3,4328.32,0,1,1
30,51348.5,0.0,6,0.2453,2,0.498,14338.45,2,0,7472.63,1,1,0
67,58237.51,4.0,1,0.3406,1,0.1455,10867.42,4,1,18292.31,0,1,1
45,47459.15,21.0,6,0.1912,3,0.5267,6645.93,5,1,3542.25,0,0,0
37,16986.47,12.0,1,0.3376,5,0.5862,16384.19,4,2,3254.69,0,0,0
45,49152.12,0.0,14,0.2107,0,0.3891,16178.75,2,4,7798.32,0,0,1
25,19589.16,15.0,14,0.7115,3,0.5401,13089.01,2,2,9206.95,0,0,0
58,71329.83,21.0,1,0.1694,0,0.4062,28665.45,6,4,4896.21,1,1,1
56,10000.0,31.0,8,0.1997,0,0.4244,9521.45,9,1,15704.05,1,0,1
18,80716.36,15.0,2,0.222,1,0.2606,31323.86,7,0,3474.48,0,1,1
20,65739.08,14.0,10,0.3671,3,0.2558,12705.36,8,2,8193.62,0,1,0
30,65834.72,11.0,13,0.2817,1,0.473,23875.63,6,0,8816.05,0,0,0
45,10000.0,0.0,14,0.0489,1,0.7256,17693.07,8,1,2794.41,0,0,0
74,46785.01,16.0,6,0.1507,3,0.4746,24989.35,4,4,152.25,0,0,0
66,83839.09,27.0,14,0.1658,2,0.5442,32020.89,7,0,14017.8,1,0,1
42,42034.8,6.0,6,0.3977,2,0.5397,17310.1,3,1,5268.7,0,1,0
73,28048.45,8.0,6,0.0512,3,0.6015,8583.44,3,3,802.59,0,1,1
50,39083.25,21.0,8,0.5085,2,0.0666,2630.64,3,2,25277.25,1,1,1
55,53293.06,25.0,4,0.4333,0,0.0786,11284.96,5,4,2812.67,0,0,0
70,33715.74,11.0,3,0.537,2,0.2699,24767.69,6,4,5146.74,0,1,0
23,85845.43,6.0,6,0.3241,2,0.2673,25440.47,4,3,5294.23,0,0,0
61,53383.31,14.0,4,0.1869,1,0.6248,24805.03,5,2,3706.45,1,0,1
62,41110.77,20.0,2,0.1046,1,0.2111,13701.58,3,0,1315.06,0,0,1
49,22466.41,13.0,6,0.4086,0,0.2368,23523.03,8,1,9747.05,1,1,1
62,67111.17,1.0,10,0.144,1,0.3516,19244.57,6,1,1740.14,0,0,1
64,66541.66,7.0,5,0.6211,2,0.3004,8481.96,4,0,9173.83,0,1,0
38,35194.78,5.0,11,0.0601,2,0.2491,11722.01,1,0,12960.27,1,0,1
33,10000.0,32.0,9,0.0525,0,0.295,29826.41,3,2,187.23,1,0,1
71,65269.05,5.0,11,0.1377,3,0.4109,3635.49,8,3,10527.72,0,1,1
38,50329.92,25.0,6,0.1251,1,0.5373,23400.19,2,1,8129.62,0,1,1
28,63401.78,13.0,14,0.3812,2,0.3118,6754.84,4,3,1742.99,0,0,1
54,103929.36,7.0,3,0.4384,0,0.1769,16138.83,5,2,7744.74,0,0,1
53,54329.2,12.0,11,0.254,1,0.5588,28048.36,6,0,4368.47,0,0,1
52,42154.03,12.0,5,0.2292,1,0.2825,18985.5,2,1,707.08,0,0,1
36,26316.95,27.0,10,0.2806,1,0.2322,14820.31,7,3,,0,0,1
37,47189.46,17.0,8,0.2481,2,0.4566,13472.44,9,4,28980.37,0,1,1
74,59014.43,18.0,9,0.0609,0,0.2186,25937.34,9,1,8371.43,1,0,1
35,56332.69,31.0,8,0.3293,2,0.4128,21029.53,4,4,3210.33,0,0,1
64,98086.63,21.0,3,0.0277,0,0.3215,24406.5,4,4,6631.77,0,0,1
58,67477.14,1.0,9,0.408,0,0.5593,23284.2,2,4,10709.22,1,0,1
66,51629.98,12.0,3,0.2028,2,0.4781,22288.55,9,4,1359.12,1,0,1
31,37335.99,22.0,8,0.0491,2,0.689,17516.27,5,1,6020.27,0,0,0
32,61666.82,24.0,10,0.3758,4,0.6064,9613.94,7,4,5655.78,0,0,0
48,32324.8,27.0,9,0.4349,1,0.2538,18960.88,3,1,3780.0,0,1,0
18,59495.78,10.0,7,0.3608,2,0.3955,13083.72,8,0,10997.0,0,0,1
70,67185.35,32.0,4,0.1615,1,0.3995,1913.32,7,3,6659.47,1,0,1
71,49588.69,23.0,10,0.2997,0,0.1465,28081.35,8,3,9602.4,1,0,1
71,39242.84,1.0,9,0.5816,0,0.5762,6557.65,2,3,7249.96,1,1,0
20,10000.0,29.0,3,0.4079,1,0.3494,12059.17,8,0,12147.27,0,0,1
33,83595.92,16.0,3,0.2948,1,0.4711,7661.28,1,3,8039.47,0,0,1
40,65082.51,33.0,2,0.3966,1,0.686,8539.57,6,0,9059.21,0,0,0
74,65690.43,21.0,10,0.0102,0,0.4065,6948.31,6,2,2044.28,0,1,1
28,15966.19,4.0,3,0.1167,1,0.1087,11414.97,7,1,14959.6,0,0,1
29,89495.97,15.0,1,0.0534,0,0.5606,16801.72,4,2,1350.89,0,0,1
27,43369.58,12.0,4,0.6102,0,0.477,17405.23,8,0,3321.9,0,0,0
49,47780.12,25.0,8,0.3966,1,0.3852,21605.51,2,4,17615.11,1,0,1
33,28267.83,30.0,5,0.184,2,0.1487,11662.92,8,0,919.57,1,0,1
25,10326.36,22.0,2,0.372,4,0.1751,1000.0,7,1,16119.96,0,0,1
55,83933.66,11.0,3,0.3187,0,0.6747,23556.67,6,2,5160.42,1,0,1
29,87164.93,13.0,1,0.1046,1,0.282,22349.13,8,0,1622.68,0,0,1
41,50861.8,17.0,2,0.3472,0,0.2401,10002.17,2,1,10690.7,0,0,1
45,38015.39,26.0,1,0.1732,0,0.3896,21443.46,8,4,2671.28,0,1,1
70,45573.9,27.0,2,0.2179,1,0.3344,16748.88,4,2,9063.37,1,1,1
25,46259.63,17.0,3,0.162,1,0.0515,16893.08,7,2,12519.37,1,1,1
45,25003.51,15.0,1,0.3044,1,0.2883,17801.46,8,3,6739.28,0,1,1
53,47693.62,15.0,11,0.1392,2,0.5013,6997.63,3,2,12334.18,0,0,1
43,58827.55,12.0,9,0.0573,1,0.2345,10019.72,8,3,21872.64,1,0,1
25,80453.93,28.0,10,0.3183,2,0.2413,18269.07,1,2,6395.21,0,1,1
67,55356.1,8.0,5,0.3386,1,0.3527,14521.77,9,2,1322.47,0,0,0
45,15591.21,25.0,8,0.1573,4,0.1734,14776.28,2,0,9892.01,1,1,0
45,63838.7,27.0,5,0.5513,3,0.2026,23312.29,2,4,,1,1,1
54,48601.74,12.0,8,0.5365,2,0.2807,1000.0,5,4,6062.39,0,0,1
58,89260.24,8.0,7,0.0265,0,0.4294,24415.02,8,2,7885.46,1,1,1
53,90736.45,13.0,12,0.5429,2,0.4067,15724.35,1,2,10112.41,0,0,0
44,91611.36,11.0,4,0.3464,4,0.046,14617.89,3,3,8168.6,0,1,1
71,40960.3,31.0,7,0.3618,0,0.3222,17699.03,8,4,2120.79,1,0,0
34,104746.38,2.0,6,0.1424,4,0.2557,11822.08,7,0,11031.88,0,1,1
26,63773.56,15.0,3,0.209,1,0.2234,6315.69,6,4,13174.71,1,1,1
50,95659.51,19.0,9,0.2278,1,0.2513,20201.74,1,1,307.21,1,1,1
70,42434.51,,12,0.1315,0,0.4239,28188.32,4,4,2947.01,0,0,1
37,47535.08,22.0,10,0.4772,4,0.1625,23797.12,3,0,30460.71,1,0,0
30,61850.68,16.0,13,0.222,3,0.0881,23594.98,7,4,1565.46,1,1,1
45,58796.94,15.0,9,0.3628,0,0.5494,2644.54,8,0,1615.17,1,0,0
65,86370.3,7.0,14,0.4064,2,0.2755,21540.2,7,3,7158.67,0,0,0
46,49196.77,18.0,5,0.145,1,0.1817,11174.12,5,2,3301.87,1,0,1
30,84115.37,29.0,8,0.138,1,0.1449,10249.19,9,3,,0,0,1
63,,33.0,7,0.2323,2,0.2193,14585.93,4,2,2437.49,0,1,1
52,49665.19,13.0,9,0.2759,1,0.4362,26137.98,3,3,,1,1,1
23,71366.92,21.0,7,0.1782,1,0.1329,7744.5,8,3,51666.21,0,1,1
35,43168.37,16.0,4,0.254,1,0.4268,12034.75,1,2,3740.1,0,0,1
68,113755.15,14.0,4,0.3034,1,0.3577,3882.22,2,0,720.85,0,0,1
22,10000.0,31.0,11,0.0056,1,0.4803,1000.0,5,1,10851.9,0,0,1
64,71823.58,12.0,8,0.3137,2,0.3896,12099.13,9,2,7105.05,0,1,1
42,10885.1,20.0,6,0.2476,2,0.3574,23805.87,6,0,4704.23,0,1,1
19,49358.58,32.0,9,0.4383,0,0.3681,24555.17,7,0,19150.67,0,1,0
27,52859.8,26.0,14,0.2051,1,0.2192,16657.2,3,0,1268.47,0,1,1
73,92690.84,34.0,10,0.2343,0,0.6622,15375.32,5,4,5382.57,0,0,0
47,37696.19,15.0,14,0.3098,1,0.2566,9861.09,4,2,1703.42,1,0,1
67,87700.3,27.0,7,0.3249,0,0.3035,1867.13,5,2,697.5,1,0,1
62,25529.58,33.0,7,0.4199,2,0.3123,3809.94,4,3,4672.24,0,1,0
22,88666.74,0.0,4,0.2939,3,0.5068,25317.67,6,2,23552.25,0,0,0
72,43141.36,30.0,3,0.2037,1,0.452,3988.48,4,0,10243.0,0,1,0
73,56835.86,32.0,8,0.1483,2,0.3671,1000.0,6,1,2137.92,0,0,1
50,,32.0,7,0.1804,2,0.3013,8474.52,8,1,4968.44,0,1,1
71,87059.09,17.0,4,0.4166,3,0.4991,1000.0,9,3,12774.22,0,0,0
18,82193.5,22.0,13,0.2891,2,0.2151,23287.6,6,2,1739.42,0,0,1
35,66087.54,22.0,4,0.0559,1,0.5274,14337.18,7,1,1822.2,0,1,1
49,26203.29,14.0,1,0.4193,1,0.1828,11255.7,2,2,1597.67,0,0,1
64,37124.45,25.0,11,0.1478,2,0.39,18077.27,4,3,7480.59,0,1,1
66,29285.59,29.0,7,0.5287,4,0.4446,20977.27,4,2,235.03,1,0,0
28,10000.0,24.0,1,0.3854,2,0.4036,15394.38,9,3,7086.51,0,0,1
38,86532.95,15.0,10,0.182,0,0.5381,14903.2,6,4,13960.68,0,1,1
43,46804.41,13.0,10,0.4514,2,0.3151,4454.96,8,1,12210.05,1,1,1
42,46537.65,16.0,4,0.2315,0,0.5644,9519.76,7,3,8792.85,0,0,0
39,92402.56,11.0,11,0.3786,1,0.171,20381.0,2,3,1982.49,1,1,0
44,43100.28,28.0,14,0.5826,0,0.1583,14680.05,5,3,13560.72,0,1,1
66,33988.23,31.0,3,0.4007,0,0.4102,24838.38,9,3,25259.49,1,0,0
30,49381.36,23.0,11,0.4221,1,0.2823,21996.51,6,3,1624.59,0,1,1
50,26683.27,12.0,3,0.3996,1,0.2043,1000.0,9,3,19292.8,1,0,1
51,63608.89,19.0,12,0.3381,1,0.3417,18517.03,9,2,15337.98,0,0,1
58,45658.45,14.0,1,0.1849,1,0.3353,14791.1,2,0,31013.29,1,1,1
52,42318.21,3.0,4,0.3213,2,0.3644,1000.0,3,3,3076.78,0,0,1
18,40152.42,33.0,14,0.2727,1,0.3243,1000.0,2,0,21753.48,0,0,1
38,52344.46,27.0,1,0.496,1,0.4307,9154.05,5,4,1582.91,0,1,0
65,57087.03,1.0,14,0.2102,2,0.3234,11670.2,8,4,1540.69,1,1,0
72,42000.62,29.0,13,0.2443,2,0.419,20984.29,6,1,905.25,0,0,1
23,46030.85,25.0,13,0.3279,2,0.4296,6139.39,8,3,4465.74,0,0,1
45,52961.93,25.0,8,0.1715,3,0.2732,28352.22,1,1,98.06,0,0,0
34,50439.55,19.0,1,0.4609,2,0.3287,20192.3,9,1,3841.65,1,0,1
22,55776.9,27.0,12,0.3008,1,0.3387,13664.46,7,1,7866.42,1,1,1
48,38083.23,19.0,14,0.0884,2,0.1072,17900.83,4,1,651.95,0,1,1
22,80114.82,10.0,6,0.5882,0,0.5121,29991.3,8,2,13650.89,0,0,0
55,57420.7,9.0,7,0.1018,2,0.4431,13070.86,7,3,2770.63,0,1,0
20,42403.83,22.0,10,0.1937,2,0.2992,13267.96,5,2,380.55,0,0,1
70,,18.0,14,0.1921,1,0.2308,18924.79,5,1,3755.06,1,1,1
40,53140.79,17.0,12,0.1217,2,0.153,5527.8,1,3,1192.05,0,0,1
54,11654.34,26.0,2,0.1553,1,0.1586,14561.61,9,4,12688.91,0,1,1
70,63523.82,5.0,4,0.1292,1,0.2403,9578.47,6,2,3251.81,0,0,1
54,29512.34,9.0,11,0.0531,0,0.1572,21661.95,2,4,995.58,0,0,1
27,,1.0,14,0.4174,1,0.3507,14358.2,8,3,4836.11,1,0,0
27,48956.26,23.0,3,0.0916,1,0.3453,21461.02,9,1,4811.5,1,0,1
36,74501.76,27.0,13,0.3057,2,0.2472,12880.88,4,3,2579.4,0,0,1
34,39244.54,27.0,13,0.2099,2,0.515,3176.22,7,1,3168.04,0,0,0
38,56748.23,1.0,9,0.28,5,0.5019,27381.03,7,4,11717.12,0,1,0
31,85256.09,4.0,14,0.1527,1,0.3122,7741.88,7,3,8144.92,1,0,1
26,48274.59,10.0,7,0.2033,1,0.3581,15475.48,3,3,1933.08,0,0,1
63,40229.57,9.0,2,0.0503,2,0.4343,17262.27,7,3,23680.5,0,1,1
18,71376.02,1.0,11,0.19,1,0.5805,21703.0,5,2,2907.57,1,0,0
68,70891.54,14.0,12,0.2218,2,0.4592,26748.92,7,0,6098.94,0,0,0
62,41281.27,6.0,6,0.4383,1,0.3134,12256.46,4,2,6772.64,0,0,0
30,10000.0,19.0,9,0.0463,4,0.4323,7398.94,8,4,1922.99,1,0,0
21,,33.0,12,0.4722,1,0.1178,1000.0,4,1,2753.74,0,0,1
18,71933.99,34.0,3,0.4919,1,0.5327,13447.25,5,4,5242.09,1,1,0
66,35624.15,33.0,14,0.1955,1,0.3824,1000.0,7,3,2369.17,0,0,1
57,54726.55,21.0,11,0.1267,0,0.4453,6348.54,2,0,2917.98,0,0,1
49,38562.88,30.0,6,0.191,1,0.3353,13977.53,7,3,7597.74,0,0,1
51,10000.0,22.0,14,0.3385,2,0.3166,26415.31,7,2,10586.69,1,1,0
45,38112.97,18.0,3,0.0321,3,0.542,13150.57,6,1,12914.82,0,0,1
48,71828.3,3.0,3,0.1199,1,0.135,20880.4,2,4,1038.32,1,0,1
25,10000.0,23.0,4,0.3289,0,0.5196,15010.71,8,2,10684.73,0,0,0
56,61304.18,19.0,9,0.4415,1,0.3931,14491.5,6,0,22036.82,1,1,1
43,25348.27,27.0,11,0.118,1,0.5854,22572.38,1,2,6953.99,0,0,1
51,70211.05,,13,0.3213,1,0.732,16912.43,3,2,7424.48,0,0,0
71,72857.97,18.0,8,0.3455,1,0.188,11098.92,4,0,24866.47,1,0,0
71,50701.3,34.0,1,0.5159,2,0.4562,24557.1,8,4,16286.91,0,0,0
20,50758.3,31.0,13,0.3024,3,0.2136,10196.13,7,1,,0,0,1
67,34840.93,34.0,12,0.0714,0,0.4971,6301.99,6,2,11614.33,1,0,1
29,21360.41,29.0,11,0.1918,2,0.4143,5184.84,6,3,1596.38,1,0,0
18,97452.32,16.0,1,0.3535,3,0.2789,11540.32,9,4,4263.4,1,1,1
71,33373.21,28.0,7,0.1872,2,0.3825,15308.18,5,4,10053.63,1,0,1
61,94194.9,5.0,3,0.233,2,0.6502,17212.84,3,0,2723.97,0,1,0
22,33512.5,16.0,14,0.2622,1,0.5169,12919.84,1,4,4839.59,1,0,0
47,68129.76,16.0,11,0.0871,1,0.449,11987.26,2,3,1516.97,1,0,1
47,26554.82,13.0,7,0.3325,0,0.5733,17114.9,7,4,18246.84,1,1,1
74,68084.88,23.0,9,0.1317,2,0.4456,23016.03,2,1,18081.45,1,0,1
34,46860.32,31.0,3,0.2229,1,0.1849,1000.0,9,0,5206.21,0,0,1
65,47187.1,13.0,3,0.2044,0,0.286,1000.0,1,3,1705.6,0,1,1
64,,26.0,2,0.2671,0,0.2779,22284.99,4,1,9095.78,1,1,1
40,43271.47,18.0,10,0.0435,1,0.3932,11487.65,8,0,1921.66,1,0,1
32,19296.29,30.0,1,0.7877,3,0.1931,21364.06,8,0,2076.33,0,0,0
54,74032.64,8.0,9,0.1774,1,0.3753,3820.74,4,1,28617.71,0,1,1
38,26352.49,16.0,6,0.2091,0,0.3854,14460.63,4,4,838.81,0,0,1
31,67912.93,18.0,6,0.251,1,0.2182,4297.7,4,3,3814.51,0,0,0
19,79324.91,3.0,8,0.312,1,0.2734,17574.62,1,3,6475.2,0,0,1
28,45612.65,10.0,11,0.4578,1,0.2473,12006.36,3,2,912.43,0,0,1
68,84558.82,21.0,5,0.2836,1,0.3982,2645.83,3,2,317.77,0,1,0
56,67044.59,3.0,9,0.3501,0,0.2838,19333.78,5,0,6252.99,1,0,1
55,37603.46,16.0,11,0.2366,1,0.281,19012.84,8,2,973.36,1,1,1
51,90035.73,7.0,5,0.1922,1,0.3562,12321.09,5,3,2313.94,0,0,1
55,26458.2,33.0,2,0.0873,1,0.299,10405.28,4,3,5501.66,0,1,1
67,45582.49,10.0,6,0.1388,2,0.2134,22204.54,7,2,,0,0,1
51,49842.13,30.0,9,0.3376,2,0.509,17500.32,1,2,9918.34,0,0,0
35,70130.59,10.0,3,0.2871,0,0.2994,14512.9,6,0,26257.53,1,0,1
47,,20.0,10,0.4257,1,0.4677,5003.22,9,3,11193.16,0,0,1
32,81319.79,29.0,4,0.44,3,0.358,30551.52,2,4,93930.97,0,1,1
44,60593.71,9.0,10,0.6087,0,0.1371,14286.06,9,3,3940.12,0,1,1
68,47993.27,25.0,11,0.1554,0,0.3179,28222.41,7,0,2913.5,0,1,1
51,10000.0,26.0,8,0.3968,2,0.2872,10242.4,7,1,1912.0,1,1,0
69,22146.35,7.0,6,0.2888,0,0.1644,11635.91,4,2,17294.1,1,0,1
74,99166.39,7.0,13,0.0943,0,0.3165,10600.19,5,1,3953.53,0,0,1
55,10000.0,7.0,7,0.3997,1,0.2503,16218.9,6,2,9929.02,1,1,0
50,35387.73,,7,0.2584,1,0.3955,14715.09,6,2,8985.95,0,0,0
41,83615.16,15.0,4,0.473,0,0.4309,20269.62,8,4,470.15,1,1,0
32,60242.83,12.0,12,0.2939,1,0.4422,13082.26,5,4,16938.56,1,0,0
47,78201.13,22.0,6,0.6189,1,0.1671,17806.92,4,2,5332.59,0,0,1
72,68570.71,11.0,12,0.2419,2,0.5535,19113.46,8,3,2024.17,1,1,0
59,91739.56,26.0,9,0.3351,0,0.3089,3273.62,8,0,30939.04,0,0,1
68,62385.68,21.0,3,0.3317,0,0.4198,6033.25,3,0,11192.0,1,1,1
34,71586.19,31.0,8,0.0871,1,0.5736,4920.87,2,2,7672.2,0,0,1
22,36893.84,26.0,7,0.2646,1,0.5882,20264.77,1,0,35637.58,0,0,0
46,69658.32,1.0,4,0.4263,1,0.55,23925.52,1,0,11303.96,1,0,0
21,45096.85,32.0,10,0.5276,0,0.2871,11049.44,4,3,1033.08,0,0,0
27,43672.35,25.0,13,0.0602,2,0.3451,19388.07,2,3,37816.1,0,0,1
73,77368.09,27.0,3,0.1534,0,0.361,11131.3,3,2,7282.49,1,0,1
34,77540.58,18.0,14,0.2984,3,0.4104,20197.04,3,0,2846.95,0,0,1
27,97211.05,4.0,7,0.1036,1,0.1535,38370.43,7,2,13608.95,1,1,1
34,95581.58,32.0,10,0.0778,1,0.0702,27444.54,6,3,392.85,0,1,1
37,77932.88,19.0,9,0.5913,0,0.1943,25759.3,5,0,8499.01,1,0,1
41,11988.86,29.0,12,0.0874,2,0.485,29325.73,9,3,1387.91,0,1,1
22,100692.02,7.0,10,0.2781,2,0.3214,19148.76,4,1,732.91,0,0,0
51,77949.19,16.0,3,0.0554,1,0.3203,23981.33,3,0,3495.45,1,1,1
23,35853.5,0.0,10,0.3166,0,0.114,10896.03,7,1,3524.97,1,0,1
70,73222.73,2.0,9,0.1705,3,0.4089,20785.24,7,1,7340.87,0,1,1
19,29068.36,25.0,13,0.5031,1,0.5167,7475.06,2,3,6667.27,1,0,1
30,70465.75,30.0,8,0.2424,2,0.2833,27288.51,9,3,9316.68,0,0,1
60,22093.25,7.0,12,0.2428,1,0.6024,7774.05,8,4,1530.33,0,0,0
60,34794.54,7.0,3,0.1904,3,0.4624,14266.75,1,0,16375.08,0,0,0
65,72748.23,34.0,8,0.2568,3,0.1969,11874.86,2,4,15653.48,1,1,1
28,81822.17,27.0,12,0.3533,1,0.1445,15631.04,2,2,1949.55,0,0,1
68,63135.92,3.0,4,0.6945,4,0.3163,19010.72,8,2,5133.16,0,0,0
64,47845.78,15.0,6,0.2861,2,0.2044,1777.41,3,3,,1,0,1
74,10000.0,12.0,12,0.226,2,0.0455,14964.11,7,2,20330.57,1,0,1
40,,19.0,10,0.2922,0,0.2703,25553.27,6,1,18883.31,1,0,1
72,68337.13,4.0,2,0.4202,0,0.4834,14722.33,2,2,558.81,1,0,0
33,47080.87,19.0,8,0.3328,2,0.6104,21124.16,9,4,25366.4,1,0,0
48,54435.55,23.0,13,0.2071,1,0.3585,1000.0,9,0,568.21,0,1,1
28,50359.56,33.0,9,0.461,1,0.6478,7401.38,7,3,6380.45,0,0,0
71,46957.34,33.0,7,0.1416,1,0.2112,28304.11,4,0,2987.0,1,0,1
33,56896.93,18.0,8,0.1296,2,0.6629,8860.96,1,3,3960.46,1,0,0
25,48182.64,16.0,7,0.3747,0,0.5786,11132.92,8,2,7883.35,1,1,1
21,91082.24,4.0,11,0.443,4,0.5247,13046.25,9,2,7013.02,1,0,0
57,10000.0,24.0,10,0.0356,1,0.2453,11990.47,8,3,1466.47,0,0,1
21,41353.94,17.0,4,0.0603,0,0.2381,1000.0,2,0,27994.48,1,0,1
73,33243.59,7.0,1,0.6686,2,0.0787,21011.95,7,1,232.91,1,0,0
42,60477.77,26.0,3,0.382,0,0.7212,18360.51,1,3,3365.18,0,0,1
20,56928.62,14.0,7,0.5121,0,0.454,21939.15,5,1,12930.86,1,0,0
49,95554.83,12.0,11,0.2418,2,0.2557,17247.53,8,4,15227.06,0,0,0
20,103778.55,15.0,11,0.3886,0,0.508,9969.95,9,3,12767.84,0,0,0
44,35672.91,21.0,7,0.2663,1,0.6076,18151.17,3,3,3728.08,0,0,0
46,55012.5,19.0,11,0.0395,1,0.2289,10000.62,8,1,8952.15,0,0,1
49,59907.61,12.0,13,0.1663,1,0.2479,18394.82,3,1,11561.55,0,0,1
67,35054.66,19.0,3,0.5237,1,0.315,24113.88,8,2,6901.12,0,1,0
68,70709.55,1.0,1,0.2352,2,0.414,22915.36,5,0,9090.96,1,0,1
36,49012.32,34.0,10,0.1835,0,0.3429,12965.25,7,2,6452.77,1,0,1
38,28309.13,18.0,9,0.1203,2,0.4495,4484.6,6,2,452.14,1,1,0
22,48010.79,5.0,12,0.1071,1,0.4998,17481.89,5,1,2553.77,1,0,1
35,30058.14,13.0,6,0.2613,1,0.3538,15647.74,2,3,9702.79,1,0,1
45,80916.17,3.0,13,0.3125,1,0.5257,9766.27,9,3,2211.66,0,0,0
59,102538.98,21.0,13,0.4216,1,0.1038,23777.98,7,1,4862.59,0,0,1
39,61120.48,33.0,12,0.405,1,0.7185,16629.97,7,3,6119.08,0,0,1
38,57781.92,26.0,7,0.1235,0,0.4924,20864.73,5,0,8892.87,0,0,1
23,58810.87,6.0,1,0.1786,1,0.5838,1000.0,3,4,2399.59,0,0,1
18,84555.85,2.0,1,0.3255,0,0.3185,1000.0,9,3,7235.2,1,0,1
22,84017.48,32.0,4,0.3434,2,0.3824,20182.58,8,3,7260.82,1,0,1
58,52108.66,1.0,7,0.1784,0,0.5175,20344.4,6,2,14915.88,0,1,1
29,61314.75,15.0,14,0.4879,0,0.2685,7691.46,2,1,6424.55,1,0,1
43,71316.16,24.0,11,0.3318,2,0.331,24158.55,7,3,2797.33,1,0,0
63,26557.81,14.0,11,0.3195,5,0.423,24515.66,5,1,5916.93,0,0,0
51,85315.21,23.0,8,0.2094,0,0.4461,14250.0,8,2,907.83,1,0,1
66,98370.8,14.0,10,0.0246,1,0.2723,22089.65,6,0,7486.82,0,0,1
31,84125.8,30.0,9,0.237,1,0.1231,21044.65,9,4,19827.99,1,0,1
43,23860.15,13.0,1,0.5494,2,0.2575,24311.82,8,0,6036.95,0,0,0
62,10000.0,13.0,4,0.1464,3,0.349,16469.25,7,4,2764.39,0,0,1
44,72717.97,5.0,4,0.217,0,0.309,18781.59,1,0,4160.63,1,0,1
26,35995.26,13.0,3,0.4445,0,0.4263,19526.22,9,4,18570.71,0,1,0
43,62178.33,16.0,7,0.0706,3,0.3631,9074.14,8,0,13416.03,1,1,1
74,93378.72,17.0,1,0.3663,1,0.1952,4563.24,1,1,13003.54,1,0,1
64,38576.12,19.0,9,0.305,0,0.3877,8950.14,1,4,6642.37,1,0,1
74,45561.13,16.0,13,0.5193,0,0.5381,21465.87,3,1,4038.92,0,0,0
39,61918.07,15.0,8,0.2527,4,0.3018,10587.46,3,2,1136.51,1,1,0
64,22562.26,31.0,2,0.535,0,0.1007,2043.13,2,3,29709.97,1,0,1
73,36053.6,8.0,2,0.4018,0,0.7582,1000.0,8,2,1578.86,1,0,0
47,55621.44,26.0,8,0.3506,2,0.5409,14958.46,5,2,2324.09,0,1,0
60,47488.63,32.0,11,0.1236,2,0.137,23245.33,1,4,11560.26,1,0,1
65,70210.19,9.0,14,0.4136,2,0.0836,9099.95,1,4,3455.52,0,0,1
34,124149.49,16.0,1,0.2311,2,0.2617,13841.98,2,2,7014.03,0,0,1
43,57478.46,16.0,13,0.0708,1,0.5608,9280.12,7,0,11471.83,1,0,1
53,33957.2,17.0,7,0.1507,0,0.4179,11795.85,9,3,6497.63,0,0,1
18,90456.01,22.0,9,0.2947,0,0.1697,11238.12,9,1,5398.05,0,0,1
25,15279.54,33.0,12,0.3537,0,0.1168,7167.45,9,1,416.26,0,1,1
66,20277.3,7.0,3,0.0996,0,0.2148,24778.05,6,0,5350.09,1,1,1
52,40122.41,12.0,7,0.0465,1,0.2021,18975.21,5,3,4856.15,1,1,1
69,47927.83,22.0,6,0.3876,1,0.5744,5519.12,8,0,16996.31,1,1,0
32,39523.18,19.0,7,0.4013,1,0.218,9807.84,6,1,4744.86,0,0,0
64,54212.19,21.0,7,0.2756,3,0.6441,12393.93,8,0,7952.78,0,0,1
73,61868.55,22.0,10,0.2508,2,0.4151,15490.61,1,4,11888.33,1,0,1
39,81723.99,34.0,1,0.4433,2,0.5149,16772.07,4,1,5044.61,1,0,0
31,57279.71,2.0,14,0.2355,4,0.2045,11983.86,5,4,2418.09,0,1,1
43,40951.34,33.0,3,0.4693,1,0.1857,13406.07,4,3,17951.01,0,0,0
45,80366.13,32.0,10,0.5257,1,0.7629,17096.51,6,4,18069.92,0,1,0
40,34557.11,16.0,1,0.3456,3,0.4198,10940.22,7,0,18407.53,0,0,0
31,14184.93,18.0,5,0.36,2,0.4029,25154.44,8,3,2548.16,0,0,1
41,85148.9,29.0,3,0.0903,1,0.2348,22665.11,8,2,3032.06,0,1,1
19,83546.33,22.0,1,0.1478,1,0.1216,13321.91,5,3,20086.38,0,1,1
62,35192.54,14.0,2,0.3577,0,0.0802,24454.09,8,2,1075.42,1,0,1
43,45022.53,13.0,10,0.2626,1,0.477,18668.59,3,2,8534.15,0,0,1
31,32076.81,1.0,5,0.1408,3,0.19,18107.33,3,3,2766.08,1,0,1
73,63165.61,17.0,11,0.2104,0,0.5407,26565.32,1,2,10221.14,0,0,0
68,98301.23,5.0,3,0.3982,2,0.4492,21785.84,1,4,14350.0,1,1,0
24,72572.04,31.0,6,0.6202,1,0.2196,23078.1,1,4,4195.55,1,0,1
20,80893.12,20.0,9,0.2459,2,0.4679,5410.84,3,3,1311.05,0,0,1
64,75493.21,27.0,6,0.077,3,0.3374,14456.96,8,2,10541.2,0,1,1
40,54997.02,26.0,2,0.3661,0,0.3369,9025.1,9,0,458.73,1,0,1
63,82083.51,1.0,2,0.5121,2,0.6973,3708.8,3,3,120.85,0,0,0
60,73625.76,32.0,13,0.2901,0,0.2715,1676.19,8,2,16776.93,1,1,1
64,90986.14,15.0,13,0.0683,2,0.1321,20711.65,1,2,13577.74,0,0,1
62,43511.28,21.0,8,0.098,0,0.2116,16590.05,3,2,6977.33,0,0,1
35,11547.21,12.0,11,0.4644,2,0.2333,3303.14,1,0,8757.96,1,0,0
55,81131.28,1.0,8,0.0249,1,0.4547,14745.09,9,4,24393.7,1,0,1
52,63744.24,13.0,6,0.2061,1,0.2299,10719.81,3,1,,0,0,1
68,47598.85,27.0,10,0.1812,1,0.2301,6621.73,5,0,1952.83,1,0,1
32,48996.18,6.0,7,0.3882,0,0.2506,20697.01,7,1,10451.07,0,0,1
42,118867.16,17.0,1,0.321,0,0.4186,12870.82,9,4,2452.59,0,0,1
72,38945.13,3.0,12,0.3492,0,0.295,22458.74,7,2,1858.11,0,0,1
54,33667.42,29.0,9,0.2536,0,0.1154,10545.58,1,1,4670.08,0,0,1
45,,23.0,5,0.0553,2,0.3839,1000.0,7,1,10290.08,0,0,1
27,84512.27,19.0,9,0.418,2,0.5461,15640.12,7,0,1891.07,0,1,0
56,111960.05,30.0,2,0.2679,0,0.2327,17355.87,2,4,4490.57,0,0,1
74,71434.12,23.0,14,0.3042,1,0.3745,13639.44,7,3,5852.06,1,0,1
34,23239.78,6.0,8,0.1948,2,0.207,16884.77,2,1,1512.11,0,0,1
56,104271.61,25.0,7,0.4078,1,0.295,11035.07,1,0,5182.15,0,0,1
39,54513.28,12.0,11,0.0874,1,0.1185,13279.34,9,2,16071.94,0,0,1
43,34057.26,7.0,14,0.41,1,0.3565,15430.98,5,4,10965.43,1,1,1
61,28015.19,4.0,4,0.1221,0,0.3631,21852.96,7,2,5600.53,0,0,1
42,75908.22,12.0,3,0.7789,3,0.1967,13406.94,6,2,1070.83,0,0,1
34,60970.73,28.0,4,0.5239,0,0.5864,8632.85,8,3,189.07,1,1,0
30,63626.88,19.0,4,0.1671,2,0.195,10810.1,3,1,556.88,0,0,1
37,87162.58,,10,0.4449,1,0.1639,13891.54,4,3,11097.28,0,0,1
42,34946.14,31.0,10,0.3961,1,0.2201,4489.87,2,0,9749.24,1,0,1
21,89153.87,26.0,8,0.3305,3,0.4877,7267.22,5,3,10965.39,1,0,0
27,42021.07,,13,0.1426,2,0.2246,14489.28,1,0,2936.23,1,1,1
20,109100.18,3.0,13,0.1444,1,0.5027,28568.44,5,1,753.83,0,0,1
58,69968.48,20.0,4,0.3514,1,0.1906,21036.79,8,1,10023.4,0,0,1
62,31994.04,17.0,14,0.4538,0,0.2698,14047.63,6,3,20456.32,0,0,1
35,10000.0,14.0,5,0.0272,2,0.5736,7268.16,9,2,4814.64,0,1,1
64,75223.12,23.0,2,0.2376,0,0.2661,3379.96,6,3,11562.06,1,0,1
53,45645.49,7.0,13,0.1917,0,0.4294,23538.79,9,4,10417.78,0,0,1
64,51110.86,27.0,4,0.2082,1,0.2159,21295.44,6,1,15376.3,1,0,1
39,74154.9,20.0,7,0.2303,1,0.4455,19492.31,3,4,230.32,1,0,1
51,80260.35,15.0,3,0.0437,1,0.1654,13160.19,3,4,24863.15,1,0,1
64,85592.76,15.0,14,0.1694,1,0.4231,8692.69,1,4,16041.02,0,0,1
25,25628.97,34.0,14,0.6046,1,0.2291,4912.73,8,2,16730.84,0,0,1
57,90647.37,16.0,1,0.4645,1,0.2375,16361.68,7,1,44910.44,0,0,1
66,,8.0,13,0.3353,1,0.3764,3859.47,5,1,8161.58,1,1,0
61,10000.0,34.0,8,0.1863,1,0.5491,17900.67,4,1,681.62,0,0,0
36,25538.99,28.0,8,0.5429,0,0.2876,14827.72,3,3,13843.65,0,0,0
59,60450.63,17.0,6,0.2732,0,0.541,14705.62,3,0,,0,1,0
58,30529.64,11.0,7,0.0284,0,0.1682,14380.12,9,1,10712.04,0,0,1
54,52798.89,18.0,10,0.0805,3,0.5163,15716.78,1,2,4413.52,1,0,1
23,63456.31,21.0,11,0.2614,0,0.6147,24948.59,4,2,53.08,0,0,0
69,50465.36,14.0,2,0.2503,0,0.1975,14895.48,9,0,4578.47,0,1,1
43,42641.14,0.0,5,0.6698,0,0.4121,13802.95,9,3,,0,0,1
51,23732.6,1.0,12,0.2682,2,0.1861,15441.11,9,2,731.65,0,0,1
73,,7.0,7,0.5111,1,0.4159,12129.64,3,0,17.72,0,0,0
62,10000.0,21.0,9,0.5001,4,0.2803,5464.68,5,2,,0,0,0
23,37850.05,24.0,1,0.4192,0,0.6871,19239.02,4,0,11.98,0,0,0
54,31805.4,1.0,3,0.35,3,0.4842,1000.0,4,2,21834.91,0,1,1
74,49015.58,8.0,6,0.2488,0,0.2297,12094.22,4,3,13937.45,0,0,1
50,49666.76,8.0,14,0.422,0,0.3498,9738.6,6,3,7956.55,0,0,1
70,78998.92,12.0,7,0.3783,0,0.3539,3157.25,8,2,139.76,0,0,1
39,94586.93,5.0,6,0.1269,4,0.1544,23953.45,3,2,6748.46,0,0,1
38,27055.53,29.0,1,0.383,0,0.1353,13193.75,2,4,8895.68,1,1,1
23,104820.82,14.0,4,0.1302,0,0.2165,18310.74,8,1,7083.11,0,0,1
23,35517.61,14.0,6,0.3602,1,0.4457,19211.93,9,3,23483.3,1,0,1
72,59313.17,6.0,8,0.1326,2,0.6502,14750.21,7,2,14239.15,0,0,0
65,67771.57,10.0,10,0.1195,1,0.4424,27676.15,4,1,3634.21,1,0,1
21,116114.57,1.0,14,0.0473,4,0.4511,18512.69,7,2,9494.27,1,0,1
47,41442.94,9.0,4,0.5006,1,0.5495,17855.32,2,1,4946.49,1,1,0
28,10081.55,16.0,7,0.1986,0,0.315,22541.33,3,1,21087.47,0,0,1
47,92259.49,6.0,11,0.2947,1,0.6597,14970.6,2,3,7701.32,1,0,1
48,34165.66,3.0,3,0.4034,2,0.1838,14367.99,8,4,6979.53,0,0,1
41,45960.29,34.0,8,0.3371,3,0.3537,21747.74,2,0,5556.34,0,0,0
72,27056.26,30.0,1,0.0987,0,0.4549,11626.0,7,2,3795.16,0,0,1
26,46032.41,24.0,4,0.5573,2,0.404,10755.56,2,1,1281.9,1,0,0
72,33990.21,12.0,8,0.2191,1,0.3977,6498.6,2,4,2560.89,1,1,1
20,71911.05,17.0,10,0.4301,3,0.1692,8365.97,3,1,3233.74,1,0,1
68,,20.0,4,0.1306,0,0.492,15991.0,3,2,1338.05,1,0,1
48,37973.62,0.0,2,0.2249,0,0.2135,30873.05,6,0,13400.92,1,0,1
57,79896.8,7.0,2,0.3466,1,0.4267,9000.58,4,3,17.77,0,1,0
54,61374.92,20.0,4,0.2295,1,0.341,16218.35,9,0,19793.78,0,1,1
53,10000.0,20.0,13,0.778,3,0.0982,18373.91,5,3,1098.32,0,1,0
41,77992.58,26.0,4,0.4015,0,0.4003,9711.49,8,1,418.51,0,0,1
48,59621.7,18.0,2,0.3076,0,0.5262,19659.01,3,4,42691.81,0,1,0
23,89768.31,22.0,7,0.3286,0,0.1559,5798.31,9,3,67981.71,0,0,1
19,58097.94,34.0,6,0.1127,3,0.2552,7242.75,4,1,1703.15,0,0,1
37,35207.27,4.0,11,0.2354,1,0.4836,13610.66,3,2,1149.09,1,1,0
45,49892.62,7.0,3,0.4157,4,0.3452,5646.32,9,2,1762.93,0,1,0
28,75097.98,10.0,8,0.1318,2,0.2105,3438.27,4,4,5728.44,0,0,1
21,35731.57,15.0,8,0.5417,1,0.6465,1000.0,6,4,3099.24,1,0,0
32,43992.58,23.0,1,0.3989,0,0.3115,11748.83,7,2,3280.2,1,1,1
23,49457.79,20.0,3,0.1223,1,0.3485,32193.77,1,2,13267.76,1,0,1
71,26265.71,22.0,5,0.1373,0,0.4832,23506.09,1,3,17672.36,0,1,1
66,36091.91,7.0,2,0.1191,0,0.3634,1000.0,2,4,28007.49,0,1,1
47,59313.75,6.0,12,0.1057,2,0.2184,5143.65,2,2,5784.54,1,0,1
73,85061.94,1.0,12,0.0581,1,0.2041,11382.78,4,3,2260.35,0,0,1
55,62928.67,29.0,5,0.1225,1,0.2527,16261.81,1,1,6475.97,1,0,1
68,53853.47,12.0,11,0.5603,1,0.3633,15895.32,7,4,16386.71,0,0,0
74,34218.23,22.0,10,0.2934,3,0.1718,13096.65,6,4,251.2,0,0,1
19,82379.01,28.0,3,0.0983,1,0.3615,11456.7,6,2,19374.81,1,0,1
32,65837.64,19.0,9,0.4152,2,0.3891,2455.37,9,2,2055.13,1,0,0
28,37331.76,32.0,11,0.5863,2,0.3497,8043.22,4,2,2974.36,1,0,0
25,77466.21,28.0,1,0.2292,2,0.1841,9416.2,8,2,3621.13,1,0,1
43,68989.43,14.0,4,0.3627,1,0.4286,1000.0,2,0,19605.1,0,0,1
68,34661.74,22.0,10,0.6604,3,0.3306,7488.09,8,2,1548.65,1,0,0
62,52465.54,2.0,6,0.0466,0,0.3051,25504.45,6,1,2018.64,1,0,1
61,42680.68,28.0,9,0.281,1,0.5323,12469.77,8,2,10507.4,0,0,1
22,120838.45,7.0,3,0.2754,5,0.2801,17634.6,3,2,21828.63,1,1,0
23,68293.62,21.0,3,0.2592,2,0.5574,28097.5,4,1,885.08,0,1,1
43,59669.05,28.0,12,0.3762,2,0.3027,26859.52,6,3,5909.32,0,0,1
71,66816.58,1.0,5,0.2994,2,0.3094,5621.45,1,1,19670.24,1,0,0
21,89479.06,0.0,7,0.1431,1,0.0993,17525.26,1,4,17378.75,0,0,1
36,52915.5,19.0,14,0.3111,2,0.2768,21808.43,8,1,23722.87,1,0,1
37,40252.27,20.0,5,0.4062,3,0.4812,8697.66,6,4,18590.87,0,1,0
50,76107.08,7.0,11,0.3133,2,0.2916,18648.45,4,0,3023.22,0,1,1
37,50626.39,26.0,8,0.3069,0,0.6788,14208.69,5,1,1865.66,0,0,0
66,28252.62,34.0,5,0.073,1,0.3326,19005.09,7,3,18539.53,1,1,1
29,23382.84,5.0,7,0.1504,0,0.5875,16824.93,8,0,9957.1,1,1,1
64,93232.41,18.0,6,0.7016,1,0.3625,22635.21,7,2,3805.24,0,0,0
18,58291.11,17.0,14,0.0369,2,0.4315,8151.63,7,3,9984.38,0,1,1
43,40260.82,0.0,10,0.1898,3,0.2928,16966.77,7,1,2936.01,0,1,1
31,49141.63,24.0,13,0.339,3,0.2118,28293.97,4,1,6965.65,1,0,1
55,75186.12,26.0,2,0.2598,2,0.484,19337.36,5,3,2125.63,1,1,1
54,47664.86,6.0,3,0.3212,2,0.3671,21099.2,7,2,6599.57,1,0,0
28,18764.51,28.0,11,0.2921,0,0.5357,6216.41,3,2,20528.37,1,0,1
53,63146.02,30.0,11,0.181,0,0.4521,1000.0,5,0,11807.63,0,1,1
30,,18.0,4,0.2392,0,0.5607,14218.35,7,3,8538.43,0,1,1
60,83536.61,5.0,5,0.2978,2,0.4403,23875.8,2,4,2259.05,0,0,0
20,41016.75,24.0,9,0.0223,0,0.4277,12048.57,7,3,523.72,0,0,1
50,86729.32,30.0,6,0.4395,1,0.5539,12306.53,6,2,9918.73,0,0,1
23,60323.75,8.0,1,0.5369,3,0.6514,8258.47,8,2,6866.02,1,0,0
67,86028.68,19.0,3,0.3757,1,0.2781,10407.16,7,0,1912.2,1,0,1
73,69342.18,9.0,7,0.1143,2,0.5599,12774.14,4,3,21837.53,0,0,1
27,16960.08,26.0,8,0.138,0,0.3654,23397.42,5,1,6424.04,0,0,1
22,98668.47,12.0,7,0.096,1,0.2977,26043.29,6,4,6786.42,0,0,1
40,56294.6,1.0,5,0.0727,0,0.4397,9267.89,2,3,2839.25,0,0,1
27,69419.85,20.0,10,0.2932,1,0.5194,4562.97,6,4,16921.2,0,1,1
61,21398.88,32.0,8,0.1418,0,0.2945,10080.59,9,3,17760.0,1,0,1
19,67633.16,23.0,9,0.096,0,0.1684,14869.79,8,2,10046.25,1,0,1
30,82573.19,33.0,7,0.429,1,0.1474,18356.77,5,4,836.44,0,0,1
57,103383.01,8.0,11,0.5695,5,0.382,7107.47,5,3,705.28,0,0,0
19,90009.99,1.0,9,0.7334,1,0.4772,35001.74,2,1,5069.67,0,0,0
37,68855.62,29.0,1,0.096,2,0.7256,12144.46,3,2,1226.23,0,0,1
18,16390.57,21.0,14,0.1746,2,0.5958,15662.29,9,1,3226.78,1,0,1
54,58306.82,10.0,9,0.1855,1,0.1842,18409.61,7,0,1503.6,0,0,1
26,40187.26,16.0,3,0.4248,2,0.2079,6354.4,8,0,2969.85,1,1,1
34,60874.45,12.0,6,0.5068,1,0.452,23736.49,9,0,22905.41,0,1,1
26,24591.85,6.0,8,0.2645,1,0.1379,28915.86,3,2,11198.74,1,0,1
28,49745.83,15.0,3,0.1347,0,0.4018,8159.62,5,1,1190.84,1,1,1
32,42070.42,32.0,4,0.1507,0,0.4087,21546.08,4,3,8843.05,0,0,1
41,41295.84,0.0,7,0.1657,1,0.2947,12081.95,4,2,247.85,0,0,1
55,41544.1,10.0,12,0.2228,5,0.4163,11094.93,5,3,32895.97,1,0,0
72,51603.63,5.0,7,0.3087,1,0.2223,14035.26,5,2,6069.08,1,0,1
52,62154.87,19.0,4,0.5279,0,0.5107,14939.39,4,4,5632.26,0,0,0
47,10000.0,34.0,9,0.3421,2,0.2928,17855.58,6,0,2199.02,0,0,1
48,10000.0,25.0,13,0.2195,1,0.6515,20986.88,7,0,4897.46,1,0,1
66,46532.72,11.0,3,0.3696,2,0.3215,12758.34,8,4,5976.45,1,1,1
22,50055.77,29.0,12,0.1727,1,0.4922,14638.73,3,1,8588.18,0,1,1
61,59727.78,27.0,8,0.2015,2,0.6289,26108.71,4,0,375.99,1,1,0
67,36808.19,26.0,8,0.2415,1,0.6456,7995.88,1,0,3350.53,1,0,0
31,55236.63,18.0,13,0.4727,0,0.4858,18431.36,1,1,3915.09,0,0,0
70,58163.08,4.0,4,0.1877,1,0.6003,5842.47,5,1,1292.16,0,0,0
73,36636.05,4.0,7,0.2948,2,0.1309,20682.04,1,4,2193.24,0,0,1
28,80336.4,26.0,4,0.366,1,0.2529,13760.56,9,0,2160.55,0,0,0
26,59424.66,27.0,13,0.4831,1,0.5512,11732.79,3,4,13301.68,0,0,0
51,68674.03,25.0,12,0.1116,1,0.5804,3389.19,9,2,9298.11,0,1,1
29,,26.0,1,0.4159,2,0.3259,15992.56,5,1,20485.53,0,1,1
52,107591.83,20.0,1,0.4605,1,0.4137,14623.91,2,1,2967.29,0,0,0
52,69909.93,0.0,14,0.0719,1,0.3283,19402.43,9,0,17073.65,0,0,1
18,42800.17,27.0,1,0.3807,1,0.3549,6901.6,7,3,15949.15,0,0,0
57,75524.17,14.0,2,0.3361,0,0.1652,26145.25,6,4,4753.06,0,0,1
39,14059.88,16.0,6,0.3864,1,0.1158,10116.62,1,1,7948.14,0,0,1
46,57990.01,25.0,12,0.2593,2,0.4775,7396.01,3,1,7289.49,0,0,1
25,62979.01,19.0,10,0.6399,1,0.3936,20964.25,5,0,2943.37,0,0,0
28,58275.52,24.0,11,0.1963,1,0.2633,11219.09,5,0,2431.27,1,1,1
58,46655.53,12.0,5,0.1956,1,0.4067,27641.33,5,3,1480.61,0,0,1
54,29693.17,32.0,11,0.1717,0,0.4162,3410.8,3,2,14544.76,0,0,1
31,35266.32,24.0,2,0.2115,1,0.2485,13589.79,4,2,6100.48,0,0,1
47,57551.87,7.0,8,0.2378,0,0.3239,26045.72,6,0,3304.34,0,0,1
52,27162.02,4.0,9,0.1304,0,0.4061,15727.91,3,3,5706.68,1,0,1
38,99254.19,5.0,7,0.2259,1,0.3576,7888.38,8,0,672.19,0,1,1
54,10000.0,22.0,12,0.0706,0,0.3141,15549.0,3,2,896.25,0,1,1
22,46914.05,29.0,14,0.0815,5,0.3677,14360.12,4,4,11395.37,0,0,1
36,57759.74,13.0,12,0.3844,1,0.4003,23686.98,6,1,18520.83,0,0,1
31,67685.52,22.0,9,0.4045,1,0.2959,28942.53,7,1,3088.46,1,0,1
43,32101.88,,4,0.2448,4,0.6413,13289.56,3,3,4209.86,0,0,0
21,83357.37,30.0,13,0.4367,3,0.323,13002.46,9,2,3743.74,0,0,1
42,20154.22,5.0,7,0.0238,0,0.2238,11679.96,5,3,5216.7,1,0,1
62,40846.79,10.0,5,0.2938,1,0.5282,16980.73,5,3,4275.24,0,0,1
59,70518.69,12.0,5,0.2533,2,0.5054,19281.9,9,3,3905.18,0,1,1
42,81004.71,11.0,3,0.2854,0,0.3548,17560.15,3,1,8629.23,0,0,1
35,19899.97,1.0,9,0.1536,1,0.1291,4314.22,2,3,2540.87,0,0,1
57,121125.92,34.0,13,0.3762,0,0.2136,6439.97,3,2,22866.44,1,1,1
25,32562.71,16.0,10,0.45,3,0.3608,25382.93,5,2,2950.86,1,0,1
56,22195.44,27.0,5,0.2247,2,0.1706,4649.29,7,4,1932.29,0,1,1
57,67567.87,27.0,6,0.2938,2,0.2529,11208.5,7,2,28577.7,0,0,0
31,46292.66,21.0,3,0.2135,4,0.6349,30130.63,3,1,,1,1,0
49,42598.69,6.0,10,0.2978,0,0.75,15895.37,9,2,6154.64,0,0,0
68,69891.1,14.0,7,0.435,0,0.153,15907.38,8,0,3190.92,0,0,1
55,16817.61,31.0,9,0.3208,1,0.264,11547.49,5,3,645.13,0,0,1
50,12446.64,,9,0.1846,1,0.6155,18324.99,2,4,24446.0,0,1,1
40,40064.42,23.0,14,0.1329,2,0.5043,22718.77,4,0,3750.6,0,0,1
32,81947.54,2.0,13,0.3197,1,0.1205,18225.84,8,2,8281.03,0,0,1
50,41148.62,29.0,10,0.7135,1,0.498,13252.79,8,2,15858.68,1,1,0
42,94978.92,5.0,14,0.0564,1,0.2567,12224.54,1,3,6441.29,0,1,1
34,85025.37,1.0,10,0.0305,1,0.3933,14739.7,1,3,9982.12,1,1,1
50,62073.65,13.0,5,0.1309,0,0.1703,18263.51,4,1,12282.3,0,0,1
64,63493.1,17.0,7,0.068,1,0.3613,1000.0,6,4,3844.24,0,0,1
72,62050.07,30.0,13,0.1339,0,0.066,18444.52,3,1,7927.61,0,0,1
19,58992.94,12.0,12,0.1332,1,0.353,21918.27,1,2,1844.95,0,0,1
31,45843.96,25.0,12,0.2027,2,0.3552,13109.48,4,4,455.41,0,0,1
70,48745.3,11.0,13,0.4311,3,0.6079,9573.9,6,4,34575.41,0,0,0
57,28251.0,17.0,3,0.5262,2,0.2494,7856.22,5,1,777.42,0,1,0
57,10000.0,8.0,6,0.2042,1,0.1961,1000.0,1,2,4479.04,0,1,0
68,82601.77,20.0,12,0.5179,2,0.6369,15054.61,4,2,558.28,1,0,0
56,58931.46,23.0,8,0.316,1,0.2594,17222.17,6,1,20480.44,1,0,1
68,55155.28,33.0,13,0.4818,2,0.4014,21560.8,6,4,925.0,1,0,1
23,64961.23,7.0,8,0.2939,0,0.4355,35028.02,6,4,12353.22,1,0,1
23,34290.06,32.0,2,0.1527,1,0.2909,15720.16,9,0,10063.16,0,0,1
20,29973.44,22.0,6,0.4685,1,0.1466,23483.99,8,1,368.7,0,0,0
24,47907.88,12.0,7,0.431,0,0.4302,2095.52,7,2,10220.06,0,1,0
68,89202.46,13.0,12,0.1475,0,0.3939,11236.8,4,0,27870.59,1,1,1
25,25781.47,13.0,7,0.2963,0,0.3221,23090.38,3,1,5888.55,0,1,1
59,10000.0,15.0,3,0.5395,1,0.3606,16161.87,3,4,2734.31,0,0,1
69,41964.97,25.0,14,0.1009,0,0.4466,23985.81,3,3,6299.18,0,0,1
32,83567.5,25.0,14,0.4395,1,0.2882,23776.25,5,1,1031.84,0,0,0
64,11686.4,0.0,9,0.1439,0,0.497,28641.6,6,4,24981.65,0,0,1
46,25492.91,31.0,2,0.1288,1,0.4582,20960.63,4,3,3637.22,1,0,1
50,61588.67,14.0,11,0.245,6,0.4489,13847.23,1,2,4885.21,1,0,0
69,119247.68,20.0,3,0.1711,1,0.453,22086.26,7,3,4105.22,0,0,1
47,21044.71,17.0,11,0.1207,1,0.5631,7112.61,7,2,225.99,0,0,0
56,20076.65,29.0,2,0.2652,1,0.5144,31975.18,1,3,279.66,1,0,1
44,63467.46,12.0,11,0.1281,1,0.3743,11115.48,3,4,6611.08,0,0,1
53,85116.86,23.0,9,0.3724,1,0.4927,14860.37,6,0,5582.46,0,0,0
46,39397.53,29.0,4,0.4125,2,0.3826,17416.57,4,2,34437.88,1,1,0
55,14465.15,1.0,2,0.0637,2,0.1639,20434.32,5,1,2443.89,0,0,1
74,65843.73,18.0,3,0.2872,0,0.1945,24895.78,9,3,3676.98,0,0,1
50,70371.03,24.0,13,0.4006,0,0.3834,8731.17,9,1,35291.48,0,0,1
54,99466.38,13.0,4,0.5141,1,0.615,5558.69,6,2,392.54,0,0,0
44,71423.68,5.0,14,0.2393,2,0.378,8210.22,1,2,8231.98,1,0,1
72,75701.65,11.0,10,0.0802,2,0.3929,16532.69,6,3,857.53,0,0,1
50,48446.37,19.0,13,0.171,1,0.3898,20366.38,2,1,23409.46,0,0,1
21,116037.61,22.0,6,0.7561,3,0.1939,19920.99,7,0,2718.41,1,1,0
39,45046.45,29.0,5,0.2392,0,0.4222,17741.49,2,0,13460.27,1,0,1
19,39701.95,29.0,3,0.2405,2,0.212,17521.67,2,0,19376.04,0,0,1
27,100237.87,29.0,10,0.1457,0,0.7126,23783.17,8,0,15019.37,1,0,1
22,18144.07,29.0,8,0.1941,1,0.372,21808.28,8,0,6511.72,1,0,1
27,10000.0,33.0,8,0.289,1,0.4149,3673.61,5,3,29019.74,0,0,1
50,57988.92,,7,0.1956,1,0.2517,18675.18,6,0,9031.06,0,1,1
71,54956.59,23.0,3,0.3021,0,0.4563,19838.88,7,2,12339.7,1,0,1
55,49302.8,13.0,14,0.5372,1,0.7064,9241.67,9,2,2238.99,0,0,0
30,79848.24,25.0,1,0.2846,3,0.221,21421.49,7,3,4335.41,1,0,1
48,32294.85,7.0,5,0.3112,0,0.0986,14578.96,9,0,7294.15,0,0,1
64,56604.18,13.0,1,0.4348,0,0.2911,20882.28,5,3,1260.83,0,0,1
53,45997.35,30.0,6,0.6598,0,0.5932,4667.5,1,3,26987.54,0,1,0
62,32719.54,1.0,11,0.2727,1,0.2884,6413.75,4,4,929.64,0,0,1
41,53454.0,3.0,7,0.3476,0,0.1098,23033.96,7,2,10559.87,0,0,1
69,76314.9,0.0,12,0.3972,1,0.6051,21481.01,2,1,478.15,0,0,0
73,108014.2,19.0,5,0.2988,2,0.338,1000.0,9,3,866.39,0,0,1
32,69485.47,13.0,4,0.6233,1,0.2876,13597.27,2,3,7811.16,1,0,1
46,10000.0,24.0,2,0.3334,3,0.6319,1000.0,1,3,4818.89,1,0,0
25,54046.5,24.0,5,0.4318,2,0.6096,30988.63,5,0,29.2,0,0,0
22,56245.07,2.0,9,0.1826,1,0.3303,10762.36,2,1,4002.59,0,0,1
46,78405.23,4.0,4,0.1582,4,0.4786,12634.29,6,0,2302.42,0,0,1
64,59620.26,25.0,14,0.2659,1,0.2084,9196.52,2,0,16419.87,0,0,1
21,86327.22,3.0,2,0.6083,1,0.3007,12324.31,6,1,9850.43,0,0,0
29,64791.77,6.0,13,0.4977,1,0.4367,10319.37,6,4,10700.03,1,0,1
62,93969.95,29.0,6,0.4317,1,0.0794,24563.58,2,2,24119.18,1,0,1
19,44031.35,29.0,8,0.0796,1,0.449,13658.83,2,2,9899.12,1,0,1
44,58608.59,18.0,2,0.2502,2,0.5378,10470.06,6,2,1400.27,0,1,0
48,75666.04,34.0,9,0.5695,0,0.4378,18458.18,9,0,22156.68,0,0,1
68,40695.15,32.0,7,0.5903,1,0.0975,1000.0,4,0,960.25,0,0,1
68,35249.68,32.0,14,0.5988,0,0.4652,10027.44,4,0,1711.57,1,0,1
53,39266.2,13.0,13,0.0508,2,0.1326,13164.32,2,4,2685.4,0,0,1
53,36269.61,9.0,2,0.3054,3,0.5147,5880.48,4,0,1539.95,0,0,0
43,68064.05,27.0,11,0.3056,2,0.1391,19328.54,7,1,147.93,0,1,1
60,10000.0,13.0,5,0.1917,0,0.1841,14480.52,4,0,4917.0,1,0,1
44,16100.75,15.0,5,0.6245,1,0.2292,19581.72,6,0,9317.2,0,0,0
22,101568.66,20.0,7,0.1187,3,0.409,19377.32,5,3,4374.76,0,1,1
37,36872.58,27.0,13,0.1712,0,0.2832,26498.1,7,1,2140.68,1,1,1
28,60000.37,32.0,5,0.0633,0,0.2552,7244.26,3,3,17158.07,0,0,1
27,,5.0,11,0.1347,2,0.3271,22645.86,3,3,3932.12,1,0,1
57,57353.11,14.0,14,0.341,3,0.431,10764.95,5,0,14604.95,0,1,0
55,37024.83,2.0,6,0.2871,1,0.3658,15876.18,4,4,1572.97,0,0,0
23,15922.76,34.0,14,0.2336,0,0.5181,18660.5,5,1,3244.3,0,0,1
25,,13.0,9,0.1963,1,0.2431,23611.78,1,0,13017.14,1,0,1
40,84564.14,1.0,3,0.1927,1,0.3594,15664.25,4,2,247.36,0,0,1
64,52316.13,28.0,3,0.2492,2,0.6588,22576.03,6,2,20254.97,1,1,1
43,79985.48,3.0,8,0.577,3,0.2663,26636.31,7,4,4040.82,1,0,0
63,102582.32,25.0,10,0.4268,0,0.3728,12077.5,8,1,30527.12,0,0,0
60,73851.9,11.0,12,0.3905,2,0.4831,12742.1,5,1,9668.13,0,0,0
29,,1.0,6,0.5151,1,0.2746,8468.05,2,3,23869.26,1,1,1
43,59973.74,16.0,12,0.2965,3,0.4361,10762.44,2,2,548.03,0,0,0
30,71237.43,34.0,10,0.0712,1,0.1082,16879.02,3,2,10241.48,1,0,1
57,45902.02,9.0,3,0.4735,1,0.5732,13841.76,4,2,16665.2,1,1,0
35,48084.1,21.0,2,0.3114,0,0.3472,13516.51,6,1,35097.74,0,0,1
42,66272.28,20.0,13,0.4267,1,0.5624,17505.29,5,0,271.8,0,0,0
50,43153.38,14.0,2,0.659,1,0.3029,13282.41,5,2,694.43,1,0,0
64,45855.01,34.0,2,0.0533,1,0.4461,3744.4,9,2,10524.73,0,1,1
57,55004.67,20.0,5,0.2134,2,0.3456,8017.84,9,4,317.63,0,0,1
60,83765.19,20.0,12,0.4928,3,0.2314,18162.01,3,3,91.47,0,0,0
29,26683.41,20.0,5,0.3262,2,0.2982,17371.25,9,4,6300.92,0,0,1
61,73979.46,31.0,1,0.3079,0,0.6077,8278.22,1,0,6031.06,0,0,1
53,74794.91,4.0,2,0.397,1,0.6266,9926.95,4,4,7605.0,0,0,0
65,74645.3,8.0,2,0.7147,1,0.337,9461.78,8,4,113.47,0,0,0
21,34831.34,17.0,4,0.2745,1,0.5403,12436.14,9,2,5598.1,1,1,1
22,12682.96,20.0,7,0.1292,1,0.3505,22104.41,5,2,2702.64,0,0,1
73,68992.51,7.0,3,0.0854,3,0.6256,27736.46,2,3,11286.66,0,0,0
54,59688.47,33.0,5,0.2946,1,0.684,16960.0,8,3,3424.21,0,0,0
25,80109.42,9.0,11,0.1037,2,0.5267,27111.3,8,4,3527.85,0,1,1
59,37486.58,23.0,9,0.0919,0,0.6992,12135.67,9,1,8495.94,0,1,1
66,74002.96,23.0,5,0.1616,1,0.5551,17857.46,6,1,8646.15,0,0,1
45,,31.0,9,0.1458,3,0.421,13178.74,9,3,480.56,1,0,1
48,52617.26,32.0,1,0.1964,1,0.1109,20497.09,8,0,7868.09,0,0,1
26,65423.24,33.0,9,0.1092,1,0.3839,21818.22,5,3,8580.1,0,0,1
71,64549.16,10.0,14,0.446,1,0.6787,10528.61,4,4,4892.89,1,0,0
68,34463.26,30.0,5,0.3735,3,0.4351,23785.58,7,1,,1,1,1
46,68277.42,17.0,8,0.2992,1,0.3835,10825.05,6,4,73.13,0,1,1
31,95562.46,22.0,5,0.5028,2,0.1229,6083.28,4,0,27630.39,0,0,1
57,55555.1,21.0,14,0.3118,1,0.3408,23657.17,2,2,3773.16,1,0,1
58,18476.88,17.0,12,0.6536,2,0.6001,17680.56,9,3,7244.75,0,1,0
39,37819.34,19.0,6,0.3149,0,0.207,16311.3,4,2,279.43,1,0,1
28,10514.26,12.0,8,0.2644,0,0.4945,17539.84,3,1,9872.72,1,0,1
40,87256.53,0.0,2,0.0508,3,0.2099,12406.75,6,0,6276.85,0,0,1
18,74102.63,3.0,3,0.4355,2,0.3573,19870.58,2,4,25824.37,1,0,0
63,42465.77,23.0,11,0.1658,1,0.3107,4932.29,8,3,,0,0,1
54,19548.5,1.0,9,0.3751,0,0.2849,30466.19,9,1,10237.42,1,0,1
38,34167.63,27.0,5,0.1419,1,0.542,7987.9,4,0,617.02,0,0,0
43,39043.08,25.0,5,0.133,3,0.3825,6016.2,7,4,533.66,1,1,1
63,,22.0,9,0.2202,0,0.2576,20163.85,1,4,23808.64,0,1,1
53,56893.98,14.0,10,0.1995,2,0.4311,7427.2,2,1,2336.78,0,0,1
71,88535.8,26.0,3,0.1401,1,0.6933,22210.31,4,4,19479.34,0,1,1
40,37681.13,5.0,14,0.1237,2,0.314,20777.49,5,2,733.62,0,1,1
74,17295.3,34.0,4,0.4543,1,0.25,5990.41,8,2,8123.13,1,0,1
18,26075.54,34.0,7,0.187,3,0.2808,14189.14,2,0,6416.27,0,0,1
71,54424.38,9.0,2,0.6489,0,0.2376,27324.53,2,2,27093.26,0,1,1
72,36783.05,29.0,8,0.4159,3,0.2632,11128.8,5,1,4140.29,0,1,0
68,,28.0,5,0.1608,0,0.3046,9087.76,2,0,396.94,1,1,1
57,43649.16,3.0,1,0.2377,0,0.7975,14063.17,3,3,5140.83,0,0,0
32,79755.96,4.0,3,0.4086,0,0.191,19178.25,9,4,13906.61,0,0,1
38,40325.86,3.0,9,0.0792,0,0.7081,11220.77,9,2,431.13,0,1,1
64,45566.45,15.0,5,0.1904,0,0.631,8933.91,6,3,294.93,1,0,1
26,72932.09,24.0,8,0.2192,2,0.1717,20571.45,9,4,13796.6,0,1,1
70,40875.45,13.0,1,0.1518,0,0.6337,30502.05,8,1,13897.04,1,0,1
26,65580.31,10.0,14,0.0603,4,0.3121,14973.18,3,3,1784.94,0,0,0
27,63287.13,28.0,7,0.5466,2,0.5625,10210.5,8,0,8571.31,1,0,0
69,58544.15,33.0,7,0.2893,4,0.5475,12959.81,7,1,531.44,1,1,0
74,26640.09,,8,0.1529,3,0.3236,2864.61,9,2,11606.17,1,0,0
70,85744.36,13.0,3,0.1833,1,0.3632,14654.65,7,3,2913.01,1,1,1
43,110517.09,23.0,1,0.5269,0,0.5435,19328.51,5,1,2096.24,1,0,0
58,55220.7,25.0,11,0.2717,0,0.0987,9971.37,5,1,9056.78,0,1,1
52,28841.13,15.0,9,0.304,0,0.5467,2106.53,4,3,19403.32,1,1,1
69,,31.0,1,0.3061,0,0.4101,22280.15,2,2,339.13,0,1,1
42,79746.5,5.0,11,0.1958,0,0.2767,2897.62,5,1,1241.42,1,0,0
43,39620.31,33.0,6,0.2762,1,0.4037,13270.61,4,3,2362.8,0,0,1
28,51777.52,7.0,9,0.1063,0,0.4274,27422.97,1,1,21026.2,1,0,1
55,63516.35,29.0,14,0.1182,2,0.2363,17980.86,2,0,16774.93,1,0,1
19,85076.2,26.0,2,0.3705,2,0.2128,1000.0,2,3,19016.09,0,0,1
24,74385.59,6.0,4,0.6003,3,0.5346,5441.81,9,3,3803.31,0,0,0
35,75421.7,26.0,2,0.1948,0,0.448,8472.22,2,1,2107.88,1,0,1
44,44343.29,24.0,4,0.2468,0,0.387,5820.62,7,3,1702.19,1,0,1
51,65047.97,14.0,2,0.1875,1,0.6951,3824.74,3,0,17093.39,1,0,0
44,36950.92,24.0,12,0.1922,1,0.2518,6645.86,2,2,2103.63,0,1,1
34,76138.15,21.0,1,0.5339,1,0.4145,19980.26,8,0,6054.48,0,1,1
60,83780.49,17.0,11,0.4667,0,0.3325,21999.01,2,3,3224.62,1,0,1
61,68834.09,11.0,3,0.3747,2,0.4009,1721.21,9,3,5528.16,1,0,1
68,45814.74,22.0,8,0.1585,1,0.5994,31976.22,3,1,3394.33,0,0,1
71,49906.82,24.0,5,0.3773,0,0.2978,22233.35,9,4,2773.22,1,1,1
41,100162.91,9.0,4,0.2552,1,0.646,29195.99,3,4,4459.47,0,0,1
42,46232.24,29.0,5,0.1391,0,0.3767,6070.52,9,2,3238.83,1,0,1
24,81249.85,9.0,6,0.286,0,0.1533,5046.1,6,1,14645.23,0,0,1
69,63472.29,33.0,6,0.3729,1,0.2238,21881.01,2,0,6952.52,1,0,1
23,46646.59,,5,0.4417,1,0.4834,18777.77,1,1,1550.3,0,0,0
70,,28.0,12,0.3967,2,0.1584,17939.38,3,1,2152.93,1,0,0
41,60290.01,8.0,11,0.4662,1,0.5632,12430.51,7,0,440.33,1,0,1
50,57277.52,12.0,12,0.155,1,0.4111,13174.39,3,1,2849.84,1,0,1
66,100163.37,13.0,6,0.2267,0,0.2858,21883.66,3,3,8857.63,0,1,1
46,33495.18,8.0,9,0.576,1,0.5791,9836.64,7,2,1616.52,0,0,0
60,112369.21,7.0,5,0.0286,0,0.6411,2876.1,7,4,835.8,1,0,0
39,64470.26,2.0,13,0.25,4,0.2875,17569.35,4,0,3097.25,1,1,0
43,64445.73,32.0,6,0.2713,0,0.4526,25938.43,1,4,7584.77,0,0,0
45,40173.2,31.0,4,0.4206,2,0.3452,3046.77,8,3,5121.1,0,0,1
67,62867.66,6.0,13,0.3223,4,0.3672,14753.76,8,4,3230.02,0,0,0
38,66826.27,18.0,3,0.0781,1,0.3896,1000.0,6,3,17161.35,1,1,1
66,78433.18,33.0,13,0.455,3,0.2573,24219.98,1,4,5057.29,1,0,1
24,,13.0,12,0.6614,0,0.3974,7840.6,3,2,4856.44,1,0,1
34,90169.52,18.0,6,0.2512,1,0.7332,15108.27,6,3,257.35,1,0,1
37,64035.39,25.0,11,0.3837,0,0.4225,15456.44,6,0,8158.62,0,0,1
58,70205.72,16.0,11,0.3521,2,0.1414,15730.53,1,0,4919.79,1,1,0
66,49476.44,27.0,5,0.199,1,0.0791,19219.78,7,1,1253.95,1,1,1
37,31796.43,18.0,4,0.1084,0,0.1874,27445.56,2,1,2234.95,0,1,1
71,56818.12,26.0,5,0.134,2,0.5478,12400.95,8,2,1808.82,0,0,1
39,59682.39,18.0,7,0.1549,0,0.5876,13214.39,6,4,1041.76,0,0,1
45,20364.29,32.0,1,0.1472,0,0.543,5998.16,1,4,4575.11,0,1,1
57,74832.14,6.0,14,0.4267,1,0.5635,1000.0,2,3,3611.49,1,1,0
66,79913.12,28.0,1,0.0119,0,0.4679,10329.23,6,2,3571.84,0,0,1
24,36758.38,4.0,11,0.4583,0,0.4193,18464.95,2,3,2317.77,0,0,0
18,29435.37,29.0,13,0.3412,1,0.0929,13116.9,4,0,4587.66,1,0,1
49,47425.97,7.0,1,0.331,0,0.4144,25447.55,9,0,6344.15,0,1,1
30,55597.38,11.0,2,0.0763,0,0.3556,14798.75,3,4,7563.73,0,1,1
47,48395.72,12.0,9,0.1175,1,0.0632,26433.6,5,1,1985.9,0,0,1
40,53477.05,25.0,13,0.2801,1,0.0451,16063.94,3,1,10411.02,1,0,1
68,60536.94,17.0,5,0.2465,2,0.4752,10585.18,8,0,219.21,0,0,1
73,20793.28,19.0,14,0.1405,0,0.5465,4552.02,5,3,11104.45,0,0,1
36,23667.61,15.0,9,0.1645,4,0.3984,1000.0,6,4,2661.07,0,0,1
49,10000.0,2.0,13,0.1565,0,0.2812,9587.36,6,3,3696.29,0,0,1
47,78563.63,26.0,5,0.1144,0,0.3273,20513.36,4,1,6953.57,0,0,1
46,55380.68,14.0,14,0.3031,3,0.2552,11519.19,4,2,7542.13,0,0,1
66,81196.28,33.0,7,0.0782,2,0.4746,7313.61,1,1,4373.76,0,0,1
62,26556.55,21.0,14,0.3477,1,0.2669,14107.07,6,3,22231.94,0,1,1
46,55610.18,22.0,14,0.4191,1,0.557,14353.01,4,1,15633.78,0,1,0
47,60370.66,3.0,6,0.4567,3,0.6262,11132.53,6,1,2039.52,0,1,0
33,40955.44,22.0,2,0.3135,0,0.1726,19360.08,8,1,7111.55,1,0,1
57,16164.31,8.0,3,0.1277,0,0.4133,13338.88,9,1,,0,0,1
36,98646.78,23.0,5,0.4324,2,0.0992,27290.53,9,4,1956.4,1,0,1
35,89982.08,20.0,4,0.6694,0,0.3644,10946.26,1,0,148.98,1,0,0
18,45451.69,15.0,14,0.0621,1,0.4503,9375.66,5,1,29706.87,1,1,1
31,67755.69,24.0,11,0.6784,0,0.1675,12564.31,7,1,25427.33,1,0,1
68,42880.23,25.0,6,0.1391,0,0.0788,21477.39,1,4,3089.39,1,0,1
64,30114.91,8.0,8,0.1339,0,0.3856,19153.48,6,4,2186.18,0,0,1
67,100681.54,14.0,8,0.3155,0,0.3495,10686.2,1,2,1343.7,0,1,1
19,13615.78,32.0,3,0.2714,1,0.5586,6897.11,6,4,9296.14,0,0,0
71,47862.41,0.0,4,0.0248,0,0.5532,4348.08,7,2,11261.51,0,0,1
45,57108.1,,1,0.0441,1,0.3042,5632.62,5,2,4363.37,0,0,1
66,96280.91,8.0,2,0.1557,0,0.1839,27466.24,2,1,2225.12,0,1,1
67,77414.72,5.0,13,0.2528,1,0.3302,8739.47,2,3,4764.15,1,0,1
47,13193.76,27.0,9,0.4656,4,0.1136,8599.72,6,1,,1,0,1
55,54931.24,25.0,12,0.1346,3,0.5573,20733.44,6,0,6271.65,0,1,0
68,55526.5,27.0,10,0.4619,1,0.4585,15025.7,1,2,4686.8,0,0,1
21,49291.54,14.0,10,0.4732,4,0.1207,23257.49,9,3,29.93,1,0,0
18,70495.23,5.0,2,0.2133,4,0.5007,25333.78,7,4,5105.91,0,0,0
25,19772.33,26.0,12,0.306,1,0.4074,24004.4,8,4,3412.76,0,0,1
46,44784.1,3.0,6,0.2817,1,0.3545,11016.5,2,4,6505.58,1,0,0
72,66970.47,10.0,14,0.2822,3,0.652,1000.0,6,3,575.22,0,1,0
56,71989.39,20.0,7,0.2021,0,0.5524,2106.52,9,4,16908.24,1,0,1
20,58735.49,29.0,6,0.11,0,0.5916,15587.21,1,4,16663.81,0,0,1
49,47790.19,17.0,8,0.3637,0,0.2998,23799.48,5,2,6643.02,0,0,0
27,52001.47,34.0,9,0.4625,2,0.4707,7494.0,8,4,10688.45,0,1,0
27,73510.18,2.0,8,0.3024,2,0.3262,18325.99,4,3,4608.66,0,0,1
36,55847.52,11.0,5,0.3506,3,0.2155,11704.82,1,4,7138.64,1,0,0
63,28953.81,26.0,8,0.4391,0,0.3143,28000.56,7,1,7691.86,0,0,1
51,24162.56,29.0,10,0.1766,1,0.3809,10509.95,1,2,3494.27,1,1,1
50,17759.06,20.0,10,0.4528,2,0.4233,21493.4,7,0,25927.37,0,0,0
40,91389.52,20.0,9,0.061,0,0.4074,13900.23,7,1,7382.57,0,0,1
72,75186.55,14.0,14,0.3557,3,0.4297,17399.12,7,0,37278.29,1,1,0
45,52337.8,17.0,8,0.3449,1,0.2462,10968.93,5,3,4530.29,1,0,0
49,43655.19,28.0,2,0.1344,0,0.4023,17705.97,4,0,262.84,0,0,1
67,40651.75,20.0,2,0.5828,2,0.2195,1000.0,4,0,2881.3,0,1,0
24,82330.93,16.0,12,0.1713,0,0.3044,4577.1,1,4,8416.6,1,0,0
46,102610.84,17.0,3,0.4814,2,0.5163,7197.15,2,2,19294.16,1,0,0
25,39865.18,11.0,7,0.29,2,0.53,19960.79,7,0,7639.51,1,0,0
18,83460.39,10.0,9,0.081,1,0.2072,12229.18,8,3,,0,0,1
74,55700.32,19.0,8,0.4619,4,0.2517,1000.0,8,3,673.52,0,0,0
72,49689.28,8.0,9,0.2312,2,0.3221,15143.93,9,3,1250.95,1,1,1
20,92605.36,,6,0.1705,0,0.4913,2874.75,7,4,439.62,1,0,1
41,54745.86,2.0,1,0.4469,1,0.2569,21902.1,1,1,9935.68,1,0,1
40,62409.11,20.0,14,0.1896,0,0.3332,19089.14,8,4,14227.18,1,1,1
25,61206.85,22.0,12,0.2363,4,0.4327,3310.47,7,4,1437.21,0,0,0
71,14360.02,8.0,4,0.2831,2,0.1857,18216.0,2,0,3147.09,0,1,0
74,62210.28,18.0,13,0.2732,4,0.398,27949.42,6,2,5217.7,0,0,0
64,40932.7,18.0,6,0.4155,1,0.3964,4189.23,3,3,1232.55,0,1,0
54,19471.17,22.0,12,0.0955,1,0.5309,15749.31,5,2,4305.46,0,1,1
20,42071.57,,6,0.2575,3,0.4548,16923.07,6,1,27249.38,1,0,0
68,41865.28,26.0,8,0.1265,0,0.3058,10042.0,6,2,10159.42,0,0,1
50,80747.06,11.0,1,0.173,1,0.2047,17457.16,8,2,1461.12,1,1,1
45,28405.26,26.0,13,0.4075,0,0.4886,10519.82,8,1,832.35,0,1,0
64,35253.81,33.0,11,0.3578,3,0.1883,4008.7,9,1,4712.47,0,0,1
25,60884.71,32.0,2,0.1115,1,0.4119,19589.62,1,3,35350.27,0,0,1
51,21855.16,27.0,2,0.1082,0,0.2458,10628.32,4,3,12611.22,0,0,1
52,38524.83,30.0,13,0.4294,1,0.6359,4961.18,1,1,2775.19,0,1,1
49,13388.08,31.0,6,0.2948,0,0.2886,18524.69,6,1,213.06,0,0,1
41,78000.29,19.0,14,0.5683,1,0.3588,16844.72,3,4,4238.56,0,1,1
31,47465.92,34.0,14,0.3837,0,0.18,27272.8,5,3,1399.95,0,0,1
49,54602.05,30.0,11,0.3667,3,0.2705,18934.48,9,3,1590.35,1,0,1
73,77900.26,30.0,7,0.1906,2,0.4549,11647.39,3,4,1416.74,0,1,1
63,36943.28,21.0,2,0.2934,1,0.3774,20309.77,2,4,10172.52,1,0,0
60,47200.32,8.0,5,0.2828,4,0.3234,6921.32,8,3,292.0,0,0,1
33,28591.8,8.0,6,0.2988,1,0.6753,26698.71,7,4,6654.36,1,1,0
21,28537.41,14.0,4,0.2451,2,0.3658,10306.15,1,3,11171.43,1,0,1
69,31985.43,12.0,1,0.2718,1,0.1597,1605.45,9,0,1360.7,0,0,1
54,42687.74,21.0,3,0.1675,3,0.1567,10195.48,4,3,17874.26,0,0,1
71,45380.11,15.0,14,0.2131,0,0.0611,10789.95,6,4,650.85,1,0,1
38,62215.8,31.0,10,0.1532,2,0.4528,22372.16,7,1,9183.41,1,0,1
31,32719.58,1.0,9,0.2519,2,0.3313,6711.75,8,2,1509.59,0,0,1
48,62990.82,25.0,13,0.3674,1,0.46,11148.4,4,2,13120.49,0,0,0
72,67125.03,13.0,6,0.5836,0,0.396,15310.1,9,2,,0,1,0
65,43304.45,33.0,2,0.0753,0,0.3928,14966.77,1,2,7117.3,0,1,1
35,34881.89,7.0,9,0.146,3,0.3022,27679.09,8,1,3397.46,0,0,1
24,57126.98,20.0,4,0.2046,2,0.242,20059.59,9,2,2664.37,1,0,1
27,49927.06,27.0,11,0.5208,2,0.2263,8465.71,4,0,4978.84,0,0,1
24,60508.8,5.0,13,0.2147,0,0.2692,20221.48,5,4,11341.08,1,1,1
50,94246.66,19.0,8,0.1289,1,0.3536,12172.39,2,3,1473.5,0,0,1
40,56715.93,30.0,10,0.3929,3,0.3557,29051.84,5,1,13554.28,1,0,1
38,39019.24,32.0,7,0.3756,2,0.1586,12995.88,3,2,5228.92,0,1,0
36,32727.76,6.0,12,0.4659,2,0.5641,21075.22,9,2,4814.96,1,1,0
65,33694.96,7.0,11,0.581,0,0.3226,23741.16,5,2,133.9,1,0,1
36,18430.84,8.0,3,0.0682,0,0.5137,12507.34,5,4,1060.9,1,0,1
53,78318.59,1.0,8,0.3133,2,0.2886,13932.9,7,1,4524.69,0,0,0
46,10000.0,16.0,4,0.4222,1,0.3039,11555.98,9,0,31833.19,1,1,1
35,67202.62,16.0,2,0.3192,1,0.341,20061.16,5,3,2303.05,0,0,1
19,33298.4,,11,0.1466,1,0.1553,34826.95,9,0,82.47,0,1,1
18,42189.87,29.0,5,0.1197,5,0.3315,19667.38,7,0,4579.41,0,1,0
64,32550.31,5.0,1,0.235,1,0.2435,17774.48,6,2,128.66,0,0,1
22,91146.62,3.0,13,0.4392,1,0.2523,8692.09,6,1,3278.45,0,0,0
37,55407.89,34.0,8,0.5035,2,0.3352,23590.62,4,2,3496.34,0,0,0
28,74759.46,8.0,14,0.4547,1,0.4765,16419.06,9,3,18.85,0,0,0
59,87513.17,5.0,8,0.0476,2,0.3204,33493.63,9,1,12097.33,1,0,0
19,59085.14,12.0,3,0.2315,2,0.4893,28838.83,3,0,19521.14,1,0,0
20,25109.41,21.0,1,0.3652,2,0.4164,15966.14,4,2,53544.08,0,0,0
40,49483.93,27.0,4,0.292,0,0.2306,17621.15,1,0,5686.93,0,0,1
72,36443.8,29.0,9,0.3959,1,0.6511,14910.69,9,3,2929.41,1,0,0
29,42412.4,1.0,9,0.1904,1,0.2382,7136.65,6,4,10111.9,1,0,1
37,,7.0,1,0.1186,2,0.1949,21321.77,3,3,10668.49,0,1,1
22,51646.11,8.0,11,0.5338,0,0.5845,13327.22,2,1,3813.82,0,1,0
54,65302.73,0.0,7,0.133,1,0.2708,32032.77,8,4,6670.05,1,1,1
55,68932.61,12.0,6,0.1807,1,0.1732,15548.01,6,0,13797.47,0,0,1
47,51646.37,14.0,14,0.2536,1,0.4767,5104.12,3,4,1677.62,0,1,1
26,,31.0,7,0.0875,4,0.4056,18582.35,3,2,165.48,0,0,0
51,41266.0,33.0,7,0.344,0,0.4506,21795.65,8,0,,0,0,1
70,87869.5,30.0,8,0.0999,0,0.343,19365.27,1,4,8734.5,1,0,1
61,40862.22,13.0,8,0.8266,3,0.1957,17508.91,3,3,6844.82,0,0,0
52,84929.66,13.0,10,0.1577,1,0.5746,13987.21,5,4,7255.56,0,0,1
69,18098.32,28.0,14,0.33,2,0.4887,17193.67,5,1,3995.04,1,0,1
39,45489.82,18.0,11,0.297,0,0.5611,16398.7,8,0,8432.82,0,0,1
61,46725.55,26.0,2,0.4467,1,0.2866,5930.13,6,4,350.04,0,0,1
41,61974.79,8.0,12,0.2038,0,0.3454,30946.46,3,0,1311.31,1,1,1
34,76545.42,27.0,12,0.3128,1,0.6004,17503.44,4,3,4707.54,0,0,0
27,23765.12,23.0,12,0.1079,1,0.6707,15215.47,4,1,22915.96,1,1,1
47,27300.42,27.0,4,0.0676,1,0.4963,28494.31,6,0,8273.66,1,0,1
73,19952.3,17.0,4,0.3933,0,0.6515,3911.07,9,1,3511.49,1,1,0
63,88004.6,24.0,13,0.366,1,0.3574,32932.47,8,3,4899.31,0,0,1
40,62440.12,,11,0.4864,4,0.1809,8732.4,7,0,14947.45,1,0,1
49,27890.72,3.0,10,0.4462,3,0.4873,26587.71,9,3,6255.3,1,0,0
34,43922.63,13.0,12,0.0564,0,0.45,7246.2,9,3,392.4,0,0,1
67,84544.03,25.0,13,0.1791,2,0.5832,7822.23,6,1,4314.7,0,0,1
68,,7.0,8,0.1904,1,0.1716,19809.67,9,3,3928.57,0,0,1
34,46570.3,23.0,14,0.4532,3,0.3202,16737.53,8,3,18411.87,1,0,0
31,35467.58,15.0,13,0.2707,1,0.2848,7558.37,3,4,2915.49,0,1,1
26,29375.19,19.0,13,0.3617,3,0.2615,8266.66,6,0,535.05,0,1,0
57,84583.1,14.0,3,0.2375,2,0.2869,11823.79,4,3,3505.82,1,0,1
19,96847.54,6.0,12,0.6025,1,0.4843,23793.8,3,2,359.12,1,0,0
62,30370.14,16.0,13,0.4233,0,0.415,17326.94,5,2,14284.22,1,1,1
42,90123.56,21.0,13,0.1595,2,0.5341,19481.59,8,4,7136.82,0,0,1
56,42815.26,21.0,12,0.2125,0,0.2713,10736.07,7,3,5069.62,0,0,1
26,68341.2,11.0,3,0.306,2,0.3306,18796.19,7,4,3568.36,0,1,0
71,90255.35,17.0,13,0.4923,0,0.3544,3935.66,2,2,4325.56,0,1,1
39,51373.09,14.0,2,0.2796,0,0.386,8151.58,7,0,12403.36,1,1,1
60,46801.45,15.0,1,0.2002,1,0.1471,22706.97,1,3,1587.75,0,1,1
63,75027.02,4.0,8,0.2103,4,0.1674,17496.26,6,4,592.95,0,0,0
21,27251.18,1.0,14,0.3335,1,0.5725,29533.85,7,0,6599.27,0,0,0
43,83676.53,27.0,9,0.6947,1,0.6581,20179.51,2,4,15666.64,1,0,0
46,58570.23,26.0,9,0.3151,1,0.5104,4927.28,8,0,6608.62,1,1,0
62,40556.24,,11,0.4132,3,0.4649,21484.49,8,0,12723.16,0,1,0
51,39895.81,0.0,8,0.2065,3,0.1426,4428.89,6,4,17861.42,1,0,1
40,20413.44,28.0,5,0.0758,2,0.4256,20510.32,7,2,,1,1,1
54,41595.7,0.0,1,0.4011,2,0.5153,13029.51,5,4,7116.8,0,1,1
28,48399.06,7.0,9,0.3551,0,0.0996,9429.58,5,1,14306.46,1,0,1
23,28467.66,15.0,6,0.2684,2,0.3795,15168.6,8,3,8252.26,1,0,1
35,53863.38,27.0,12,0.7154,2,0.5114,5506.72,2,2,7162.86,0,1,0
38,66822.93,21.0,7,0.0745,0,0.1249,12466.49,4,2,12412.21,0,1,1
59,49663.2,17.0,8,0.2533,1,0.2507,1000.0,7,4,9827.87,0,0,1
53,71568.15,21.0,13,0.2244,0,0.4099,23701.96,8,3,5571.18,0,1,1
58,34821.5,11.0,5,0.2589,1,0.3168,17398.35,4,1,360.26,0,0,1
55,80084.57,18.0,6,0.1746,0,0.2394,13815.41,6,4,7601.62,0,0,1
51,58045.37,24.0,12,0.2111,1,0.2417,18988.79,3,3,1918.0,0,0,1
34,93631.43,4.0,13,0.451,1,0.6101,5940.49,7,4,2345.16,0,0,0
54,115355.43,33.0,7,0.1194,1,0.2325,13015.34,2,3,9104.08,0,1,1
42,43243.91,9.0,7,0.3138,2,0.3942,19839.73,1,2,4827.84,0,0,0
55,44273.4,6.0,2,0.5685,1,0.3887,8240.79,5,4,10092.25,0,0,0
29,48843.95,14.0,14,0.2343,1,0.2807,24451.76,4,1,3988.0,0,0,1
40,69892.56,23.0,11,0.0684,3,0.3237,13212.68,5,3,16323.72,1,0,1
70,88149.25,25.0,12,0.2228,0,0.2002,1000.0,9,1,4455.91,0,1,1
59,38679.79,25.0,14,0.2121,2,0.2953,16931.28,1,1,5446.96,0,0,1
39,64531.11,25.0,1,0.4772,2,0.5033,12580.39,8,4,1079.87,0,0,0
38,51601.82,9.0,8,0.1313,0,0.4365,30929.67,3,3,5602.42,1,0,1
44,70452.73,16.0,5,0.0395,0,0.3074,12786.0,7,0,2193.39,0,0,1
74,92736.44,13.0,10,0.1555,3,0.3727,21741.46,3,1,11516.91,1,1,0
48,48991.79,1.0,2,0.311,0,0.3361,11832.06,5,3,10015.35,1,1,1
23,13253.31,12.0,3,0.129,0,0.5001,2167.38,7,2,127.76,0,0,0
44,73597.54,26.0,6,0.3079,2,0.1925,17388.47,6,1,5446.78,0,0,1
57,34182.37,8.0,10,0.306,0,0.4848,17569.93,2,1,371.65,1,0,0
51,51422.11,6.0,6,0.237,1,0.3732,22443.19,3,1,6738.4,1,1,1
29,74675.77,9.0,8,0.2402,0,0.6128,1292.06,9,2,18552.88,1,0,1
62,62434.87,8.0,5,0.3686,1,0.25,18950.03,6,2,16149.41,0,0,1
74,52457.0,21.0,5,0.4006,4,0.4866,18432.74,2,4,2235.75,0,0,0
70,40602.96,22.0,7,0.3563,1,0.2417,17788.92,5,0,1207.64,1,1,1
24,10000.0,6.0,10,0.3101,1,0.2102,1000.0,9,4,12525.84,0,0,0
27,72458.02,8.0,13,0.208,0,0.5121,23161.87,4,0,6320.49,0,0,1
62,48676.21,26.0,14,0.157,1,0.3486,6363.76,2,1,4410.81,1,0,1
34,92833.41,23.0,5,0.1214,2,0.6439,22243.33,2,3,13306.83,1,0,0
43,64950.7,28.0,9,0.3429,0,0.3969,28771.8,4,1,2328.29,1,1,0
38,41471.87,16.0,6,0.176,0,0.2686,21429.68,7,2,2035.1,1,0,0
45,81671.75,19.0,7,0.1411,1,0.2839,17053.38,5,0,7572.6,0,1,1
63,83778.24,6.0,12,0.4905,1,0.6091,13569.98,7,1,2546.07,1,1,0
19,49524.2,6.0,8,0.3124,1,0.2987,16219.9,4,0,4452.03,1,1,1
71,84841.12,27.0,13,0.133,2,0.379,6811.96,1,4,4853.03,0,1,1
60,41117.3,18.0,5,0.3331,3,0.2598,18453.72,4,2,1835.54,0,1,0
18,58991.19,19.0,14,0.3629,2,0.4479,13663.19,5,2,509.35,0,0,1
68,,6.0,11,0.5107,1,0.7274,5742.03,6,3,11642.69,0,1,0
70,74619.54,5.0,4,0.0864,1,0.3926,7285.28,4,1,12244.55,0,0,1
53,70538.05,24.0,12,0.3481,0,0.2005,14718.35,7,2,7297.78,1,0,0
68,46683.57,12.0,8,0.4712,1,0.2514,4457.52,4,3,1287.08,1,0,1
43,82342.44,21.0,12,0.1508,3,0.3624,15384.91,4,2,5173.36,0,1,1
46,51889.32,16.0,10,0.0534,0,0.4165,24974.34,6,4,1567.14,1,1,1
38,40774.32,,9,0.2368,2,0.573,16521.02,1,1,17047.46,0,0,1
28,41141.55,33.0,1,0.0533,2,0.4207,13487.54,9,1,9559.8,0,0,1
57,103499.71,7.0,3,0.2768,2,0.5365,8784.15,6,0,255.03,1,0,0
28,36450.41,17.0,12,0.2397,0,0.3376,18323.54,4,3,13.34,1,0,1
53,87290.88,23.0,4,0.0493,2,0.2418,3144.46,4,4,32962.68,1,0,1
66,26613.33,1.0,13,0.1824,0,0.4073,14181.04,9,0,325.3,1,0,1
56,67197.64,1.0,7,0.4806,3,0.3491,16064.58,9,4,16070.95,0,0,0
57,62427.09,26.0,6,0.303,3,0.2417,9914.24,6,0,24955.07,0,0,0
52,95530.67,13.0,10,0.3419,0,0.2578,17203.56,5,0,2946.55,1,0,1
71,38639.95,11.0,10,0.3472,2,0.6888,30569.49,1,1,6214.61,0,0,0
51,31733.39,31.0,11,0.5088,1,0.3571,19049.58,9,4,8339.55,0,1,0
72,52087.24,27.0,1,0.3968,0,0.3223,24498.45,6,3,5878.87,1,1,1
64,96620.05,27.0,4,0.0851,1,0.3834,21813.3,9,3,1921.34,1,0,1
41,32896.04,24.0,6,0.4041,2,0.5045,26867.82,2,0,6963.55,0,0,1
71,10000.0,3.0,3,0.553,0,0.3514,11228.87,8,0,2394.48,0,1,0
39,56494.2,25.0,2,0.2016,1,0.178,1000.0,7,4,1442.8,0,0,1
22,78738.07,2.0,2,0.2403,1,0.4589,12547.33,1,1,5634.05,0,0,0
73,29654.85,0.0,10,0.2748,2,0.3179,7303.23,6,1,3721.71,1,0,0
50,76198.3,16.0,12,0.4037,2,0.7894,10774.75,8,4,222.34,0,0,0
53,29102.23,6.0,12,0.2809,1,0.5406,8908.36,1,4,23914.47,1,0,0
64,51336.04,4.0,4,0.2754,1,0.2066,18924.59,3,1,322.88,0,0,0
37,73817.06,18.0,13,0.351,0,0.3999,26369.2,1,0,18660.71,0,1,1
36,25313.36,33.0,1,0.1285,1,0.444,24365.13,4,1,1683.16,0,0,1
52,59537.83,34.0,10,0.0423,3,0.2906,14214.9,4,2,1223.93,0,0,1
69,85374.34,15.0,2,0.1331,0,0.5447,1000.0,6,2,573.38,1,0,0
60,66848.35,26.0,13,0.3784,2,0.3457,8819.81,6,4,4436.89,0,0,0
34,36984.35,24.0,10,0.1121,0,0.2759,3433.66,2,2,7071.8,0,0,1
62,92967.96,25.0,2,0.1975,1,0.4677,14495.3,7,3,18725.17,0,0,1
60,71459.81,13.0,4,0.1226,1,0.5629,21080.27,7,2,12250.51,1,0,1
51,10000.0,13.0,4,0.2849,2,0.5525,31865.21,6,1,1391.24,0,0,0
26,76606.09,13.0,1,0.4085,0,0.2137,15717.58,9,2,1468.75,0,0,1
43,40715.64,24.0,7,0.1621,1,0.3296,1000.0,4,0,65.55,0,0,1
19,59914.09,3.0,7,0.1156,1,0.1124,2510.11,8,4,9313.44,0,0,1
70,80200.1,14.0,10,0.3579,2,0.1831,13540.24,2,0,141.07,0,0,1
26,41259.89,31.0,11,0.4576,1,0.4699,30133.01,4,2,1193.09,0,0,0
26,13860.18,17.0,10,0.2686,0,0.3228,23320.82,7,0,8052.98,0,0,1
57,92638.63,13.0,10,0.3054,2,0.3606,1084.87,7,3,1302.68,1,0,1
34,84114.59,0.0,1,0.0411,1,0.2675,2864.27,4,0,1330.48,1,0,1
18,52818.6,19.0,11,0.1042,1,0.2139,1000.0,9,3,2132.62,0,0,1
42,76335.54,9.0,8,0.5536,0,0.2006,20373.96,2,1,3892.46,1,0,1
60,45765.33,9.0,10,0.5477,0,0.4603,9863.62,6,0,63.18,0,0,1
57,57424.25,23.0,14,0.3348,1,0.3443,9662.81,3,2,10965.33,0,0,1
59,51392.8,33.0,14,0.1577,0,0.3126,22803.66,2,1,11891.53,0,1,1
42,46776.4,27.0,7,0.2016,0,0.3051,6876.24,1,4,3655.05,1,0,1
56,63982.56,26.0,7,0.468,0,0.3091,7281.45,8,4,12800.81,0,0,1
52,24795.53,0.0,11,0.4344,1,0.6608,16473.11,2,2,2681.23,1,0,0
20,48710.48,32.0,6,0.2545,1,0.3441,13612.71,4,3,33976.31,1,0,0
67,62861.99,3.0,12,0.1178,1,0.7068,22217.85,3,0,4056.43,0,0,0
54,100952.52,6.0,4,0.3709,1,0.2726,6482.79,8,4,8840.66,1,1,0
61,25811.64,8.0,11,0.0687,1,0.4304,17203.67,7,0,3114.13,0,0,1
61,68013.83,15.0,8,0.7031,1,0.5649,11251.99,4,1,4794.79,1,0,0
68,70753.72,4.0,2,0.3186,0,0.5209,13477.22,6,0,8287.0,0,0,0
47,10000.0,33.0,7,0.3784,0,0.605,13425.88,5,4,3415.86,0,0,1
55,65263.3,22.0,3,0.614,1,0.3095,10788.7,2,3,8550.7,1,1,1
51,77007.13,24.0,14,0.1252,1,0.3591,21677.7,7,4,1262.73,1,0,1
29,69716.32,,3,0.0798,2,0.6853,16155.46,9,2,5289.35,0,0,0
36,52901.82,23.0,14,0.1468,3,0.2864,4739.31,8,4,2549.08,0,0,0
54,63331.0,10.0,7,0.1097,1,0.2105,16628.23,7,0,20208.67,0,1,1
61,59246.12,16.0,12,0.3807,1,0.437,11710.3,6,0,,1,0,1
66,12763.57,12.0,3,0.3472,2,0.5627,11146.69,2,3,5346.38,0,0,1
34,59833.01,26.0,5,0.1338,2,0.222,20227.83,6,4,4837.43,0,0,1
27,45823.24,19.0,8,0.0756,2,0.4608,12736.46,1,1,14365.62,1,0,1
74,37379.45,32.0,14,0.1197,2,0.1518,16004.42,6,1,9381.09,0,0,1
72,117124.25,31.0,13,0.2837,1,0.2606,20050.13,7,1,9198.92,1,1,1
66,86315.39,7.0,4,0.2367,0,0.3428,14754.43,4,2,6357.09,0,1,1
64,26245.7,28.0,7,0.0975,3,0.6512,1000.0,7,1,15864.88,0,0,0
29,63665.9,18.0,7,0.2143,1,0.463,23040.15,9,2,1680.83,1,1,1
33,91450.63,5.0,2,0.1844,2,0.4884,1000.0,1,1,15837.41,0,1,1
41,17595.02,20.0,14,0.127,0,0.6111,5951.25,4,3,5884.12,1,0,1
36,,21.0,8,0.2047,1,0.2927,11813.74,4,4,7768.67,0,0,1
25,58101.82,9.0,10,0.1758,1,0.4064,14591.7,4,2,26250.55,0,0,1
48,23137.68,9.0,12,0.3438,1,0.4728,1806.26,1,0,4420.17,1,1,0
38,64488.76,28.0,10,0.3719,1,0.6154,16657.75,7,2,8821.73,1,0,1
34,82906.16,15.0,14,0.2845,0,0.2067,22360.9,8,4,5907.33,0,0,1
40,92701.19,0.0,9,0.3296,1,0.6205,13106.53,7,2,21459.74,0,0,0
54,48765.9,16.0,6,0.1197,2,0.2719,12090.09,2,2,,0,0,1
71,117541.13,29.0,14,0.1348,1,0.6122,24357.42,4,4,2367.13,0,0,1
33,,25.0,5,0.4112,2,0.2915,11009.49,2,1,5273.57,0,1,1
23,63905.42,18.0,1,0.2084,0,0.5154,1000.0,7,4,19887.98,0,0,1
25,19692.64,20.0,1,0.5126,3,0.0789,17025.54,4,3,5556.62,0,1,1
42,57254.57,16.0,9,0.4455,1,0.397,10641.49,7,1,1263.92,0,0,0
35,41952.33,20.0,14,0.3217,2,0.3183,9438.94,6,2,6240.24,0,0,1
42,67671.94,18.0,4,0.1675,0,0.1703,27915.62,3,4,3922.95,0,0,1
29,51827.98,6.0,1,0.0187,1,0.5979,7033.87,9,3,8393.41,1,1,0
32,34350.4,16.0,11,0.1922,1,0.4592,9770.03,8,3,2209.74,0,0,0
43,35992.73,0.0,10,0.2489,2,0.3073,7237.74,7,0,3112.32,0,0,1
58,103311.49,5.0,12,0.1172,2,0.197,20201.61,3,3,5814.88,1,0,1
62,66088.09,25.0,3,0.1003,0,0.2788,22595.33,5,0,1007.06,1,1,1
43,12446.78,1.0,6,0.4398,0,0.4817,20192.12,8,3,1890.9,0,0,0
64,68769.69,31.0,14,0.1614,2,0.6327,16403.18,2,4,12929.34,1,0,0
49,50133.08,4.0,11,0.1939,1,0.6157,17814.47,4,2,22403.89,0,0,1
27,55115.03,30.0,13,0.3997,2,0.1461,19115.23,5,1,27929.48,0,0,1
33,75497.2,11.0,13,0.4182,0,0.3684,23831.78,2,3,22150.26,0,1,0
24,84580.68,34.0,11,0.5434,1,0.3401,32326.74,6,3,22781.16,1,0,1
34,33529.68,29.0,8,0.5879,0,0.2535,18487.81,7,0,13767.09,1,1,0
40,54256.46,5.0,13,0.3318,2,0.656,9875.23,8,2,10642.78,0,1,0
43,41347.22,14.0,10,0.286,2,0.2437,1000.0,4,4,2110.04,0,0,1
38,69921.55,14.0,2,0.4622,1,0.5742,22766.33,5,4,4663.3,0,1,1
39,49192.39,,8,0.2704,0,0.151,24841.08,3,2,4059.53,1,0,1
24,55731.29,19.0,14,0.1589,1,0.4341,10499.11,5,4,10484.85,1,0,1
31,48243.08,12.0,13,0.5844,0,0.3177,15933.89,6,1,5160.75,0,0,1
32,52347.01,30.0,1,0.2618,1,0.4438,21074.4,4,4,3572.47,0,1,0
70,97616.28,33.0,11,0.169,1,0.4159,2541.81,6,1,13459.29,0,1,1
24,114769.15,28.0,2,0.1711,0,0.1124,1000.0,9,3,11087.36,0,0,1
26,64427.3,2.0,8,0.4963,2,0.1891,11316.58,4,4,3681.28,1,1,1
68,52500.76,,7,0.1828,2,0.5907,8754.43,7,4,4348.45,1,0,0
65,15109.08,10.0,5,0.3878,2,0.744,26998.25,8,1,17893.49,0,1,0
25,35989.55,10.0,13,0.3737,0,0.1284,15552.68,3,3,10554.43,0,1,1
67,51831.6,24.0,10,0.2151,2,0.3427,22121.87,7,3,9369.01,0,0,1
40,37123.42,21.0,2,0.6102,1,0.2426,1000.0,9,0,9950.13,0,0,1
46,39752.48,8.0,9,0.4291,1,0.3533,13295.88,1,3,863.38,1,1,0
35,94384.74,19.0,5,0.068,1,0.4827,11265.96,1,2,6631.76,1,0,1
48,55719.77,20.0,8,0.4933,4,0.5664,16519.74,7,0,2751.21,1,0,0
47,57955.3,9.0,13,0.2092,1,0.6817,21285.66,2,3,709.19,1,0,0
69,38145.24,21.0,4,0.1301,2,0.4037,12072.28,8,1,10506.35,1,0,1
56,84438.62,28.0,14,0.1732,0,0.2621,23207.3,6,2,2903.1,0,0,1
52,49685.53,8.0,9,0.373,2,0.6159,14530.81,2,0,2969.19,1,1,0
35,41978.41,4.0,10,0.0571,2,0.1218,9538.93,4,4,8170.0,0,0,1
59,15481.23,10.0,7,0.348,0,0.5704,12794.99,7,1,8779.22,0,0,0
56,53472.45,0.0,2,0.3102,1,0.649,1000.0,8,2,5140.62,1,0,0
34,41198.55,0.0,3,0.3695,1,0.1115,23942.12,5,1,6503.88,0,0,0
31,97114.49,4.0,14,0.2659,1,0.576,14227.55,2,0,15117.83,0,1,0
48,101097.47,21.0,2,0.1859,0,0.2827,19207.4,2,2,906.07,1,0,1
41,,25.0,5,0.1788,0,0.365,24603.22,4,0,540.67,0,1,1
52,26946.17,5.0,2,0.5084,1,0.51,1000.0,3,0,8542.61,1,0,1
61,48092.01,31.0,5,0.2488,0,0.4529,1000.0,7,3,7406.91,1,0,0
62,34599.05,10.0,13,0.1732,1,0.4365,26905.11,5,1,1645.61,0,1,0
51,60435.41,9.0,9,0.1573,0,0.269,7508.31,5,3,5903.46,0,0,1
20,46834.41,33.0,2,0.0658,3,0.4136,15048.31,8,3,10952.91,0,1,1
54,62013.31,,9,0.2515,1,0.4728,11050.24,1,1,10525.37,1,0,1
60,80402.34,11.0,7,0.1823,1,0.5058,15596.37,6,2,7245.24,1,0,1
57,28394.46,15.0,7,0.4207,1,0.494,23313.3,6,1,1118.21,0,0,0
43,79880.28,2.0,14,0.2564,3,0.3048,5998.17,4,4,2899.33,1,0,1
72,36783.69,1.0,5,0.3263,0,0.5576,28705.55,7,2,4164.07,0,1,0
40,108712.07,4.0,8,0.1523,0,0.2722,12461.18,9,3,12418.9,1,0,1
61,95524.4,10.0,7,0.2412,0,0.5125,28203.56,9,0,6278.76,0,0,0
56,52172.99,24.0,6,0.1844,1,0.1886,1000.0,8,0,10570.05,0,0,1
32,30910.41,34.0,2,0.5213,1,0.2935,8490.14,1,3,20564.71,1,0,1
73,26128.35,34.0,6,0.4242,0,0.2724,5189.14,9,2,7823.69,0,0,1
66,76840.71,21.0,14,0.4668,2,0.4263,4664.46,4,4,2165.52,0,1,1
21,54239.93,21.0,2,0.1337,1,0.3637,25094.9,3,2,1202.69,0,0,1
46,78171.67,10.0,1,0.546,2,0.2841,7152.59,2,1,4.34,1,0,0
39,110105.72,31.0,9,0.3167,0,0.3176,23008.9,4,4,1545.07,0,0,1
42,35740.43,34.0,13,0.156,1,0.4114,20924.78,7,1,2509.05,0,0,1
30,24246.54,30.0,5,0.2572,2,0.4051,23989.26,1,2,2515.27,0,0,1
35,59814.01,7.0,10,0.0229,0,0.1922,1320.33,2,3,8798.87,0,0,1
50,83618.99,19.0,10,0.2669,2,0.6842,20223.32,1,3,1302.4,0,0,0
33,31488.49,33.0,4,0.0572,2,0.3205,25292.3,6,1,4573.91,0,0,1
62,55865.62,3.0,12,0.4204,2,0.305,23090.51,7,4,39.36,1,0,1
59,89251.09,17.0,11,0.5567,2,0.7477,14502.69,8,1,2421.41,1,0,0
61,14178.05,3.0,8,0.1236,0,0.3078,1245.82,2,4,335.37,0,0,0
19,60882.95,19.0,5,0.0826,1,0.0516,15440.02,1,0,9890.86,0,0,1
72,41497.42,8.0,14,0.2653,3,0.5553,19594.47,2,2,3499.44,1,0,1
52,58103.91,15.0,7,0.5713,0,0.4939,11039.89,8,3,5232.9,0,0,0
59,72744.61,25.0,3,0.1478,1,0.5238,14308.83,5,3,11465.52,0,1,1
51,60520.21,24.0,8,0.0533,3,0.4288,22747.02,6,4,,1,1,1
47,29744.44,,8,0.1173,1,0.3163,16720.95,4,0,5816.5,0,0,1
72,42468.85,18.0,3,0.1998,0,0.4587,26859.29,3,3,8393.36,0,0,1
30,90664.82,13.0,9,0.1144,1,0.5128,16801.87,9,1,10653.92,0,1,1
30,63223.32,20.0,14,0.074,1,0.4573,13205.27,5,1,2687.29,0,0,1
35,76007.98,14.0,8,0.5538,2,0.2559,22474.21,7,3,9827.79,0,1,0
49,61257.38,2.0,1,0.101,2,0.5004,21054.79,7,4,8483.12,0,0,0
49,75227.9,15.0,8,0.1042,1,0.5686,13729.56,7,2,4682.45,1,0,1
52,45096.35,13.0,12,0.171,3,0.2333,25122.58,8,0,3333.33,1,0,0
56,35812.21,8.0,11,0.1722,1,0.7718,5010.55,3,2,29093.15,0,1,1
63,74092.44,6.0,4,0.3265,2,0.2605,12659.52,1,0,,0,0,1
69,83184.35,13.0,6,0.4531,1,0.2718,33924.6,4,3,9502.34,1,0,0
46,32142.97,5.0,14,0.0687,2,0.6997,25986.52,1,4,3878.17,0,1,1
66,40601.38,20.0,13,0.2704,1,0.5498,22678.77,4,1,11139.65,1,0,0
46,50919.34,14.0,10,0.2788,0,0.3349,7580.83,2,1,9096.48,0,0,1
70,95495.62,7.0,9,0.1724,1,0.4528,1000.0,8,1,6299.41,0,0,1
61,69078.39,33.0,5,0.1462,2,0.0886,12845.27,6,4,1131.01,1,0,1
74,21897.83,0.0,7,0.3775,2,0.1015,18796.83,5,2,23439.98,0,0,1
33,52675.43,31.0,13,0.3111,2,0.7087,24555.1,2,3,2119.71,0,0,1
73,48853.03,4.0,1,0.354,3,0.389,6150.67,3,4,3997.22,0,0,1
61,25668.26,29.0,9,0.152,2,0.4684,16728.91,9,3,3353.47,0,0,1
64,52380.2,21.0,14,0.4339,0,0.233,12656.92,5,3,1335.57,0,0,1
74,47749.06,19.0,6,0.4103,1,0.3219,16196.56,2,2,198.52,0,1,1
27,45959.19,15.0,11,0.5563,2,0.223,18747.62,1,1,21251.46,0,0,1
47,44815.47,6.0,4,0.322,0,0.3936,12669.93,5,0,10760.37,0,0,1
42,91784.84,6.0,6,0.1666,0,0.1342,10087.37,3,4,167.45,0,1,1
56,45907.42,1.0,5,0.2717,1,0.0983,13619.34,5,4,9312.04,0,0,1
37,56241.78,13.0,3,0.6157,1,0.3971,19310.35,8,4,1111.38,0,1,0
22,53530.88,30.0,7,0.2872,1,0.2731,19273.89,4,3,10298.58,0,0,1
18,42374.58,13.0,3,0.1906,0,0.5822,6650.65,6,2,5628.48,0,1,1
47,56987.62,4.0,13,0.2327,0,0.5652,5182.75,8,4,30481.36,0,1,0
66,56633.76,10.0,14,0.2353,2,0.654,22839.43,3,3,4530.07,0,1,1
20,56993.91,4.0,13,0.2516,1,0.5262,4397.22,8,2,11056.72,1,0,1
62,33519.17,28.0,2,0.2547,1,0.3144,9918.44,1,0,337.5,1,1,1
31,49846.89,10.0,14,0.5108,1,0.4206,13454.19,4,2,21935.6,0,1,1
73,74008.05,4.0,4,0.2701,1,0.1472,15334.77,6,1,6612.69,1,0,1
47,50504.58,31.0,7,0.1698,1,0.5654,14613.19,4,0,3017.57,0,0,0
67,59044.55,14.0,5,0.0562,1,0.6045,20300.74,7,0,1085.58,0,0,1
21,59175.93,18.0,14,0.2123,0,0.4663,27429.69,4,0,8191.43,0,0,0
35,65434.88,21.0,9,0.3004,1,0.473,14496.41,6,3,10972.61,1,0,0
54,68966.27,33.0,10,0.2905,2,0.1964,7572.19,4,0,713.57,0,0,1
42,50646.23,16.0,7,0.4648,1,0.2584,17230.86,6,3,,0,0,0
65,32216.62,11.0,12,0.5236,1,0.3906,12742.45,8,1,3894.62,0,0,0
18,24532.12,24.0,14,0.1955,0,0.5083,11405.62,2,0,15271.24,0,0,1
70,80442.16,16.0,9,0.2566,0,0.101,20811.26,5,4,32563.97,1,0,1
63,74256.26,,14,0.2635,5,0.2358,5500.2,7,3,10932.79,0,0,0
32,71234.12,27.0,9,0.1757,2,0.4165,10695.13,5,3,44.76,0,1,1
26,75280.09,17.0,12,0.3065,2,0.0731,13429.32,7,2,18702.18,1,1,1
32,50961.1,17.0,2,0.5235,0,0.6513,21563.31,3,0,215.3,0,0,0
66,39378.09,31.0,1,0.2644,1,0.3542,19912.36,4,0,18194.05,1,1,1
74,30489.81,13.0,11,0.3009,0,0.5369,22846.79,5,2,4225.36,1,0,1
41,27766.25,15.0,4,0.2942,3,0.3049,9450.57,3,3,10832.45,1,0,0
21,85303.97,17.0,4,0.5764,1,0.7216,28731.67,6,3,728.75,0,0,0
29,42671.38,15.0,13,0.0574,0,0.5427,12456.57,7,2,1441.89,0,0,1
54,81371.48,16.0,2,0.1543,4,0.573,19721.65,6,1,4793.87,0,0,0
54,50327.85,6.0,3,0.4686,2,0.2572,16595.89,6,3,314.13,1,1,0
60,38093.97,11.0,3,0.1627,2,0.4026,9150.08,5,0,3951.18,0,0,0
23,27640.88,33.0,5,0.2377,2,0.3579,12419.69,6,1,11153.52,0,0,1
56,40296.14,9.0,1,0.1774,2,0.4373,19730.12,6,4,8507.03,0,0,1
73,90455.97,4.0,9,0.0884,3,0.1538,19359.4,8,2,3468.17,0,0,1
63,27894.75,20.0,8,0.1572,1,0.1667,17801.71,1,3,71.07,0,1,1
41,107918.67,2.0,8,0.1383,2,0.5907,24251.34,2,3,2514.14,0,1,1
28,33984.81,18.0,3,0.2803,2,0.2666,25204.37,6,2,11977.06,0,0,1
30,73748.75,34.0,2,0.4154,0,0.5795,13526.6,6,3,3330.54,0,0,1
51,51368.72,,1,0.2259,2,0.2756,8689.18,7,3,3792.05,1,0,1
42,46986.01,13.0,12,0.1823,2,0.4144,5846.83,1,0,616.76,1,0,1
24,23214.48,3.0,6,0.2754,1,0.7686,18749.55,6,0,7364.21,0,0,0
69,52540.18,17.0,13,0.2983,4,0.4295,26266.0,8,3,7780.78,0,0,1
21,26042.85,28.0,10,0.2191,1,0.0673,16814.65,3,3,4508.88,1,0,1
25,12960.57,34.0,1,0.3651,1,0.3816,13657.0,4,3,11435.98,1,0,0
37,57989.97,15.0,14,0.1778,0,0.3726,23226.9,1,3,16755.85,0,0,1
46,39114.42,19.0,11,0.0762,3,0.4483,8289.48,3,1,11107.61,1,1,1
71,97108.71,23.0,5,0.4021,1,0.1138,14208.02,7,0,6287.49,0,0,1
70,80000.54,34.0,9,0.1326,3,0.4986,6583.28,9,3,21952.39,0,0,1
68,97435.8,18.0,11,0.1441,1,0.2556,20274.91,2,3,3852.78,1,0,1
62,37977.93,3.0,9,0.3751,1,0.4758,5964.84,6,0,8507.3,0,0,0
63,58403.44,32.0,13,0.0677,1,0.4676,22948.12,7,4,6849.85,1,1,1
27,10000.0,1.0,12,0.4719,2,0.4512,11799.18,2,3,14739.43,0,0,0
60,47954.94,12.0,4,0.1343,1,0.4097,30624.49,8,2,5538.67,1,0,1
51,57462.46,29.0,7,0.3178,2,0.314,1000.0,2,1,6450.28,0,1,1
74,58851.2,33.0,14,0.2472,4,0.5577,17153.82,5,4,,0,0,0
43,53940.79,29.0,11,0.2924,1,0.1245,18119.53,6,4,1211.4,0,1,1
58,56664.81,23.0,7,0.1213,0,0.6464,11397.97,1,0,17402.44,1,1,1
66,10000.0,32.0,4,0.3353,0,0.5079,31646.65,7,1,15833.84,0,1,1
20,61405.55,9.0,5,0.3417,1,0.3895,27543.37,6,2,9697.62,1,0,1
73,67086.0,17.0,11,0.4094,1,0.4107,20085.73,4,1,3419.12,1,1,0
23,88450.64,18.0,9,0.1859,2,0.3471,11157.19,2,4,3509.19,0,0,1
22,64218.45,6.0,7,0.2859,2,0.2285,11512.93,6,4,293.32,0,0,0
22,51731.57,18.0,7,0.4849,1,0.3825,7628.85,9,1,646.63,1,0,0
71,82623.55,23.0,10,0.1674,3,0.283,19037.73,8,0,5769.04,1,1,1
64,10000.0,14.0,7,0.5601,4,0.4097,1228.93,6,0,408.8,1,0,0
40,42126.29,22.0,9,0.0885,3,0.1106,15755.92,5,4,835.96,0,0,1
66,35854.75,3.0,5,0.4287,3,0.5638,16063.45,7,2,2314.32,1,0,0
26,54136.96,3.0,6,0.181,2,0.2119,6338.9,3,4,3743.3,1,1,1
52,10000.0,4.0,3,0.1697,1,0.2833,18866.44,9,1,5376.51,0,0,1
37,87990.89,22.0,1,0.277,1,0.2477,11807.55,6,3,3138.67,1,1,0
66,48754.75,10.0,11,0.4992,1,0.2358,15232.61,2,3,22599.11,0,0,1
59,62969.92,10.0,12,0.1512,3,0.2368,14310.44,5,2,24110.37,1,1,1
52,60577.28,12.0,2,0.2795,0,0.3249,10813.05,9,2,461.39,1,0,1
67,86562.25,13.0,8,0.373,2,0.351,12669.39,6,2,33822.2,0,0,1
35,10000.0,7.0,13,0.3029,0,0.5727,19358.21,9,0,1518.68,0,0,0
34,57808.03,24.0,1,0.3007,2,0.2884,23898.31,1,4,3220.25,1,0,0
41,83654.46,17.0,10,0.1047,1,0.468,21463.73,2,1,14512.8,0,0,1
20,52550.34,17.0,7,0.0474,3,0.4132,23102.59,9,4,9310.8,1,0,1
49,31218.27,9.0,5,0.2909,0,0.2988,3060.61,9,1,480.06,0,0,1
52,39902.75,6.0,13,0.3659,1,0.2977,8329.52,1,3,11919.14,1,0,0
55,45176.45,13.0,6,0.1805,0,0.5693,6845.28,5,4,8707.14,0,0,1
30,36973.75,14.0,8,0.1043,1,0.4999,5943.16,6,1,24045.69,1,1,1
73,51179.72,15.0,4,0.407,2,0.2896,11689.77,5,1,19264.36,0,0,1
64,92706.19,1.0,6,0.2438,1,0.4302,5284.81,3,3,29584.18,0,0,0
42,40065.88,29.0,14,0.4676,0,0.2509,12349.07,6,4,4854.08,0,0,1
26,42808.15,29.0,11,0.2241,1,0.5294,9904.5,9,4,9807.22,1,1,1
21,66494.51,17.0,3,0.3614,1,0.4838,25429.37,4,0,26141.58,1,1,0
31,50629.49,30.0,7,0.0562,3,0.4562,13747.19,2,4,16.97,0,1,0
54,21770.37,12.0,2,0.5193,1,0.5156,28724.39,3,3,12444.59,0,1,0
51,53470.29,19.0,12,0.0623,0,0.2793,27320.03,7,1,443.72,1,0,1
28,52527.71,34.0,8,0.2523,1,0.3808,13340.52,1,3,54618.64,0,0,1
58,79391.96,22.0,13,0.7049,3,0.3622,14167.32,7,3,111.83,1,0,0
73,30696.19,32.0,7,0.2546,2,0.2175,21197.38,7,3,6472.11,0,1,1
20,79557.99,34.0,12,0.4038,0,0.319,3300.67,6,4,5887.05,0,1,1
45,52554.23,19.0,12,0.0167,0,0.2516,21531.96,2,2,2907.69,0,0,1
46,27301.46,2.0,8,0.1246,3,0.2987,27166.84,1,3,10544.53,1,0,1
26,22280.54,7.0,2,0.3368,0,0.3195,8476.87,3,1,2376.45,1,0,1
20,103359.71,31.0,3,0.0528,2,0.5949,15847.62,9,0,2748.78,0,0,1
42,51002.1,28.0,12,0.4693,1,0.4456,10467.98,5,4,1591.11,1,0,1
51,78412.6,6.0,4,0.401,2,0.2442,23025.56,5,2,10015.98,1,0,1
29,12297.02,1.0,12,0.0159,0,0.2789,28498.79,4,2,1490.98,1,0,1
59,120942.37,20.0,9,0.3417,2,0.4803,4382.35,4,3,18236.63,0,1,0
26,77331.12,5.0,12,0.1182,1,0.3858,15713.05,7,1,2715.57,1,1,1
32,48613.99,27.0,12,0.3268,2,0.2655,17904.97,2,0,5848.83,0,0,1
57,47345.85,31.0,5,0.2141,1,0.3271,20628.24,7,2,5155.83,1,0,1
42,73364.95,8.0,6,0.0648,2,0.2183,9764.42,4,4,9694.77,0,0,1
22,71929.54,10.0,1,0.1069,2,0.3535,10824.31,6,1,2132.98,1,0,1
28,59563.23,22.0,4,0.1333,1,0.2763,27174.76,1,4,14592.91,0,0,1
51,55271.97,10.0,14,0.3303,0,0.1635,2568.24,7,3,10712.09,1,0,1
41,69026.68,1.0,4,0.6054,2,0.6508,16016.63,3,0,3355.87,1,1,0
32,11457.41,2.0,10,0.5709,1,0.3831,10792.06,9,4,1025.29,0,1,0
55,45718.13,10.0,8,0.3687,1,0.1168,12253.77,5,0,5621.78,0,0,1
25,13828.4,34.0,8,0.0973,4,0.5984,28837.51,6,4,31509.18,0,0,1
22,70114.81,14.0,10,0.0128,0,0.3378,15263.43,6,2,196.43,1,0,0
65,38104.65,10.0,6,0.3317,1,0.1264,26844.89,7,2,14907.48,1,1,1
43,15710.55,30.0,8,0.0703,0,0.3924,26261.7,3,3,9625.47,0,1,1
35,35155.34,27.0,9,0.4798,1,0.3012,23878.94,1,1,1618.7,1,1,0
23,58733.91,27.0,5,0.1401,1,0.3708,3487.9,1,0,5176.53,1,1,1
54,49869.29,31.0,1,0.113,3,0.5389,14911.32,7,1,7904.0,1,1,0
65,25671.09,24.0,1,0.2886,1,0.2867,24371.73,2,1,9543.85,0,0,1
30,12378.28,19.0,2,0.1429,0,0.1928,24826.04,7,1,20343.5,1,0,1
45,56848.32,27.0,2,0.5717,0,0.4361,16210.99,8,1,16513.38,0,0,0
22,,24.0,5,0.2593,1,0.4196,17044.48,1,1,3185.06,1,1,1
30,48547.98,10.0,7,0.2547,2,0.2946,7351.98,5,4,1022.98,1,0,1
34,51007.87,18.0,7,0.3984,0,0.1619,1000.0,2,1,880.9,0,0,0
67,65751.64,27.0,4,0.3086,1,0.3923,8743.48,3,0,27724.21,1,0,1
57,76173.66,0.0,13,0.3848,0,0.6572,28954.22,5,2,24955.58,0,1,0
62,58662.73,4.0,4,0.5201,0,0.3121,5299.38,5,1,13696.78,0,0,1
49,46988.44,9.0,14,0.1337,1,0.7381,17278.31,2,3,31483.35,0,0,0
46,55619.09,33.0,14,0.4067,1,0.6336,21036.41,4,0,2563.49,0,1,0
68,,1.0,11,0.3219,1,0.3774,9876.13,7,4,13969.52,1,0,0
20,13936.17,17.0,10,0.1073,0,0.7169,11666.62,6,2,5580.93,1,0,1
73,82298.65,12.0,3,0.1503,3,0.2967,12106.92,3,2,12844.41,0,0,1
57,77585.97,4.0,11,0.3573,0,0.5314,14797.31,4,2,7549.9,0,1,0
51,104708.35,19.0,2,0.6269,0,0.4399,19342.89,7,3,14976.03,1,0,1
57,112012.48,1.0,3,0.4644,3,0.6619,19610.57,1,1,4051.29,1,1,1
44,25599.5,10.0,8,0.0992,2,0.2607,6899.94,8,4,36181.18,0,0,1
30,46615.0,29.0,1,0.3339,0,0.4628,25956.15,8,4,1979.81,0,1,0
62,117788.49,31.0,4,0.1315,0,0.3176,14407.78,3,4,8932.81,0,1,1
50,53986.23,31.0,7,0.2961,3,0.5047,1000.0,6,1,12979.32,1,0,0
23,61105.27,27.0,5,0.2731,2,0.5379,5680.29,2,4,7050.35,0,0,1
41,16971.75,9.0,2,0.283,0,0.5753,12245.38,8,4,2743.25,0,1,0
36,58757.22,21.0,1,0.1541,3,0.5683,9264.44,8,2,6591.5,1,0,1
33,103298.51,16.0,6,0.0696,1,0.2484,5880.91,3,1,5620.85,1,0,1
57,87165.65,21.0,13,0.6312,1,0.5622,13990.12,6,0,1686.97,0,0,0
45,39750.38,18.0,13,0.5263,1,0.1127,25544.92,1,0,11524.43,0,0,0
50,45092.09,16.0,5,0.3113,0,0.4537,19627.63,4,0,2486.93,0,0,1
65,26727.49,23.0,3,0.2764,0,0.1968,7530.74,9,3,14275.66,1,0,0
58,33720.92,31.0,11,0.3089,1,0.2144,29170.97,7,2,1929.64,0,0,1
30,10000.0,27.0,11,0.5172,1,0.4991,21751.63,4,4,5582.33,0,0,0
60,52879.51,13.0,11,0.2259,0,0.188,6668.05,3,2,9505.28,0,0,1
62,92752.77,5.0,9,0.225,3,0.2207,7296.82,8,1,43840.16,1,0,0
42,63885.8,8.0,3,0.2364,2,0.2805,14140.28,8,1,2528.54,0,0,1
70,89155.97,20.0,2,0.1906,1,0.4031,18836.43,6,2,8076.25,0,0,1
59,81831.24,11.0,5,0.201,2,0.1626,23738.14,7,1,1331.81,1,0,1
53,41329.8,29.0,9,0.4901,1,0.3957,3114.99,2,2,13702.41,0,0,0
44,36012.33,30.0,8,0.3025,1,0.4385,14760.76,3,2,15811.93,1,0,1
55,36970.39,3.0,6,0.2005,1,0.1208,16878.73,4,2,17510.97,1,0,1
24,12073.45,30.0,3,0.2647,2,0.3586,17192.9,6,0,23281.46,0,0,1
22,55808.26,26.0,6,0.0969,2,0.4849,10914.86,2,4,3516.5,0,0,1
60,10000.0,24.0,5,0.246,1,0.6953,17438.13,3,1,8783.59,0,0,0
62,69785.39,4.0,1,0.3555,3,0.1334,20372.05,8,4,3035.38,1,0,0
74,56797.02,5.0,5,0.1273,3,0.3091,1816.79,3,4,13029.12,1,0,0
68,,4.0,14,0.0489,2,0.391,14858.21,8,2,4297.26,0,0,1
48,81425.41,26.0,7,0.4472,3,0.617,1000.0,7,4,6475.81,1,0,1
40,59969.86,7.0,9,0.1243,2,0.262,3225.56,9,2,1141.65,1,0,1
59,95789.29,8.0,12,0.287,2,0.3733,3615.21,6,1,15203.33,0,1,1
27,70548.65,14.0,1,0.3461,1,0.4764,6845.22,5,3,5276.84,0,1,1
49,36071.83,6.0,3,0.2459,1,0.2759,18465.67,2,4,8183.81,0,1,1
60,49057.22,31.0,8,0.1459,1,0.5738,10917.75,1,4,8851.91,1,0,1
70,10000.0,7.0,6,0.2694,1,0.4498,22001.44,4,4,2564.41,0,0,1
47,32445.24,14.0,13,0.355,0,0.3766,16099.2,7,2,12677.29,1,0,1
56,45475.09,18.0,5,0.4957,0,0.1652,16671.43,3,0,14319.53,1,0,1
48,68656.84,5.0,13,0.1958,0,0.0827,23180.25,5,2,5801.3,0,0,1
35,36240.97,18.0,10,0.2877,0,0.2103,5675.24,8,2,18615.88,0,1,1
53,23843.4,27.0,2,0.3518,2,0.2365,16450.23,2,2,1403.39,1,1,1
19,10000.0,16.0,3,0.175,0,0.1986,15570.52,9,1,4281.38,1,0,1
31,40089.56,18.0,12,0.2337,1,0.2642,13919.46,5,1,362.66,0,0,1
30,103771.3,30.0,2,0.3698,2,0.262,25124.62,5,3,4067.46,0,0,1
46,61777.68,10.0,1,0.1652,3,0.4513,18858.31,3,4,46574.92,0,0,1
29,78489.49,14.0,7,0.1779,3,0.191,10132.8,2,3,4976.75,1,0,1
56,32498.64,9.0,14,0.3211,0,0.2332,8738.51,9,0,4346.94,1,0,0
19,15663.76,,3,0.1001,3,0.761,13888.33,4,1,9313.44,1,0,1
49,24473.06,2.0,7,0.2318,1,0.4386,23511.24,5,2,398.62,0,0,1
30,52571.72,2.0,12,0.1213,2,0.3562,19925.26,3,1,,0,0,0
63,10000.0,17.0,7,0.1376,2,0.0897,17393.99,6,1,6092.63,0,0,1
44,29835.24,24.0,8,0.23,1,0.5782,9187.09,5,0,5294.21,0,0,1
66,40340.98,19.0,1,0.1189,0,0.3807,11674.04,3,0,8228.44,1,0,1
58,21976.87,28.0,5,0.1679,1,0.5678,1000.0,1,4,1196.7,0,0,1
34,10000.0,21.0,10,0.3747,2,0.109,21529.43,3,1,4121.54,0,0,0
57,62241.34,14.0,9,0.1267,0,0.305,19183.69,3,0,8032.16,1,0,1
48,56146.79,9.0,12,0.6488,0,0.6414,36106.23,5,3,2872.28,1,0,0
51,74475.75,20.0,11,0.3294,4,0.6498,16977.8,9,1,7592.17,1,0,0
41,27239.36,28.0,7,0.4365,0,0.4432,24033.7,4,2,25420.32,1,0,1
62,73998.07,31.0,1,0.3058,1,0.3594,18547.13,2,4,21318.25,0,0,1
52,93232.6,9.0,8,0.3769,1,0.0938,15026.63,1,1,10342.83,0,1,0
65,61555.37,12.0,3,0.4429,2,0.4266,18633.03,7,4,1564.51,1,0,0
23,39751.59,22.0,13,0.3765,0,0.2633,18892.97,9,4,12268.84,1,0,0
36,58627.02,22.0,4,0.1908,0,0.4096,15090.39,6,0,4734.9,0,0,1
47,38555.32,30.0,4,0.4253,0,0.5691,19461.44,9,0,24248.06,0,0,0
24,34392.91,3.0,10,0.4005,1,0.4576,26824.11,4,1,7562.06,0,1,1
27,72081.51,2.0,14,0.4113,1,0.1132,16206.81,6,4,,0,1,1
58,51523.74,20.0,12,0.057,2,0.1809,24070.52,2,3,2996.73,0,0,1
49,85127.39,1.0,8,0.1463,1,0.6702,24714.5,5,0,3074.23,0,1,0
51,43939.43,3.0,1,0.2403,1,0.3369,18120.19,7,0,2586.87,0,1,1
45,46470.64,0.0,8,0.3149,0,0.3638,22458.36,6,0,11821.02,0,1,0
32,40837.23,14.0,9,0.4211,0,0.4169,1000.0,1,0,3284.77,0,0,1
47,26995.41,32.0,9,0.3305,2,0.2533,11638.84,3,4,1741.5,0,0,0
54,75360.62,5.0,5,0.3814,1,0.3324,14596.87,5,3,7252.65,0,0,1
46,109642.79,6.0,4,0.1391,0,0.249,16151.44,9,0,5000.6,1,1,1
39,45444.32,18.0,4,0.302,0,0.6292,21379.86,1,3,179.34,1,1,0
21,37987.6,0.0,9,0.1747,2,0.3755,9662.19,9,4,2618.23,0,0,1
37,36366.91,18.0,8,0.4266,1,0.7153,4190.44,1,2,311.53,0,1,0
49,38006.67,25.0,10,0.2166,0,0.5513,14919.84,2,2,11655.13,0,1,1
53,96244.59,11.0,10,0.0966,1,0.3099,5627.87,4,2,24131.53,1,0,1
67,37037.99,21.0,12,0.4221,0,0.4486,10545.6,6,1,5547.9,0,0,0
21,40368.33,12.0,7,0.3605,1,0.515,4672.76,1,3,6534.57,0,1,1
44,23991.14,27.0,12,0.2211,2,0.2075,26647.49,7,4,14919.0,1,0,1
34,62341.22,13.0,3,0.3075,1,0.2033,16384.16,9,1,153.18,0,0,1
29,53319.26,21.0,4,0.2609,3,0.421,10961.98,9,2,1416.99,0,0,0
39,26570.53,29.0,9,0.3176,1,0.2867,8317.5,9,2,8498.81,0,0,1
34,32679.26,19.0,14,0.331,1,0.3751,10982.84,2,2,10830.31,0,0,0
27,93323.33,26.0,13,0.3181,1,0.6601,27131.0,2,4,7872.23,0,1,0
71,55817.69,33.0,8,0.1846,2,0.3813,3100.6,1,2,22407.23,1,0,1
18,57542.13,0.0,12,0.1823,2,0.0923,12763.33,2,3,3985.48,0,0,1
39,57641.35,14.0,12,0.2729,1,0.4516,16571.44,3,2,6478.93,0,1,1
43,89865.63,31.0,1,0.147,1,0.2847,6834.5,2,1,25062.26,1,0,1
73,28869.64,7.0,3,0.0839,0,0.2231,7538.96,5,2,18391.94,0,1,1
35,45090.11,32.0,14,0.3141,2,0.2143,6715.16,4,1,250.3,1,0,1
67,50775.87,17.0,12,0.2376,2,0.4745,15746.88,7,0,3472.64,0,1,0
31,11970.6,28.0,10,0.4442,1,0.4842,19480.56,7,4,10745.72,1,0,1
64,32096.46,31.0,2,0.1587,1,0.4721,22778.5,7,3,7.02,0,0,1
46,81166.87,32.0,2,0.4459,0,0.2018,12017.35,5,2,15901.46,0,1,1
29,74005.34,4.0,13,0.1817,2,0.4534,18882.58,4,2,5579.0,0,0,1
53,78426.67,17.0,13,0.4592,0,0.4926,23264.6,8,2,724.65,0,0,1
52,40272.74,9.0,8,0.1181,0,0.4071,17836.99,4,2,4673.82,0,0,1
69,43357.62,32.0,6,0.4066,1,0.4031,15566.02,5,1,5427.99,1,0,1
29,10298.36,22.0,12,0.1976,1,0.5808,9970.4,8,4,3657.39,1,0,1
24,78298.36,4.0,12,0.1267,0,0.394,8652.48,3,1,4845.66,1,1,1
46,82416.31,33.0,12,0.1553,1,0.5149,26230.64,7,2,17760.38,1,0,1
28,82098.02,23.0,13,0.1717,1,0.212,12840.43,1,1,3133.27,0,1,1
50,95102.28,16.0,6,0.1056,0,0.3899,14323.73,2,2,25936.48,0,0,1
23,65552.71,30.0,4,0.1726,1,0.2139,35382.55,2,0,9292.98,1,1,1
64,93922.05,6.0,1,0.0748,2,0.2238,12821.54,5,1,18108.07,1,0,1
32,49988.13,16.0,11,0.2232,2,0.2909,12096.0,2,4,1875.45,0,0,1
49,10824.74,27.0,7,0.3393,3,0.4356,16687.61,4,0,5415.75,0,0,1
68,76518.12,21.0,8,0.1051,1,0.2528,2633.67,1,3,6667.01,1,1,1
28,10000.0,14.0,2,0.0827,1,0.5168,10749.47,6,1,713.14,1,0,1
40,59255.05,14.0,2,0.5228,0,0.3352,9721.64,1,1,5444.08,0,1,1
43,78883.1,24.0,1,0.4712,1,0.2832,8916.88,2,3,15783.59,1,1,1
51,63106.47,20.0,4,0.1178,0,0.244,25731.01,4,4,428.84,0,0,1
63,111956.08,1.0,6,0.5449,1,0.3526,8572.42,4,0,8224.63,0,1,0
51,10000.0,26.0,14,0.476,0,0.3981,9418.01,9,3,35903.2,1,0,0
46,52928.48,31.0,5,0.4921,1,0.1086,14178.22,5,4,5996.5,1,0,1
21,55436.39,20.0,4,0.531,1,0.0211,8738.7,4,0,2891.98,1,0,0
34,21397.43,3.0,14,0.2583,0,0.3143,12551.84,5,4,7034.76,1,1,1
52,26156.68,18.0,4,0.4904,0,0.4248,11829.84,7,4,6237.27,0,0,0
30,33871.78,1.0,10,0.1371,0,0.543,12535.98,9,2,888.87,1,0,0
58,27508.82,25.0,7,0.3909,0,0.4981,4072.8,9,1,1929.36,0,0,1
56,52300.13,33.0,7,0.2636,2,0.5417,20473.54,1,0,8854.82,1,1,1
32,39925.88,13.0,2,0.1923,0,0.5562,17768.19,4,2,,0,0,1
72,62947.71,14.0,13,0.3303,0,0.1318,12363.31,4,0,3376.66,1,0,1
46,71235.76,19.0,7,0.6965,2,0.2879,16669.46,7,2,30728.17,0,0,0
46,,33.0,2,0.3996,0,0.2851,11308.15,6,0,8279.89,1,0,0
28,44746.84,18.0,4,0.1237,0,0.5386,14236.92,8,1,2099.32,0,0,1
69,62111.89,8.0,1,0.1318,0,0.7162,1000.0,4,4,5096.88,0,0,1
49,80878.22,6.0,5,0.0961,2,0.5436,18847.61,8,1,,0,0,1
19,66139.11,29.0,1,0.4868,3,0.2197,6516.49,6,0,8917.59,0,0,0
64,101474.44,12.0,4,0.3671,0,0.5446,13579.84,2,1,2262.39,0,0,0
31,79554.47,26.0,13,0.1796,0,0.5384,17464.25,1,0,8349.53,0,1,1
37,97960.18,34.0,9,0.2896,2,0.4618,29316.2,9,3,3238.23,0,0,0
39,10000.0,12.0,13,0.1062,0,0.1208,21972.5,8,3,4892.61,0,0,1
28,57416.9,14.0,12,0.2857,2,0.3752,1000.0,1,0,8848.71,1,0,1
44,46901.69,8.0,8,0.0958,3,0.4991,9715.43,4,3,6958.96,0,1,0
20,51875.51,22.0,6,0.3034,0,0.3355,12924.05,2,4,9978.68,0,1,1
34,34876.01,2.0,8,0.7181,0,0.6238,12092.1,2,0,3848.03,0,0,0
61,64904.99,,5,0.1561,3,0.1676,1298.08,7,2,11154.63,1,0,1
73,10000.0,18.0,7,0.092,2,0.3644,21556.48,5,3,126.33,0,0,0
45,,27.0,8,0.3609,1,0.2792,17900.12,2,4,1665.72,0,1,0
46,35707.22,22.0,7,0.4758,2,0.4919,9738.88,1,0,28961.97,0,0,0
38,42490.35,6.0,14,0.5029,3,0.4853,10376.9,1,2,725.77,0,0,0
64,65962.54,11.0,4,0.0506,1,0.4496,15287.47,4,4,8675.38,0,0,1
33,56969.44,13.0,5,0.4911,1,0.6785,21799.63,4,3,19887.98,1,0,0
54,81348.02,14.0,13,0.0768,0,0.4909,18245.13,2,0,15703.03,0,0,1
37,30762.41,2.0,14,0.5633,0,0.3241,9804.19,2,3,19512.32,0,1,1
23,52982.36,,10,0.3798,2,0.2498,12955.26,4,2,33035.91,1,0,1
36,77219.33,23.0,6,0.1,2,0.4021,19314.27,8,0,3536.29,1,1,1
74,64029.99,7.0,14,0.1775,2,0.0792,17298.2,6,4,3205.71,0,0,1
22,65639.86,4.0,14,0.276,1,0.5078,5837.36,1,3,1030.51,1,1,0
20,82701.07,3.0,12,0.3037,1,0.4443,7931.9,8,1,1800.06,1,0,1
18,44843.94,13.0,11,0.1411,2,0.1642,22960.88,5,4,8464.64,0,0,1
55,39579.23,15.0,6,0.1556,0,0.1273,22495.36,6,3,3217.54,1,0,1
32,69397.61,19.0,13,0.3848,1,0.2672,19231.65,7,1,3338.04,0,0,1
51,51264.21,23.0,9,0.1685,2,0.5594,20671.77,6,2,8305.95,1,0,1
52,83055.09,5.0,10,0.0564,2,0.2421,3504.54,3,0,884.07,0,1,1
66,,30.0,14,0.304,1,0.4825,1000.0,2,2,460.57,1,0,1
42,39416.23,5.0,14,0.3466,6,0.2615,9994.03,2,2,12989.9,0,0,0
41,63459.6,34.0,2,0.1227,3,0.1905,21549.29,3,0,12479.29,0,1,1
29,32432.51,14.0,6,0.1587,2,0.5115,13224.04,6,4,3890.25,1,1,1
35,78673.21,28.0,13,0.2404,0,0.6475,12536.53,1,3,7192.87,1,0,1
32,20071.19,2.0,3,0.5292,2,0.258,37315.35,3,2,2175.3,0,1,0
61,85551.63,10.0,14,0.4803,1,0.3423,16690.73,2,4,3666.34,0,0,1
33,63021.91,2.0,2,0.0692,1,0.3152,13408.97,4,1,296.65,0,0,0
44,50885.98,,6,0.5633,1,0.2314,11525.67,1,2,2557.32,1,0,1
25,74083.35,9.0,4,0.4531,2,0.3307,19716.65,3,4,132.12,1,0,0
63,67783.17,32.0,5,0.202,2,0.1873,18243.9,4,4,4414.23,0,0,1
42,88259.54,15.0,5,0.1695,4,0.2379,15442.39,5,3,5867.14,0,1,1
34,88026.54,9.0,3,0.2759,1,0.4827,6252.83,4,2,5470.82,1,0,0
46,63807.26,32.0,12,0.3772,2,0.4847,18704.79,5,0,3332.75,0,0,0
70,33205.73,2.0,4,0.0837,3,0.2377,9156.17,1,3,1854.91,1,1,1
25,41462.27,4.0,3,0.2724,1,0.3226,7929.5,8,0,4846.13,0,1,1
32,53208.83,11.0,7,0.8156,1,0.3708,13965.84,2,0,16317.41,0,0,0
44,82043.04,12.0,1,0.216,1,0.334,18545.39,6,4,32705.31,0,1,1
63,43590.34,23.0,6,0.308,0,0.6132,18428.63,2,0,3000.18,1,1,0
67,45676.49,31.0,4,0.1055,0,0.2638,36877.48,2,0,29330.54,0,0,1
69,101208.77,15.0,1,0.2451,2,0.6747,18540.53,8,3,4561.09,0,0,1
24,52392.54,31.0,1,0.3132,1,0.284,11771.42,3,2,7600.27,1,0,0
20,39131.7,20.0,5,0.5356,0,0.4689,9689.2,8,3,13025.44,1,0,1
46,74416.15,11.0,14,0.1937,1,0.5868,12800.15,2,4,3563.05,1,0,1
61,53596.64,20.0,5,0.132,0,0.5023,12081.03,1,2,1868.41,0,1,1
70,20260.02,20.0,10,0.4404,1,0.5235,27883.21,1,3,2551.47,0,0,0
41,81022.85,5.0,7,0.4577,2,0.5316,7527.61,7,2,14591.76,0,0,1
20,36324.02,8.0,13,0.3561,1,0.5292,11706.27,8,1,21802.56,1,0,1
37,56089.64,0.0,12,0.2769,5,0.4677,28521.91,1,3,1100.19,1,1,0
63,53296.52,,4,0.3806,2,0.1941,22219.29,3,2,9486.77,1,0,1
32,60752.53,13.0,14,0.4377,0,0.4721,10174.77,4,0,284.22,0,0,0
42,10000.0,5.0,9,0.3207,1,0.4618,29728.66,8,1,16632.59,1,1,0
47,46622.51,0.0,4,0.3748,0,0.4306,1000.0,7,0,15549.6,0,0,0
31,,21.0,7,0.4,1,0.4865,13239.72,5,1,11919.13,1,0,1
24,86636.14,33.0,5,0.4929,0,0.4622,14052.8,7,4,13915.52,0,0,1
34,30217.74,10.0,5,0.5211,3,0.6519,19110.27,2,2,7417.79,1,0,0
61,78014.96,,6,0.1352,0,0.1027,8529.66,7,1,1274.85,0,1,1
37,35964.26,5.0,8,0.1121,2,0.5233,9889.67,1,2,19679.34,0,0,1
53,45636.69,5.0,5,0.2606,3,0.553,11943.73,6,4,1216.11,0,0,0
26,46950.39,19.0,3,0.5816,2,0.4465,12265.47,8,1,,1,0,0
55,57720.09,20.0,6,0.2106,0,0.5295,32654.61,7,2,4533.71,0,0,1
65,80034.16,1.0,14,0.4149,0,0.1555,27373.85,5,3,5512.66,0,1,1
74,61614.61,25.0,12,0.1022,2,0.395,5610.32,3,2,810.22,1,0,1
39,51846.71,30.0,14,0.4326,1,0.5471,14022.97,7,2,11473.08,1,1,0
71,79182.78,25.0,2,0.4578,0,0.285,1000.0,9,2,1181.56,1,0,1
70,34933.47,31.0,12,0.3906,0,0.2068,10576.02,7,0,8508.12,0,0,0
70,53069.56,9.0,12,0.5641,0,0.8715,12993.33,1,1,4811.56,0,0,1
19,79894.53,22.0,8,0.2564,0,0.2,8536.95,7,2,13325.35,0,1,1
41,68232.66,5.0,8,0.2492,2,0.507,5879.71,2,4,2803.32,1,0,1
25,43342.4,22.0,3,0.0942,0,0.2914,12204.1,7,2,14488.86,0,0,1
28,17176.08,27.0,12,0.1236,1,0.5307,5472.27,5,2,2325.6,0,0,1
30,62771.45,29.0,8,0.1354,0,0.418,17347.89,6,3,6832.96,1,0,1
34,15533.12,13.0,9,0.4137,0,0.4139,16042.82,6,3,5326.01,0,0,0
25,,31.0,5,0.1502,1,0.1938,1000.0,3,3,3478.04,0,0,1
38,,33.0,5,0.4125,1,0.4335,17891.18,9,0,94.78,1,0,0
35,69918.97,21.0,6,0.3461,0,0.407,6320.87,3,4,4057.97,0,0,1
47,10000.0,30.0,7,0.415,1,0.2441,15229.9,2,1,1007.78,1,1,1
35,60011.29,6.0,3,0.113,1,0.3931,5641.66,2,4,2040.76,1,0,1
63,47020.75,20.0,5,0.0918,0,0.3161,24664.16,7,3,9325.72,0,0,1
64,23157.06,15.0,1,0.1605,2,0.379,16283.15,7,4,6775.77,1,0,1
48,63375.53,19.0,11,0.5659,1,0.3533,18600.44,2,0,,1,0,0
55,42706.55,18.0,10,0.2905,3,0.7485,2507.27,4,2,6641.21,0,0,1
49,42861.65,31.0,5,0.3804,1,0.4944,13893.5,5,3,1023.15,1,1,0
28,58101.13,14.0,4,0.2225,0,0.4317,20986.12,2,1,1439.15,0,0,1
62,39352.89,4.0,1,0.7096,1,0.5883,36394.52,8,0,6261.1,0,0,0
42,57393.4,10.0,7,0.2451,1,0.2569,22401.23,6,4,4178.16,0,1,1
50,40166.88,14.0,1,0.3017,0,0.2396,25733.91,5,1,4977.07,0,0,1
55,41538.46,28.0,13,0.1494,4,0.4396,20161.9,8,1,16905.79,1,0,0
58,79823.24,3.0,8,0.1541,1,0.5477,5978.48,6,3,1638.15,1,0,0
25,82366.79,22.0,14,0.3945,2,0.1786,13747.81,9,2,19325.88,0,1,1
28,12283.64,14.0,10,0.2494,0,0.1549,27848.11,7,0,15586.6,0,0,1
39,73676.82,2.0,12,0.0956,1,0.3697,14654.58,8,4,18565.0,0,0,1
68,89964.78,31.0,2,0.4198,1,0.2753,24051.16,7,4,8203.52,0,0,0
41,93934.42,9.0,10,0.1766,1,0.3387,10919.61,7,0,15957.0,0,1,1
58,68009.49,21.0,13,0.392,3,0.1262,11796.81,8,0,37854.41,0,0,1
34,28565.05,13.0,12,0.0503,1,0.317,2823.94,6,1,5100.41,1,0,1
29,70749.52,16.0,5,0.7731,3,0.3576,28591.98,4,2,15832.91,1,0,0
74,33268.69,20.0,13,0.4391,2,0.5358,6281.29,9,2,18721.7,1,0,0
63,46425.87,14.0,6,0.1122,2,0.3368,13797.1,8,3,2965.8,0,0,1
49,64577.05,14.0,9,0.4434,1,0.1623,11660.07,4,4,4677.29,1,0,1
32,34881.02,0.0,14,0.2293,4,0.43,12944.45,3,4,6820.42,0,1,0
33,26339.99,23.0,7,0.5665,1,0.414,4990.71,9,0,3435.89,1,0,0
71,66644.33,11.0,6,0.2806,2,0.5673,6369.23,5,3,3110.57,0,1,0
39,101680.61,9.0,5,0.1144,1,0.3735,9645.27,8,2,3833.53,1,0,1
45,86080.86,30.0,6,0.1535,1,0.1263,22105.67,9,2,4411.88,1,0,1
37,72679.65,10.0,14,0.1844,1,0.2193,18008.76,6,2,2325.7,0,0,1
50,79479.64,15.0,11,0.3364,2,0.4448,7325.5,9,3,,0,0,0
27,70942.99,8.0,4,0.5768,2,0.2922,34925.29,3,3,12067.63,0,1,0
57,66247.51,13.0,1,0.2749,0,0.2025,10086.81,6,0,7835.69,0,0,1
49,77465.45,18.0,12,0.2194,1,0.1882,3604.39,9,1,3821.24,0,1,1
67,20790.92,30.0,9,0.6051,1,0.38,7303.06,2,3,1358.68,1,0,0
50,59987.13,8.0,11,0.2556,1,0.471,17741.98,3,2,13900.12,0,0,1
19,52976.29,25.0,5,0.2683,5,0.399,8227.21,7,3,5728.58,0,0,0
50,56972.57,7.0,8,0.0489,3,0.3502,22382.06,5,1,28390.24,1,0,0
50,43465.69,23.0,7,0.3646,3,0.2845,1000.0,9,3,2330.24,1,0,0
58,68012.2,7.0,8,0.4666,1,0.4514,20366.44,1,2,1543.95,0,1,0
30,34551.8,18.0,1,0.2559,4,0.241,7974.31,8,0,64.32,0,1,0
47,41653.63,29.0,9,0.3211,2,0.3245,23900.29,6,3,689.9,0,1,1
50,38653.0,21.0,1,0.4439,0,0.6358,6021.65,2,2,3894.29,0,0,0
30,76598.67,8.0,3,0.202,0,0.3486,17649.92,6,3,1767.57,1,0,1
69,54706.91,3.0,8,0.3632,1,0.2011,22921.99,1,0,308.96,0,0,0
43,43479.19,7.0,12,0.206,0,0.479,7944.69,7,4,2042.94,1,1,1
39,45664.26,0.0,11,0.2168,1,0.5344,10985.63,9,2,10437.85,0,1,1
56,55097.02,27.0,1,0.5941,3,0.2361,8639.66,3,2,10645.19,1,0,0
19,95554.37,5.0,14,0.3479,1,0.3007,20243.54,4,3,1296.72,0,1,1
55,24086.99,10.0,1,0.2087,0,0.2814,21490.49,6,4,22052.39,0,1,1
56,71887.75,4.0,6,0.2663,0,0.2234,1000.0,5,2,1385.65,0,0,1
43,66796.56,23.0,5,0.4017,1,0.1667,15991.25,2,2,748.7,1,0,1
63,32925.87,17.0,11,0.3291,1,0.3625,13554.32,8,4,1422.85,1,0,0
67,91671.83,19.0,6,0.3594,2,0.3217,14631.67,8,3,1211.43,1,1,1
32,68482.01,27.0,3,0.4748,2,0.4622,23855.44,2,2,7991.0,0,0,0
51,42306.67,12.0,10,0.2567,1,0.4467,17380.91,2,2,1359.26,1,0,0
59,10000.0,4.0,12,0.2307,1,0.1927,6956.6,7,0,8048.15,1,0,1
72,60728.67,29.0,10,0.444,0,0.7073,14576.1,3,1,2590.32,1,0,0
61,53881.36,0.0,6,0.1296,1,0.9259,29496.5,9,2,2284.46,0,0,0
66,29232.18,21.0,2,0.1907,4,0.514,18147.04,6,2,,0,1,0
57,28909.64,17.0,8,0.2667,3,0.3314,5133.51,3,2,1929.78,0,0,0
28,76712.75,4.0,12,0.556,2,0.5997,7953.24,6,0,15995.26,1,1,0
20,10000.0,30.0,6,0.1715,2,0.15,17054.54,8,4,,1,0,1
23,62857.07,5.0,13,0.462,1,0.4148,8243.58,7,1,37889.82,0,1,1
26,50314.08,26.0,13,0.4272,5,0.5829,6365.43,7,0,31676.7,0,0,0
23,67428.87,24.0,4,0.1724,0,0.2726,16991.74,5,1,14064.05,1,1,1
26,47642.37,28.0,4,0.3064,1,0.4582,23583.72,4,3,16204.88,1,0,0
56,62331.87,27.0,14,0.393,1,0.4456,8606.34,8,2,13864.64,0,0,1
48,36430.63,15.0,11,0.3815,1,0.5969,6380.23,9,4,7946.36,0,1,0
49,53769.88,11.0,7,0.3348,0,0.2989,10903.33,2,1,13244.81,1,0,1
58,67227.1,19.0,14,0.3134,0,0.4189,15085.27,5,2,7916.94,0,0,1
67,58771.8,17.0,3,0.1079,0,0.2253,20747.53,7,4,14769.69,1,0,1
29,64507.67,33.0,11,0.1802,0,0.3548,21274.96,5,2,21935.35,0,0,1
25,31801.97,22.0,3,0.5241,1,0.5268,10201.62,8,2,11197.33,0,1,0
25,40233.14,26.0,6,0.3405,0,0.5521,16574.55,8,4,26748.05,0,0,1
67,40666.5,16.0,9,0.2882,2,0.273,1000.0,5,2,4756.99,1,1,1
45,48087.76,20.0,1,0.239,3,0.5213,12210.74,8,3,20763.55,0,1,0
37,88964.57,30.0,5,0.4143,2,0.4672,7597.07,2,0,2051.86,0,1,1
64,46145.53,2.0,1,0.3937,0,0.1598,3446.88,5,1,254.95,1,0,1
24,26411.01,16.0,1,0.7248,0,0.4335,24147.76,5,4,1096.61,1,0,0
28,68541.14,25.0,3,0.3524,1,0.2278,4886.16,9,0,1397.18,1,0,1
37,88666.09,22.0,3,0.1645,0,0.2815,23149.05,2,1,13917.58,0,1,1
33,23469.7,5.0,4,0.1721,1,0.2864,31363.43,3,4,4100.07,0,0,0
21,104320.27,27.0,3,0.1435,3,0.3373,6540.01,9,4,2124.01,0,0,0
23,65379.42,7.0,6,0.3845,1,0.4361,14759.85,6,3,13382.03,0,0,1
39,80847.27,7.0,12,0.4725,2,0.3202,16932.94,6,4,1806.42,0,1,0
43,91676.79,18.0,4,0.0769,3,0.3659,24649.38,4,3,648.6,1,0,1
20,79315.44,28.0,8,0.4047,0,0.3651,20126.52,3,1,5021.74,0,0,1
58,52236.61,22.0,1,0.2179,0,0.2914,15440.76,8,2,575.47,0,0,1
59,85442.45,31.0,8,0.3945,0,0.586,14862.13,1,3,2616.24,1,0,0
31,61364.99,9.0,11,0.2487,2,0.4324,8197.39,9,2,9640.74,0,0,0
28,82262.12,26.0,1,0.1184,1,0.2492,22485.93,1,2,3754.04,1,0,1
35,84996.89,0.0,11,0.4838,2,0.3882,20189.94,2,4,732.33,1,0,0
71,27727.59,28.0,1,0.4022,1,0.1958,23011.38,4,0,4126.61,0,1,1
29,74857.53,2.0,7,0.4745,1,0.5392,13274.88,5,2,5758.27,0,0,0
40,50452.7,30.0,1,0.0798,3,0.2959,17916.13,4,0,2303.89,0,0,1
29,58454.77,10.0,9,0.3855,1,0.3104,20866.28,8,3,1499.23,1,1,1
30,58177.32,21.0,14,0.2832,2,0.3506,5294.95,9,2,11472.94,0,0,0
42,57174.26,17.0,8,0.2913,2,0.3673,25357.93,5,2,561.98,0,0,0
62,93088.13,34.0,13,0.3227,0,0.5713,20343.32,2,2,25147.73,0,0,1
68,20838.81,5.0,1,0.1501,2,0.2464,4400.83,1,0,61.02,0,1,1
36,11941.42,,2,0.3648,0,0.3021,4931.35,9,3,8427.02,1,1,0
72,10000.0,4.0,2,0.2721,0,0.3955,17269.06,5,0,1147.3,1,0,1
63,81728.61,8.0,2,0.2663,0,0.2544,33112.42,3,1,6336.63,1,0,1
53,35664.06,27.0,6,0.1411,0,0.469,14282.88,4,1,1659.24,0,1,1
62,58304.66,18.0,4,0.0553,1,0.4611,21880.31,1,4,279.4,1,0,1
25,52132.07,27.0,8,0.1285,0,0.13,13092.49,8,2,15715.56,1,1,1
46,32840.62,26.0,1,0.324,1,0.543,15616.96,1,1,4412.27,1,0,0
72,76286.93,12.0,10,0.0281,1,0.155,22852.43,5,1,2575.11,1,0,1
70,51813.43,20.0,14,0.3452,2,0.2038,24489.94,1,0,23540.78,0,1,1
72,49056.62,26.0,4,0.4364,2,0.5091,9102.28,8,3,684.38,0,0,0
49,60821.78,5.0,10,0.2699,3,0.4307,13607.03,5,2,3427.97,0,0,0
68,73019.3,10.0,11,0.063,1,0.1356,8179.99,5,2,1561.93,0,0,1
61,31025.59,16.0,5,0.2339,0,0.0758,17807.75,7,4,37860.31,1,0,1
35,76822.96,6.0,9,0.5232,2,0.4163,16531.61,6,3,6317.61,0,1,0
23,91246.34,29.0,5,0.3363,3,0.4755,7304.27,9,2,13379.92,0,0,1
35,19346.94,20.0,13,0.1407,0,0.2271,15033.11,8,0,1428.56,0,0,1
36,,0.0,11,0.0835,1,0.1476,23302.13,8,2,2904.24,1,0,1
39,47376.94,24.0,3,0.2543,0,0.3504,16899.09,3,1,7732.35,0,1,1
54,72480.76,31.0,11,0.0745,3,0.2684,7361.94,3,2,1568.41,0,0,1
49,24583.52,7.0,4,0.1949,3,0.3449,17567.06,5,1,,0,0,1
73,95723.46,4.0,10,0.289,1,0.3663,11005.5,8,3,21460.65,0,0,0
58,14802.63,29.0,7,0.4052,4,0.4697,16451.81,3,1,21302.97,0,0,0
20,48892.98,7.0,1,0.1903,4,0.5982,1838.31,3,3,3506.56,0,0,0
45,65857.4,18.0,11,0.356,2,0.2255,20228.83,8,4,5807.71,0,1,0
27,37841.58,29.0,6,0.3014,1,0.3475,22423.19,4,1,1769.25,0,0,1
68,33914.96,14.0,8,0.3713,0,0.2742,4277.72,1,3,30723.71,0,0,1
52,60555.89,26.0,1,0.1328,6,0.8091,17273.57,5,0,5869.62,1,1,0
46,56944.0,12.0,8,0.5407,1,0.1792,8343.27,5,3,1848.53,1,0,0
71,55148.45,13.0,7,0.3116,0,0.4603,21290.44,4,4,14902.37,0,0,1
32,76467.21,29.0,1,0.1719,3,0.4408,18482.63,6,1,4362.98,0,1,1
50,45138.18,12.0,9,0.3512,1,0.393,24400.51,4,0,8087.82,1,0,1
24,62989.82,15.0,11,0.3615,2,0.2121,25504.17,7,3,14841.02,0,1,0
29,42334.93,6.0,3,0.4565,2,0.1851,12341.42,8,1,,0,0,1
66,33766.76,26.0,2,0.3367,1,0.4921,15907.2,1,4,6900.2,1,0,1
47,47881.03,34.0,7,0.4504,3,0.7287,29414.6,8,2,462.05,1,0,1
38,42530.87,14.0,11,0.4743,2,0.15,1000.0,4,4,2138.26,0,1,1
48,43779.9,27.0,3,0.4588,0,0.2718,5034.69,9,4,1195.02,0,1,1
41,84133.19,34.0,1,0.336,0,0.2593,22879.66,2,1,8266.88,1,0,0
37,48647.41,6.0,10,0.4611,1,0.5121,7391.78,2,1,2351.26,0,1,0
54,38427.33,19.0,13,0.2765,2,0.5572,27997.23,3,3,11416.46,1,1,1
21,55701.97,31.0,3,0.4576,2,0.2484,8131.37,6,0,11454.91,0,1,0
45,57605.7,31.0,6,0.2473,1,0.5097,19695.86,4,4,12268.85,1,1,1
61,25327.97,25.0,3,0.3012,2,0.2771,17065.56,5,1,1138.29,0,0,0
37,47539.84,19.0,5,0.2275,1,0.5998,14102.67,8,1,5973.2,0,0,1
41,46532.89,17.0,9,0.426,2,0.6393,18055.68,7,4,9093.03,1,0,0
67,50696.39,14.0,7,0.2372,2,0.2401,16977.08,8,3,3118.01,0,0,1
66,73138.21,21.0,2,0.1273,1,0.1507,19493.45,3,1,2409.53,0,0,1
68,58416.8,21.0,1,0.4926,1,0.2295,27115.29,2,2,10125.56,0,1,1
49,85698.43,20.0,7,0.172,1,0.2745,20621.98,6,2,3462.25,0,0,1
58,54708.49,1.0,4,0.3362,0,0.5525,24064.7,3,0,2289.51,0,0,0
53,99402.18,17.0,11,0.329,1,0.4776,12645.4,1,3,6620.9,0,0,1
70,43480.62,22.0,7,0.3196,0,0.0793,3515.45,8,4,7748.8,0,1,1
51,35760.94,12.0,6,0.1762,1,0.2389,7614.07,3,4,11997.59,1,1,1
53,68682.57,8.0,7,0.1772,1,0.4788,28290.07,6,4,334.33,1,0,0
19,89102.05,6.0,4,0.5207,3,0.3806,30347.5,9,2,1534.02,0,0,0
32,20529.92,0.0,3,0.2158,0,0.2241,6089.73,7,4,,1,0,1
51,50075.23,1.0,12,0.2386,2,0.1927,8788.09,4,0,6072.08,0,0,0
53,,3.0,5,0.1891,1,0.5974,12520.11,6,2,13122.26,1,0,0
23,58571.28,13.0,3,0.3259,1,0.3839,15008.49,9,1,4761.29,0,0,1
56,55250.45,31.0,14,0.3279,3,0.5372,25451.98,1,3,4920.38,1,0,0
59,88634.53,1.0,3,0.1697,0,0.3188,22759.96,2,1,3792.96,1,0,1
68,52289.88,13.0,4,0.2823,2,0.1955,5809.76,1,1,9400.37,0,0,1
68,89369.6,19.0,8,0.8645,1,0.1684,5497.34,5,3,7136.82,0,1,0
71,47122.49,24.0,2,0.5245,1,0.1957,3749.23,5,3,3990.27,0,0,0
29,78162.05,7.0,4,0.3749,1,0.1592,8186.51,1,4,1661.59,1,1,1
20,60716.58,27.0,11,0.3738,2,0.5811,4103.07,1,4,19.19,0,1,0
62,98247.13,20.0,3,0.0348,0,0.2815,21248.43,8,0,766.37,1,0,1
35,18074.63,22.0,7,0.7386,2,0.4013,4697.69,8,3,912.88,1,0,0
57,25903.56,31.0,2,0.3896,1,0.3955,16986.63,1,3,6740.33,0,1,0
38,100790.56,7.0,1,0.6238,2,0.621,4232.78,7,1,11390.24,1,0,0
32,36668.37,30.0,10,0.5579,1,0.2964,38502.92,4,4,4883.4,1,0,1
50,38254.92,15.0,1,0.3547,0,0.6194,18908.24,1,0,4279.03,1,0,0
52,33106.91,,6,0.0276,4,0.2441,22141.66,4,4,1133.54,0,0,1
43,83711.15,17.0,3,0.3365,0,0.1845,12234.37,8,3,18502.13,0,0,1
25,23663.56,34.0,7,0.2783,0,0.3526,20754.49,2,0,10630.24,0,1,1
53,55561.26,14.0,8,0.3398,1,0.2218,11868.18,9,4,4315.32,0,0,0
65,48359.45,26.0,5,0.2927,2,0.4509,28821.1,7,1,816.39,0,0,0
47,80912.89,,5,0.2091,3,0.4733,6498.94,5,4,14970.81,1,0,1
40,40907.93,1.0,12,0.5293,0,0.5989,14780.65,8,4,1487.09,0,0,0
59,65381.81,30.0,2,0.2731,3,0.0377,13179.29,7,0,,0,1,1
61,25719.6,33.0,8,0.267,0,0.2069,4342.16,9,0,3319.38,1,0,1
31,111848.53,33.0,10,0.5906,1,0.2264,22880.91,6,2,15703.51,0,0,1
31,49010.19,2.0,13,0.072,1,0.3162,7474.2,9,3,7073.4,0,0,1
19,55219.09,16.0,1,0.1352,2,0.1685,1954.24,1,1,2063.86,1,0,1
72,96368.86,13.0,10,0.1747,0,0.4408,20384.97,3,4,101.96,1,0,0
54,40333.18,13.0,9,0.3664,0,0.6169,2936.43,1,0,1909.7,0,0,0
22,96684.56,34.0,1,0.6362,2,0.2992,20091.86,4,4,3637.28,0,0,1
55,44713.22,0.0,1,0.3581,1,0.5191,23405.03,7,4,9858.57,0,1,1
62,71792.45,28.0,1,0.178,1,0.4419,6297.02,1,4,1947.91,0,0,0
58,40682.96,3.0,7,0.2635,1,0.7351,20726.57,3,4,2425.12,1,0,0
71,21099.09,32.0,4,0.1873,2,0.4001,6476.88,4,1,4568.86,0,0,0
64,65364.86,16.0,12,0.1049,1,0.2799,11895.64,3,1,350.95,0,0,1
31,70997.59,27.0,7,0.2331,0,0.1754,14872.47,9,1,11702.0,1,0,1
73,22102.86,25.0,5,0.1221,1,0.4028,5004.84,6,1,656.23,0,0,1
56,47323.54,7.0,12,0.3705,1,0.2324,5377.21,6,2,10685.38,0,1,1
42,85018.97,33.0,14,0.1331,3,0.3196,24270.28,9,0,2495.39,0,1,1
37,70002.97,17.0,7,0.0728,1,0.2052,1000.0,8,3,4928.46,0,0,1
19,45119.62,30.0,10,0.2799,1,0.443,12212.56,6,3,4226.43,0,1,0
56,40061.86,26.0,14,0.2616,1,0.379,16981.38,8,0,2336.32,0,1,0
23,103706.11,15.0,7,0.1992,1,0.3017,19040.32,9,3,2362.63,0,0,1
34,18826.7,9.0,4,0.2548,2,0.5177,26297.49,4,2,23815.26,0,0,1
42,53520.04,11.0,2,0.177,0,0.3408,21138.92,5,0,2916.18,0,0,1
74,18382.58,21.0,8,0.4677,1,0.4906,17153.93,6,3,1617.83,1,0,0
45,87870.37,15.0,2,0.2313,2,0.561,13837.1,7,4,2306.71,1,0,1
19,54821.91,11.0,9,0.2059,0,0.5753,11959.84,5,2,9504.84,0,0,1
52,59454.35,10.0,5,0.0426,3,0.5715,12475.64,5,3,2955.51,1,0,1
54,124222.31,19.0,9,0.0524,1,0.5458,13033.31,5,2,1506.13,1,0,1
22,40163.18,0.0,9,0.1479,0,0.5752,18325.77,7,0,,1,0,1
18,98714.4,26.0,14,0.4751,3,0.4298,11265.06,3,0,1000.4,1,0,0
57,45231.7,2.0,8,0.3069,1,0.3855,21430.28,8,0,4068.84,1,0,0
29,,11.0,8,0.5057,2,0.38,16703.46,4,3,15856.82,1,1,0
73,120954.38,29.0,4,0.1285,0,0.5073,6379.69,4,1,3733.35,0,0,1
53,50972.74,8.0,14,0.1743,2,0.2281,15158.24,6,2,5774.64,1,1,1
62,20640.71,0.0,4,0.1468,0,0.3922,14606.61,8,3,12452.52,0,0,1
40,62047.97,3.0,14,0.3198,0,0.2937,12676.05,9,2,5804.95,1,0,0
64,50681.58,14.0,2,0.5152,0,0.5928,18115.65,1,4,388.39,1,0,0
48,64177.4,26.0,4,0.3955,0,0.4619,1989.95,2,0,1935.25,0,0,0
28,51660.06,7.0,4,0.332,3,0.4557,11987.36,6,0,17974.45,0,1,1
27,110388.62,22.0,6,0.3136,0,0.394,13952.99,7,1,12963.39,0,0,1
20,68918.4,14.0,3,0.1681,2,0.4834,10971.17,5,0,11439.24,0,0,0
71,28125.88,26.0,2,0.2983,1,0.3955,17095.27,5,4,6343.2,0,0,1
31,58113.67,,8,0.2589,2,0.3093,11896.99,6,2,3486.5,0,1,1
33,35009.25,7.0,2,0.365,4,0.3416,11986.72,6,3,9483.41,1,1,0
27,48807.15,29.0,8,0.1967,1,0.4229,14289.21,4,0,8709.69,0,0,1
46,32238.98,17.0,7,0.2375,1,0.4294,7904.65,7,3,8234.81,0,0,1
27,107677.96,3.0,3,0.3878,3,0.1866,5272.67,9,1,5604.19,0,1,1
29,37715.38,21.0,6,0.2543,3,0.3422,30357.06,2,0,2402.24,0,1,0
47,72189.11,2.0,6,0.2601,0,0.2949,11032.72,8,1,4573.55,0,1,0
58,46913.01,14.0,10,0.5307,1,0.3904,13895.53,6,2,5741.45,1,0,0
18,26039.67,34.0,14,0.4439,1,0.4752,24230.2,3,2,1946.83,0,1,0
22,59941.23,32.0,5,0.0187,2,0.2848,17435.55,2,4,2091.5,0,0,1
37,65017.3,13.0,13,0.2045,0,0.3049,9141.0,6,0,12555.72,0,0,1
25,68965.66,0.0,8,0.1622,1,0.6858,1000.0,6,3,3082.63,0,1,0
60,10000.0,25.0,11,0.3706,0,0.4285,2939.23,5,0,29098.27,1,0,1
29,24128.86,7.0,12,0.0827,2,0.2897,7072.02,4,2,4587.25,1,0,1
18,78938.87,15.0,5,0.1443,0,0.3132,11115.57,9,1,,0,1,0
74,31909.83,9.0,7,0.1224,2,0.344,19637.87,2,4,5608.49,1,1,1
71,60073.6,25.0,6,0.2433,1,0.1296,7688.57,4,3,5435.9,0,1,1
37,23549.38,27.0,11,0.3368,2,0.5316,7536.73,1,1,,0,0,0
45,73290.03,11.0,7,0.2558,3,0.5276,23784.69,4,3,781.07,0,1,0
74,78281.74,19.0,13,0.3364,1,0.4357,29060.25,8,4,3393.94,1,0,0
60,73297.75,13.0,9,0.3761,3,0.0974,18740.58,3,4,2695.11,0,0,1
54,80813.92,34.0,3,0.1152,0,0.3905,13717.09,3,3,3156.25,0,0,1
64,94097.5,28.0,10,0.1882,1,0.1929,13581.65,6,2,19497.02,0,0,1
54,25648.15,11.0,7,0.4464,0,0.4811,7118.55,2,1,579.61,1,0,0
29,35283.2,17.0,13,0.1336,1,0.391,22789.2,4,1,2665.75,1,0,1
54,77438.59,1.0,10,0.4259,2,0.2955,15403.38,5,0,10705.53,0,0,1
66,83255.49,1.0,3,0.0589,3,0.5036,7172.57,8,1,2182.36,1,0,0
66,38141.43,16.0,13,0.5111,1,0.4632,10149.43,4,2,14323.53,0,0,0
73,36402.85,9.0,2,0.3533,0,0.1737,22666.41,5,2,3202.84,0,0,1
61,38694.66,17.0,12,0.2973,3,0.7222,8449.05,4,3,961.02,1,0,0
73,14872.63,21.0,7,0.2178,4,0.3073,9631.87,3,0,5858.68,0,1,1
45,23214.72,18.0,4,0.0368,2,0.2435,35883.94,6,1,5728.62,0,0,1
64,23817.68,0.0,1,0.0786,4,0.1949,8308.7,9,1,319.34,0,1,0
32,47647.54,23.0,6,0.3186,0,0.2865,17366.0,6,4,10124.27,1,0,1
23,61770.91,24.0,11,0.2021,1,0.3603,12131.64,7,3,1222.82,0,0,1
61,65836.82,30.0,6,0.11,3,0.1918,35261.93,8,0,1920.61,1,0,0
37,42285.94,30.0,6,0.2745,2,0.257,24708.99,1,2,6613.09,0,0,1
67,42900.32,1.0,2,0.5177,2,0.0998,17294.7,7,1,17715.18,1,0,0
31,58091.54,18.0,1,0.3505,1,0.4306,7879.34,8,1,166.73,1,1,1
19,17599.64,11.0,3,0.1123,2,0.2187,7780.61,7,4,13841.4,0,0,1
26,78986.01,9.0,12,0.3099,1,0.5432,28384.18,1,4,11224.13,0,0,0
54,87134.63,30.0,14,0.4486,2,0.3092,3737.96,2,1,1410.96,1,0,1
37,39360.48,21.0,2,0.3906,4,0.5162,19191.37,4,1,3735.05,0,0,0
43,45039.1,22.0,6,0.1651,3,0.3729,19127.77,5,4,18913.29,0,0,1
46,86082.81,22.0,13,0.3311,2,0.6635,32411.44,9,2,1266.21,0,0,1
18,51923.71,14.0,12,0.4692,0,0.2966,2788.73,9,1,944.51,0,0,1
72,69706.14,25.0,6,0.3043,2,0.2614,19072.1,2,3,10630.64,0,0,1
52,52692.37,2.0,13,0.176,2,0.3336,19441.22,7,1,5092.85,0,0,1
23,93907.68,22.0,5,0.3086,3,0.2475,18939.05,3,3,2673.96,1,0,0
54,67251.99,19.0,10,0.247,0,0.1788,17301.57,8,4,1508.63,1,1,1
70,68691.39,7.0,10,0.1915,2,0.2118,26926.39,9,2,10247.48,0,0,1
22,69157.66,17.0,5,0.234,2,0.3891,15283.86,4,0,4631.46,0,0,1
50,,5.0,9,0.5657,1,0.2334,9572.3,2,0,2189.23,0,0,0
66,43419.02,26.0,14,0.3051,2,0.5518,2831.73,9,0,,0,0,1
68,74231.14,14.0,5,0.4188,1,0.3173,13617.7,2,4,6587.24,0,1,1
31,58160.32,4.0,13,0.1567,1,0.5631,11004.7,2,4,3486.09,0,1,0
29,25559.72,8.0,10,0.0546,2,0.4794,22425.44,9,1,10173.96,1,1,1
59,101827.61,6.0,6,0.5029,2,0.2083,4159.41,6,2,5488.21,0,1,0
37,79451.8,19.0,11,0.1835,0,0.494,32596.14,5,2,75.71,0,0,0
70,55940.66,9.0,4,0.0516,0,0.234,15021.6,6,1,14692.24,1,0,1
67,48162.48,25.0,10,0.2979,0,0.0888,23443.21,9,2,549.2,1,0,0
41,59966.9,3.0,14,0.534,1,0.3233,22717.61,1,2,36340.2,0,0,0
60,67938.0,23.0,14,0.2945,0,0.6139,7287.34,7,1,3443.01,0,1,1
51,10000.0,13.0,1,0.4388,1,0.2837,14445.93,8,4,5952.81,0,0,1
42,107808.74,0.0,4,0.1292,2,0.2866,25315.62,4,0,61520.08,0,0,1
67,35252.89,16.0,2,0.3414,0,0.4287,21239.4,8,1,2508.97,0,0,1
46,54952.36,23.0,10,0.4912,0,0.21,17386.31,1,1,4969.14,0,0,1
74,55871.67,26.0,3,0.192,3,0.6443,19210.09,8,0,11248.52,0,0,0
56,104921.26,6.0,7,0.4012,2,0.1204,10090.89,3,0,5033.65,0,0,1
48,52796.9,8.0,7,0.2592,0,0.3635,1583.9,4,3,3249.59,0,1,1
73,94712.68,34.0,1,0.3887,0,0.3486,26390.22,8,3,1028.4,1,0,0
64,65168.19,11.0,8,0.3886,2,0.1655,9943.65,8,3,5756.83,1,0,1
60,30952.88,20.0,7,0.4126,1,0.1683,5908.95,2,4,6419.15,0,1,1
67,58367.69,2.0,1,0.5312,0,0.2431,28736.29,9,1,2120.3,0,1,0
40,52037.28,14.0,8,0.1158,1,0.2991,17009.32,4,3,3250.46,0,1,1
61,27898.24,20.0,14,0.1761,0,0.6713,1000.0,6,4,2837.66,1,0,1
55,63943.07,9.0,14,0.252,2,0.3624,5357.34,8,0,4460.12,0,0,1
37,55552.57,32.0,2,0.4371,2,0.3106,16217.45,4,3,12805.34,0,0,1
40,68910.54,5.0,8,0.2415,1,0.4765,10346.36,8,1,3234.64,1,1,1
62,59833.82,1.0,3,0.1881,0,0.4009,18223.91,7,2,2544.6,0,0,1
69,38722.43,28.0,10,0.2517,1,0.1908,12679.35,8,4,14653.23,0,0,1
33,74208.35,32.0,7,0.3231,1,0.2635,11650.79,4,4,13331.69,1,0,1
67,39390.04,3.0,13,0.1247,3,0.2726,18249.25,2,0,12611.74,0,1,1
59,10000.0,3.0,6,0.2596,2,0.515,4364.26,4,0,10862.15,0,0,0
72,58216.32,28.0,5,0.3445,1,0.4024,3754.08,5,0,17565.39,1,1,1
25,41148.16,19.0,11,0.2079,0,0.3065,20998.39,4,3,9992.49,1,0,1
67,64553.26,,10,0.4298,0,0.267,15966.55,8,0,1484.85,0,0,1
38,104971.79,17.0,14,0.1767,1,0.5162,25279.85,5,2,268.26,0,1,1
18,105693.49,24.0,11,0.3915,2,0.4116,5703.98,9,4,1605.81,1,0,0
72,50871.93,0.0,2,0.195,1,0.2346,15704.5,7,4,3628.49,0,1,0
25,34337.12,14.0,2,0.2155,3,0.1884,7031.88,7,0,435.11,0,0,1
46,69617.08,33.0,13,0.4776,2,0.2651,14869.44,5,1,11317.56,1,0,1
49,45744.36,19.0,12,0.1405,1,0.3943,25837.59,3,4,8202.38,0,0,1
55,64794.41,26.0,1,0.3407,1,0.311,20724.92,8,3,10126.73,0,1,1
22,38478.48,21.0,14,0.3407,0,0.5321,10135.38,4,1,805.54,1,1,0
64,61267.31,4.0,9,0.0958,0,0.2226,15598.37,3,1,3189.15,0,0,1
39,34700.65,33.0,11,0.1682,4,0.4239,13249.1,4,2,4920.76,0,0,1
64,84606.34,2.0,8,0.1999,0,0.0254,8238.02,1,0,7382.35,0,0,1
51,40250.56,16.0,8,0.2478,2,0.3869,9881.86,8,3,12987.13,1,1,1
18,71527.56,23.0,1,0.1729,1,0.2788,8645.4,9,1,30156.37,0,0,1
72,23380.82,23.0,5,0.1624,3,0.2014,22875.64,3,1,686.24,1,0,1
72,74529.35,2.0,12,0.2456,1,0.6051,13112.91,6,0,8209.83,0,1,0
43,30840.4,6.0,6,0.3501,2,0.3737,12956.3,4,3,1158.87,1,1,1
60,61529.42,24.0,2,0.2159,2,0.787,11249.2,9,0,2851.92,0,1,0
27,80580.02,2.0,10,0.2308,1,0.3154,30627.75,2,3,11828.95,0,0,1
47,50000.43,14.0,5,0.2345,0,0.5872,3518.03,3,0,41060.48,0,0,1
67,29270.83,28.0,6,0.2952,0,0.22,10164.82,1,0,5980.49,0,0,1
35,67420.31,28.0,9,0.2385,1,0.3738,14527.13,7,0,3484.73,0,0,0
34,33975.47,9.0,10,0.1092,2,0.1218,13875.68,9,2,1927.36,0,0,1
43,44893.86,31.0,1,0.0951,0,0.3573,21000.16,1,0,12205.65,0,0,1
25,61636.57,22.0,13,0.3929,0,0.4354,35342.81,3,1,18723.92,1,0,0
64,89016.9,8.0,10,0.0627,3,0.1703,1000.0,7,2,15101.51,0,0,1
57,55663.83,13.0,3,0.0733,0,0.4479,5860.91,3,0,,0,0,1
66,55571.44,3.0,12,0.4701,1,0.6126,15001.92,3,3,7116.48,0,0,0
29,73437.82,19.0,9,0.1171,4,0.3255,18375.81,3,4,14493.45,0,0,0
44,56259.3,27.0,14,0.2253,0,0.2931,5782.64,4,2,21144.19,0,0,1
25,70888.25,13.0,1,0.1267,0,0.3999,17244.49,4,3,22376.17,0,0,1
42,81963.34,33.0,1,0.1593,2,0.4262,9258.03,8,2,9363.75,0,0,1
63,46806.57,12.0,1,0.0642,0,0.3626,18692.28,5,3,1702.39,0,0,1
21,10000.0,30.0,7,0.2237,0,0.27,15066.4,3,1,3003.22,1,0,1
50,34551.82,32.0,13,0.5043,0,0.2803,17820.63,5,3,2476.41,1,1,1
18,85217.05,27.0,5,0.0927,3,0.2499,19259.96,9,1,1524.21,1,1,1
36,54155.88,24.0,6,0.2928,2,0.3526,20254.15,6,3,2309.56,1,1,1
48,46521.74,31.0,13,0.2958,0,0.373,3077.94,4,2,16313.91,0,0,1
33,84169.62,8.0,14,0.3848,4,0.3667,16606.65,1,4,11769.13,0,0,1
31,52466.88,27.0,8,0.1388,0,0.1397,22958.62,8,2,357.78,0,0,1
70,10000.0,30.0,14,0.3036,0,0.2773,18201.66,5,1,1278.58,0,0,1
65,17367.45,16.0,13,0.3292,0,0.2372,8927.46,9,3,33505.49,1,1,1
22,65466.2,22.0,2,0.4274,0,0.6402,14902.13,7,3,2049.18,1,0,1
58,53327.73,12.0,13,0.2952,0,0.1044,14107.07,2,3,8049.57,0,1,1
43,91366.41,9.0,2,0.318,3,0.2087,14337.08,2,4,1840.96,1,0,1
45,36668.28,15.0,3,0.1711,0,0.1581,12916.8,8,2,2129.14,1,0,1
19,47262.48,5.0,13,0.0623,1,0.478,13459.96,5,2,5521.53,0,0,1
67,32887.42,10.0,3,0.3531,0,0.343,19567.34,5,3,5350.19,0,0,0
23,41985.15,2.0,13,0.0879,0,0.3295,2108.25,6,3,8311.58,0,0,1
26,10000.0,27.0,3,0.283,0,0.3403,11086.84,7,3,1473.34,0,0,1
50,45357.88,14.0,4,0.1373,1,0.3842,8624.05,4,2,2438.24,0,1,1
58,53703.28,12.0,3,0.5157,0,0.33,21217.02,9,4,7828.48,0,0,0
42,51591.73,16.0,2,0.4159,2,0.4317,12497.37,8,3,819.85,1,0,0
65,108738.83,6.0,9,0.2975,1,0.5187,11355.47,6,3,19203.79,1,0,1
30,100837.11,27.0,6,0.0461,3,0.3363,12323.71,1,4,1575.91,1,0,1
26,36227.51,12.0,3,0.1456,3,0.4613,10735.59,6,4,4615.66,1,0,1
70,10000.0,16.0,9,0.2852,1,0.2965,25250.87,1,3,920.15,1,0,1
30,52519.99,14.0,4,0.0653,1,0.2152,14010.58,5,1,9237.27,1,0,1
48,64412.75,27.0,4,0.1558,0,0.3295,21732.99,6,4,3167.14,1,0,1
58,33487.9,14.0,8,0.1145,1,0.4539,12497.82,2,4,611.93,0,0,1
28,34725.61,10.0,7,0.0241,3,0.2376,26207.17,3,2,7184.36,0,0,1
21,94563.87,30.0,7,0.2246,2,0.2886,24130.13,7,0,31568.16,0,1,1
51,48561.21,3.0,10,0.1963,3,0.7075,14541.06,5,3,16376.6,1,0,1
55,71556.25,34.0,7,0.3377,0,0.3912,20130.3,9,0,9709.33,0,0,1
63,31742.36,33.0,10,0.3459,4,0.2823,16749.37,8,0,101.84,0,0,0
21,53576.49,26.0,11,0.3347,0,0.5721,14823.75,9,3,15721.17,0,0,0
55,46591.54,,5,0.1387,1,0.3997,12593.58,6,2,18163.57,0,0,0
36,38115.67,29.0,7,0.2315,0,0.5839,15411.19,2,4,309.9,1,0,0
23,83882.51,19.0,4,0.288,2,0.439,15013.58,6,2,1044.39,0,0,1
51,20278.07,28.0,8,0.38,3,0.4577,9190.67,5,2,4804.0,1,0,1
35,62501.42,28.0,9,0.2438,2,0.2799,18064.47,4,3,4114.19,0,1,1
30,46121.96,22.0,13,0.1539,1,0.3953,5579.18,9,1,2789.9,1,1,1
58,65370.61,20.0,12,0.3121,0,0.3718,16507.06,2,4,1764.36,1,0,1
40,46460.58,9.0,3,0.3141,0,0.4498,8391.67,3,4,6372.23,0,0,1
36,76679.83,11.0,7,0.1568,1,0.2513,25938.19,4,3,11803.55,1,1,1
62,31507.44,29.0,12,0.3229,0,0.3571,20923.85,7,1,22121.97,1,0,1
28,83938.83,32.0,10,0.0968,1,0.2185,17416.32,1,1,2865.99,1,0,1
18,54279.93,17.0,9,0.057,1,0.5275,19891.22,9,0,9718.46,0,0,1
41,21787.44,13.0,1,0.2823,1,0.4106,19807.19,5,0,12416.54,1,0,1
71,72005.39,21.0,2,0.4361,0,0.1337,20289.15,1,2,5200.08,0,0,1
24,50028.76,20.0,7,0.2558,2,0.4903,2251.87,8,4,20316.06,0,0,1
42,12304.05,0.0,13,0.1785,0,0.3195,10511.84,3,4,185.98,1,1,1
38,63311.7,14.0,2,0.3585,3,0.2132,9975.93,1,4,18459.23,1,0,1
32,80164.89,21.0,7,0.5009,0,0.2976,9198.01,7,2,,0,1,1
18,87053.39,31.0,1,0.6879,0,0.5365,27947.92,4,1,1178.71,0,1,0
29,45541.2,32.0,3,0.5651,1,0.1857,14735.27,5,1,4630.31,0,1,1
24,58632.95,22.0,5,0.3727,3,0.3054,23021.83,2,4,5803.07,1,0,0
32,56263.41,1.0,14,0.2625,1,0.5211,13883.57,4,1,4112.97,1,0,0
38,92245.07,1.0,12,0.1714,2,0.5555,9357.13,5,4,18072.87,1,0,0
36,34737.79,28.0,14,0.2133,2,0.3534,15413.28,4,1,9985.77,0,0,1
46,43383.51,2.0,11,0.3428,1,0.4865,11810.66,3,3,1054.55,1,0,0
42,34131.99,6.0,6,0.5409,3,0.3497,25213.88,5,0,20884.68,1,1,0
50,18771.24,28.0,13,0.5401,1,0.1479,2042.39,2,3,378.17,0,1,1
66,61194.68,22.0,9,0.204,0,0.3821,21655.93,1,0,7244.13,0,0,1
49,95032.46,15.0,9,0.272,1,0.1639,15622.21,7,1,5916.68,0,0,1
66,50037.89,30.0,3,0.4696,1,0.6836,13827.02,3,3,601.29,0,0,0
52,32952.58,33.0,14,0.3733,0,0.2724,14020.68,6,4,9521.65,1,0,1
61,59671.49,0.0,8,0.0908,2,0.2571,18178.16,8,3,26281.15,0,1,1
55,69727.95,17.0,13,0.324,0,0.4263,13990.87,3,1,4906.49,0,0,1
43,51090.92,14.0,4,0.0818,0,0.3978,22685.48,9,1,5770.74,1,0,1
28,90088.38,16.0,7,0.245,0,0.4783,1000.0,5,0,3874.54,1,0,1
52,34690.95,9.0,6,0.2646,2,0.1942,10748.97,8,3,16649.21,0,1,1
25,47825.76,19.0,8,0.1232,1,0.2748,8173.6,2,1,21026.03,1,0,1
63,62399.7,5.0,6,0.3748,0,0.4487,3307.85,2,3,4047.85,1,0,1
31,64824.09,7.0,4,0.4324,2,0.2056,16893.18,6,2,17722.1,1,1,1
27,56180.7,33.0,2,0.2878,0,0.2434,26368.57,2,1,1828.98,0,0,1
19,23039.5,31.0,7,0.0707,1,0.2164,18270.84,6,0,4898.11,1,0,1
63,113450.29,3.0,11,0.3003,4,0.4917,12228.3,9,0,2321.94,0,0,1
26,49100.75,19.0,13,0.2361,1,0.5311,21418.41,3,4,2027.81,0,0,0
20,57756.69,23.0,11,0.4486,1,0.3363,19205.31,8,1,15559.26,0,0,0
38,70419.03,23.0,4,0.4277,1,0.2048,7585.24,3,4,10020.55,0,0,0
43,39087.37,25.0,13,0.4093,2,0.4791,10116.81,9,0,554.04,1,1,1
25,56423.16,24.0,9,0.0963,1,0.27,29666.96,5,1,11331.16,0,0,1
65,38070.24,6.0,9,0.1026,2,0.2672,25453.54,8,2,6806.41,0,0,1
19,65388.77,9.0,7,0.069,0,0.1927,18277.96,1,3,12370.63,1,0,1
23,48099.43,11.0,5,0.0255,0,0.3251,22025.21,1,1,7198.08,0,0,1
45,61717.96,0.0,3,0.3859,1,0.0972,24475.94,9,4,3790.84,0,1,1
70,28836.57,24.0,3,0.1463,0,0.5389,24983.56,7,1,5465.24,0,1,1
46,34277.09,15.0,9,0.2782,1,0.2485,22207.66,5,0,1221.71,0,0,1
43,20871.48,4.0,9,0.2012,2,0.1482,8946.76,1,0,2975.57,0,0,1
42,37236.75,18.0,12,0.0971,2,0.3114,16565.86,3,0,180.67,0,1,1
29,10000.0,3.0,13,0.318,4,0.4356,22460.82,9,3,4170.09,1,0,1
22,47322.49,5.0,11,0.3558,0,0.0763,16587.29,3,1,765.37,0,1,0
51,41643.99,25.0,4,0.4884,1,0.2011,14200.29,5,0,8645.05,1,0,1
65,58772.77,8.0,11,0.1166,0,0.4374,11336.97,2,0,19492.87,1,1,1
54,56115.19,13.0,1,0.2604,1,0.4053,3423.66,5,2,10797.39,0,1,1
32,86426.99,8.0,13,0.0841,0,0.5527,9959.86,7,0,1859.82,0,0,1
61,119857.75,14.0,10,0.0884,0,0.6686,5223.71,5,4,5659.3,0,1,1
53,83438.48,19.0,5,0.1658,0,0.3448,17211.83,5,0,9957.51,0,1,1
32,43672.31,7.0,14,0.1562,1,0.5504,10623.77,4,4,13106.72,1,0,1
60,42665.23,31.0,8,0.2631,1,0.29,14886.36,4,3,2661.56,0,0,1
65,76716.58,20.0,10,0.1478,2,0.3682,16947.89,5,3,5186.61,0,0,1
40,12916.38,18.0,4,0.3554,0,0.4625,17459.15,2,1,881.55,1,1,0
23,47119.93,28.0,10,0.1646,2,0.7128,11068.01,6,2,10367.53,1,1,1
63,49046.18,30.0,10,0.3181,1,0.5216,12013.44,2,1,4563.73,1,0,0
67,69603.29,5.0,4,0.303,0,0.3679,15527.39,9,0,340.68,0,0,1
61,70346.66,3.0,13,0.3977,1,0.5586,15526.58,6,3,6030.33,1,0,0
60,36385.99,28.0,12,0.1953,1,0.237,21511.17,5,4,12538.29,0,1,1
62,44640.68,2.0,14,0.4449,1,0.2261,15759.62,3,1,363.63,1,1,0
38,66127.61,0.0,9,0.2584,1,0.5324,6490.67,9,3,,1,0,0
40,35026.98,14.0,9,0.1905,1,0.5521,11033.11,8,4,5260.18,0,0,1
60,85152.96,20.0,7,0.2769,0,0.7207,9242.74,3,4,61649.19,0,0,0
72,70229.38,30.0,10,0.1709,0,0.327,12006.25,1,0,,1,0,1
33,59287.74,6.0,8,0.193,2,0.2797,19356.79,1,1,13680.98,1,1,1
64,64773.51,16.0,12,0.4615,2,0.2227,20393.03,8,4,1261.87,0,0,1
70,43327.73,18.0,12,0.4035,0,0.4627,16586.78,7,3,26594.45,0,0,0
32,39342.71,2.0,4,0.2058,1,0.3585,4185.28,7,1,2930.38,1,0,1
42,44381.94,29.0,8,0.2752,0,0.1215,9624.73,3,0,1258.51,1,0,1
53,67499.17,34.0,14,0.3194,0,0.6196,11803.28,6,0,3846.96,0,0,1
28,60025.37,28.0,6,0.3064,1,0.3218,19534.95,5,3,122.66,0,0,1
68,44432.14,13.0,13,0.3892,0,0.5007,3431.36,5,4,922.12,0,1,1
32,73739.54,34.0,3,0.3053,1,0.5895,6303.37,6,0,5483.8,1,1,0
21,50651.34,27.0,7,0.1202,3,0.4764,19184.52,8,0,22591.07,1,0,1
38,37667.23,29.0,3,0.0465,2,0.5704,18176.61,9,4,4709.22,1,0,0
30,61358.54,25.0,11,0.1379,2,0.2972,26611.43,5,4,8635.82,0,1,1
39,29674.26,6.0,7,0.1012,1,0.6988,30271.31,7,4,9822.73,0,0,1
36,12819.41,30.0,5,0.1973,0,0.3245,7614.63,1,2,297.96,0,0,1
51,54872.39,4.0,4,0.1748,3,0.4332,5324.7,5,2,3109.83,1,0,1
31,38564.66,34.0,3,0.5408,3,0.4323,8170.41,3,4,46595.33,1,0,0
21,48646.14,13.0,8,0.4372,0,0.5059,34337.42,2,4,56.25,0,0,0
65,30831.68,26.0,4,0.4464,2,0.5728,10390.99,3,3,5081.64,0,1,0
70,85223.3,23.0,8,0.207,3,0.4615,25178.77,9,0,14534.0,1,0,0
69,38462.68,28.0,10,0.2432,1,0.3698,25265.68,9,1,2722.04,0,1,0
63,44200.02,21.0,3,0.4449,1,0.1642,1000.0,2,2,45540.35,0,0,1
44,64447.08,7.0,10,0.2806,2,0.3947,17343.97,9,2,5325.94,0,0,0
46,20584.64,14.0,13,0.1475,0,0.4478,16223.33,3,4,19627.04,1,0,1
64,18736.26,4.0,9,0.1019,1,0.2908,22694.52,3,4,6011.8,1,1,1
45,64523.82,3.0,6,0.0374,1,0.1324,25599.16,5,4,4055.24,0,0,1
52,43876.31,10.0,5,0.2615,1,0.6077,22533.24,4,1,9905.74,0,0,1
25,32462.62,17.0,5,0.2621,1,0.2014,16865.21,1,2,25412.66,1,1,1
33,70084.33,29.0,13,0.272,1,0.3896,20841.94,1,1,3774.03,0,0,1
59,34701.96,14.0,3,0.0578,1,0.6181,1000.0,5,0,16016.38,1,0,1
53,48137.19,5.0,2,0.3559,0,0.3179,4042.82,4,1,8621.31,1,1,1
47,32596.74,15.0,6,0.4935,1,0.1414,9675.31,8,3,3806.3,0,0,1
35,,8.0,11,0.2088,2,0.1054,17257.79,2,2,456.68,1,0,1
19,88301.9,33.0,1,0.3549,0,0.0696,4834.93,8,1,2984.79,0,0,1
66,10000.0,26.0,14,0.2226,2,0.389,17876.27,6,2,14236.46,0,0,1
30,57816.44,12.0,7,0.1742,1,0.5467,23709.87,9,4,799.9,0,0,1
21,76414.71,26.0,5,0.1014,0,0.242,1000.0,6,1,6792.36,0,0,1
43,44463.06,8.0,4,0.0732,2,0.138,31278.23,7,2,5736.9,1,0,1
42,26723.94,4.0,9,0.0693,0,0.4926,6865.89,8,1,8669.23,1,0,0
47,65524.09,21.0,10,0.4695,0,0.3451,20139.36,1,1,22375.29,1,0,1
28,,30.0,1,0.0611,3,0.4472,7384.76,7,1,,1,0,1
24,77263.05,2.0,11,0.2284,1,0.2062,16328.57,7,3,5716.94,0,0,1
48,64147.73,29.0,4,0.3015,1,0.2225,1000.0,3,3,14192.41,1,0,0
61,57447.84,20.0,3,0.3432,1,0.8044,23967.22,7,1,9676.4,0,0,0
27,32524.69,34.0,6,0.1945,2,0.5686,4033.97,4,1,18072.15,1,0,1
56,76631.12,5.0,5,0.2516,3,0.463,18164.59,6,2,10308.94,0,1,0
30,75248.92,27.0,7,0.1752,2,0.4654,22859.72,2,4,11187.53,1,0,1
48,26548.54,31.0,13,0.4523,1,0.4787,10562.81,4,0,701.91,0,1,0
24,64111.99,24.0,1,0.1899,2,0.3333,9296.04,4,4,30.63,0,0,1
73,71320.6,31.0,13,0.2176,3,0.7349,1000.0,5,2,24919.65,1,0,1
66,77052.84,34.0,5,0.0661,0,0.5185,16395.82,6,3,,0,1,0
59,53125.26,21.0,14,0.1793,4,0.3077,16213.69,4,2,1443.54,0,1,0
59,33560.81,23.0,2,0.0818,1,0.1127,7587.98,6,2,1382.63,1,0,1
73,42447.1,29.0,2,0.1403,1,0.0952,14941.58,9,0,10711.96,0,0,1
53,29818.75,31.0,11,0.0953,0,0.5032,3765.23,4,4,380.08,0,0,1
37,53723.48,30.0,11,0.1276,2,0.4905,4643.27,7,3,8654.6,0,0,1
21,48827.87,22.0,2,0.4715,0,0.2073,20879.48,7,2,6778.95,1,0,1
71,108625.91,32.0,9,0.2564,2,0.6127,13745.16,8,0,1274.8,1,0,0
24,77366.93,24.0,10,0.2401,2,0.2413,5167.73,2,2,1164.34,0,0,1
71,79238.7,23.0,3,0.5393,0,0.6037,23938.1,1,2,1138.6,1,0,0
18,66783.81,30.0,4,0.277,2,0.5153,13557.37,9,4,2403.64,0,1,0
61,45817.06,,5,0.209,1,0.3181,17639.96,9,4,8213.07,1,1,0
73,48115.25,9.0,14,0.2401,1,0.5151,18867.71,4,0,1854.32,1,0,0
62,50403.27,22.0,4,0.3511,3,0.4846,15070.9,4,2,8632.24,0,0,0
59,59705.83,17.0,4,0.0854,0,0.2058,13739.15,3,2,28520.26,1,0,1
64,64729.25,31.0,5,0.1692,1,0.5012,24082.7,3,2,15849.63,1,0,1
30,55017.72,32.0,10,0.2627,1,0.4222,3906.97,5,1,12799.0,0,1,1
72,47735.04,27.0,9,0.1276,0,0.5097,1000.0,5,1,23828.77,0,0,1
39,40147.11,15.0,12,0.4705,1,0.1567,9271.91,4,2,7583.73,1,1,1
71,20183.78,15.0,9,0.1516,4,0.114,10409.84,5,4,11717.98,0,0,0
38,87084.48,17.0,14,0.1586,2,0.197,1457.81,3,0,11895.18,0,1,1
39,110138.24,7.0,14,0.2744,3,0.1576,18474.01,6,4,29365.18,1,0,1
45,84983.42,,6,0.1915,1,0.2318,13344.88,8,0,8334.3,1,1,1
26,23523.36,10.0,11,0.4054,1,0.4831,20192.31,6,3,2551.25,0,0,1
43,,5.0,12,0.2904,2,0.4689,14264.76,7,2,1742.0,1,1,0
26,80594.41,0.0,14,0.3591,2,0.3393,4003.76,8,2,2930.27,1,0,0
32,44914.06,11.0,3,0.3418,1,0.3129,9113.34,7,1,11475.58,0,0,1
27,67223.18,27.0,6,0.6339,1,0.4502,15731.96,5,3,8549.79,0,1,1
41,43592.42,16.0,10,0.6573,1,0.2967,26044.67,6,1,1980.04,1,1,0
74,93223.22,0.0,4,0.1987,3,0.3514,15275.71,6,4,15719.29,0,1,1
59,64134.27,,3,0.0987,0,0.2722,15676.95,9,1,31848.62,1,0,1
25,32071.11,7.0,6,0.6043,2,0.4795,23994.15,5,0,11324.48,0,0,0
41,71745.2,23.0,11,0.446,0,0.0937,18400.06,4,2,512.94,0,1,1
33,81469.52,9.0,6,0.1946,1,0.5552,14224.84,2,4,7901.08,0,1,1
66,59953.29,9.0,2,0.2978,2,0.4494,9131.91,4,3,22205.29,0,0,1
43,66986.04,24.0,9,0.5649,1,0.1227,30670.65,2,2,3002.95,0,0,1
44,53256.16,9.0,8,0.1698,1,0.211,5978.25,7,4,7044.13,1,0,0
54,26642.99,18.0,6,0.5201,2,0.4615,10023.73,6,3,2059.65,0,0,0
21,51206.66,14.0,1,0.0704,1,0.4348,1000.0,6,0,17008.0,0,0,1
67,68075.99,15.0,12,0.139,2,0.2025,30028.89,1,0,16320.58,1,0,0
41,51799.33,1.0,2,0.5246,2,0.4686,13837.22,3,3,3626.18,1,1,0
36,75019.14,28.0,4,0.2612,2,0.1709,23683.27,2,2,3442.5,1,0,1
53,45195.46,3.0,7,0.2395,2,0.4229,16117.41,4,0,0.81,0,0,0
56,46835.23,28.0,9,0.0323,0,0.2439,20010.6,9,4,3055.32,0,1,1
27,75778.0,30.0,10,0.4377,3,0.6331,11715.36,8,2,12164.83,0,1,1
42,60546.31,16.0,5,0.3013,0,0.3054,1000.0,1,3,232.24,1,0,1
35,44706.96,9.0,10,0.3971,1,0.1248,23026.76,7,0,1812.64,0,0,1
36,80845.13,26.0,2,0.275,0,0.4047,14207.93,1,0,10482.63,0,0,1
53,37781.61,14.0,13,0.2069,2,0.3679,16836.69,9,1,8352.79,0,0,1
27,36826.28,30.0,11,0.3334,1,0.6749,16943.8,9,1,34531.37,0,0,0
50,10000.0,20.0,11,0.0959,1,0.555,10278.02,3,2,3962.49,1,0,1
72,41150.79,25.0,11,0.0572,1,0.3933,21329.1,2,2,1144.32,0,0,1
67,87717.92,16.0,1,0.428,3,0.1817,4422.1,8,3,8742.13,0,0,1
22,10000.0,2.0,10,0.4077,0,0.3972,15733.99,6,3,658.59,1,0,0
64,31202.0,13.0,14,0.2799,2,0.1346,9768.4,3,3,993.22,0,1,1
66,65976.71,12.0,13,0.4712,1,0.4803,14565.37,5,1,6713.14,0,1,0
52,,26.0,14,0.3656,0,0.4258,14731.01,9,0,5108.9,0,0,1
61,42232.53,0.0,1,0.049,1,0.1672,19406.22,8,0,2447.93,1,1,1
51,83521.58,16.0,5,0.6819,2,0.4475,2366.05,2,3,5200.22,1,0,0
50,106075.65,33.0,14,0.3827,1,0.7362,1000.0,4,1,16219.04,0,1,1
72,62256.16,13.0,7,0.4265,0,0.6089,12973.26,9,3,10327.76,1,0,0
38,31838.32,16.0,9,0.3079,2,0.2142,33045.18,8,4,4852.85,0,0,0
34,30996.78,2.0,9,0.5069,4,0.5552,27877.79,3,2,2984.07,0,0,0
39,58622.7,33.0,8,0.1782,2,0.4295,12018.7,2,1,6981.74,0,1,1
65,62024.08,24.0,1,0.2965,0,0.4827,23839.0,4,0,22.96,0,0,1
54,101448.22,1.0,5,0.1184,3,0.5371,25838.43,2,4,10566.3,1,1,1
32,79270.12,33.0,6,0.4314,1,0.3749,6099.7,7,2,12974.03,1,0,1
52,57102.66,25.0,6,0.3093,1,0.1188,16597.75,6,2,1038.56,0,0,1
45,46619.82,30.0,4,0.2756,1,0.3681,1000.0,1,2,4121.66,1,1,1
24,130367.79,8.0,1,0.2083,2,0.327,10643.24,2,1,1253.91,1,0,1
49,70664.87,29.0,3,0.3229,0,0.7115,8411.93,8,1,23776.84,1,1,1
28,38281.21,19.0,10,0.1521,1,0.1793,18773.0,8,1,13989.06,1,1,1
27,49384.43,20.0,4,0.2516,2,0.4493,11690.4,6,0,162.21,1,0,1
26,33063.63,28.0,4,0.283,3,0.3395,11322.7,7,0,28155.26,0,0,1
31,10000.0,24.0,13,0.3491,2,0.3949,25158.62,2,0,1223.58,1,0,0
30,62816.27,24.0,4,0.1456,1,0.3502,1000.0,1,4,701.96,1,0,1
74,99561.36,8.0,14,0.3702,0,0.5865,3980.67,6,4,265.21,1,1,0
42,14236.07,25.0,5,0.2207,0,0.2537,19593.24,3,3,12510.36,1,0,1
19,56381.56,15.0,13,0.3129,1,0.2869,10019.64,1,3,20750.01,1,0,1
52,37327.38,11.0,11,0.4171,1,0.564,18066.81,1,2,804.07,0,0,0
24,68037.56,23.0,9,0.4835,0,0.2205,24178.67,3,2,32744.72,0,1,0
38,50691.75,25.0,4,0.0874,0,0.2985,21372.83,7,1,3036.74,0,1,1
35,20998.63,19.0,9,0.2478,1,0.1872,25107.81,2,2,9086.65,0,0,1
20,30472.41,8.0,9,0.107,0,0.6188,15959.65,4,2,34302.89,0,0,0
59,34242.49,22.0,1,0.0977,0,0.1659,7532.3,4,4,68.25,1,0,1
71,88607.96,28.0,5,0.0203,3,0.1846,5587.29,6,0,6331.12,1,0,1
56,87331.48,30.0,9,0.4499,0,0.3388,9851.37,7,2,8536.6,1,0,1
58,47216.3,18.0,4,0.5875,1,0.1683,21052.99,2,3,3713.59,0,0,1
66,85695.09,19.0,5,0.1345,1,0.4818,17566.56,1,3,932.03,0,0,1
28,50670.4,22.0,4,0.223,1,0.5253,24319.4,6,2,7764.29,1,1,1
56,46833.43,26.0,13,0.2049,1,0.2209,25608.6,3,1,385.13,1,1,1
41,56427.95,29.0,2,0.5108,0,0.4748,6526.69,6,3,20557.28,0,0,1
63,62120.63,20.0,10,0.2894,1,0.3303,21512.36,2,2,4960.15,0,1,1
36,41113.88,34.0,2,0.1431,0,0.4504,12523.4,7,3,19288.08,1,1,1
21,,6.0,2,0.1036,0,0.6343,5888.05,8,2,14489.94,1,0,1
43,74683.06,21.0,13,0.729,2,0.2255,27624.16,5,4,29.18,1,0,0
55,58238.49,9.0,1,0.2839,4,0.2867,13364.71,9,3,4917.92,0,1,0
59,56069.57,22.0,3,0.439,0,0.3391,22207.36,6,2,17499.94,1,1,0
49,67354.51,14.0,14,0.4412,1,0.3381,31920.57,3,4,,1,0,0
56,71667.65,29.0,11,0.4843,0,0.5063,2701.79,2,2,3123.26,0,0,1
62,53434.6,33.0,10,0.6589,0,0.1969,14932.85,7,2,9256.34,0,0,1
63,43145.47,12.0,1,0.2621,3,0.3816,8256.34,1,1,9767.6,0,0,1
53,59730.08,3.0,4,0.5798,2,0.3231,12803.94,1,2,8243.74,0,0,0
57,15150.91,,1,0.1153,1,0.767,16466.24,8,3,,1,0,1
54,49741.95,22.0,4,0.7912,1,0.4429,8629.88,6,0,525.92,1,0,0
50,10000.0,32.0,3,0.2251,2,0.4947,20238.51,3,2,20512.02,0,1,1
53,13105.21,33.0,9,0.1682,0,0.2727,23974.84,9,3,3052.6,1,0,1
20,10000.0,33.0,1,0.3469,2,0.3545,19216.47,1,2,12702.86,0,0,0
26,81183.79,34.0,14,0.2997,0,0.2617,19432.01,5,0,3466.91,0,0,1
25,55349.55,16.0,8,0.039,1,0.4185,13107.19,1,0,5461.53,0,0,1
50,23448.77,27.0,11,0.222,1,0.8165,9448.61,7,2,3743.04,0,1,0
23,67276.65,,9,0.5577,2,0.3211,13753.6,1,3,678.57,0,1,0
58,79716.36,33.0,12,0.3697,0,0.4172,15300.79,4,4,3197.22,1,0,1
56,67712.14,10.0,7,0.0648,2,0.5832,13015.71,2,1,24930.2,0,0,0
21,50282.25,12.0,1,0.6252,2,0.1459,14897.51,9,2,935.3,0,0,0
30,60812.17,32.0,4,0.389,0,0.451,7992.21,3,3,6492.59,1,0,1
66,77537.41,1.0,10,0.1758,0,0.4813,22225.82,6,0,27638.36,1,0,1
19,43268.85,33.0,1,0.2999,1,0.3637,13978.67,7,3,165.8,0,0,1
22,55746.67,28.0,4,0.5242,0,0.2826,28061.4,2,2,573.6,1,0,0
61,48570.17,3.0,3,0.3365,0,0.3786,23596.69,1,3,19185.43,1,1,1
44,14664.6,11.0,2,0.1481,1,0.277,22584.08,2,3,10641.12,1,0,1
49,77914.2,25.0,1,0.3038,1,0.6789,11303.1,8,2,6305.35,0,0,0
38,106431.8,27.0,6,0.394,2,0.3184,12342.56,9,2,6154.05,1,0,1
25,33155.13,2.0,12,0.3057,0,0.4642,13958.21,8,4,29474.6,1,1,0
55,79067.01,19.0,7,0.3458,0,0.1781,18080.33,1,2,169.41,1,0,1
25,33950.16,9.0,6,0.4001,1,0.2202,18667.25,2,0,2522.91,0,1,1
67,58319.7,17.0,9,0.0165,0,0.2102,12426.48,4,3,3048.04,1,0,1
20,92700.31,26.0,12,0.4075,1,0.1587,31686.37,8,0,1018.05,0,0,0
71,41989.03,30.0,9,0.2602,1,0.2847,11031.83,9,1,3535.68,0,1,1
61,54632.84,26.0,2,0.1979,0,0.2803,1000.0,7,1,3701.51,0,0,1
20,10000.0,0.0,2,0.303,0,0.573,7964.46,8,2,25514.6,1,0,1
39,38394.89,5.0,9,0.238,1,0.3522,16301.6,9,3,4667.47,1,0,1
23,10000.0,10.0,1,0.2282,5,0.4985,12275.89,4,2,21839.03,1,0,1
19,65729.45,33.0,5,0.415,1,0.2131,19097.47,4,4,13287.43,0,1,1
40,75790.94,19.0,1,0.0922,2,0.5157,15360.56,3,0,10679.88,1,0,0
61,49459.13,20.0,7,0.5296,4,0.3051,12737.15,7,2,3210.07,1,1,1
19,62147.17,20.0,9,0.3095,0,0.3023,7266.08,4,4,4454.64,1,1,1
55,46856.74,17.0,6,0.309,4,0.1469,21489.64,1,0,364.68,1,0,0
34,73513.63,20.0,14,0.1508,2,0.3821,5478.05,8,2,3790.13,0,0,1
52,58236.55,18.0,2,0.0491,1,0.2995,8450.78,1,2,16346.78,1,1,1
51,10000.0,3.0,6,0.2519,2,0.1757,26820.56,3,2,12163.33,1,1,1
40,78499.52,12.0,9,0.3313,0,0.2281,12303.22,9,4,13217.24,0,0,1
47,45261.43,17.0,3,0.3461,0,0.4689,1000.0,1,0,2004.12,1,0,0
69,23240.51,28.0,9,0.4362,2,0.7896,21117.8,1,3,1886.15,0,1,0
25,44026.65,24.0,8,0.0464,0,0.4429,28232.17,3,4,8709.5,0,0,1
39,10000.0,12.0,13,0.3935,1,0.5935,3766.84,7,4,8427.59,1,1,0
61,23752.77,26.0,12,0.3302,0,0.4237,14410.76,6,4,1738.39,1,0,1
53,58573.74,18.0,7,0.4549,2,0.4725,32308.87,5,0,10173.64,0,0,0
22,60667.79,0.0,8,0.0749,2,0.8266,26187.57,4,1,3774.77,1,1,0
30,62660.97,18.0,10,0.2831,2,0.5209,28845.78,5,3,17428.98,1,1,0
46,55080.25,0.0,6,0.3261,1,0.5244,10530.08,5,3,3626.47,1,0,0
48,37678.37,16.0,3,0.6025,0,0.4639,11922.92,7,3,2090.51,0,0,0
64,53638.52,20.0,7,0.2922,0,0.3079,25455.41,6,1,1743.91,0,0,1
74,44069.81,21.0,4,0.1903,2,0.6648,16916.95,9,4,18277.9,0,1,0
72,14355.46,14.0,11,0.4667,2,0.5608,25240.77,3,1,15730.58,0,0,0
33,35689.63,31.0,10,0.0589,0,0.2176,12751.17,7,3,4439.17,1,0,1
59,77238.53,3.0,14,0.3313,1,0.3647,22251.25,6,4,2203.09,1,0,1
47,94707.35,31.0,5,0.4,2,0.1048,10794.37,3,0,2678.67,0,0,1
74,71281.88,3.0,8,0.3196,0,0.3609,6841.03,7,3,3888.44,1,0,1
72,93592.44,0.0,7,0.2985,4,0.1467,16460.59,7,4,362.89,1,1,0
33,57134.72,32.0,7,0.1201,2,0.3066,9127.6,1,0,557.31,1,0,1
29,98559.4,6.0,8,0.3403,0,0.535,2992.78,6,1,20989.02,0,0,0
34,106362.21,8.0,10,0.1419,1,0.2407,2006.55,7,4,11623.49,1,1,1
33,11663.26,0.0,3,0.3552,3,0.5099,19714.05,2,4,13455.36,0,0,0
29,60537.33,15.0,3,0.1462,1,0.6618,14512.06,3,1,5210.58,0,0,1
25,57160.75,17.0,2,0.2088,2,0.3743,7819.38,9,0,3632.78,1,0,1
37,44397.4,5.0,1,0.2495,1,0.4538,16259.3,8,1,771.82,1,1,1
20,67297.89,1.0,10,0.6393,2,0.1394,20078.71,1,3,6533.11,0,1,1
33,56028.13,,6,0.2441,2,0.4004,18442.4,3,2,10880.61,0,1,1
47,36613.78,3.0,6,0.1951,1,0.3058,18996.83,3,1,1744.36,1,0,1
62,,22.0,13,0.2567,1,0.5778,18869.31,3,3,3943.37,0,0,1
40,85114.86,7.0,10,0.1695,1,0.7495,10475.38,2,4,20972.79,1,0,1
45,59563.45,24.0,12,0.3852,0,0.2597,20088.69,5,3,14850.42,0,0,1
68,70673.87,15.0,8,0.1751,0,0.252,5806.23,3,4,12807.55,0,1,1
57,48073.67,34.0,14,0.083,2,0.4273,17565.94,3,2,321.87,1,0,1
71,66301.6,16.0,6,0.3694,0,0.2798,8176.51,1,2,1448.13,0,0,0
22,24769.64,17.0,6,0.3229,0,0.4567,1000.0,6,1,2922.74,0,0,0
37,42506.99,26.0,1,0.2423,0,0.1065,1000.0,9,2,2895.16,0,1,1
57,52433.28,14.0,12,0.5934,1,0.2153,1000.0,6,1,1104.55,1,1,1
73,23091.6,16.0,7,0.712,1,0.1054,19347.69,6,0,2733.7,0,1,1
61,34244.58,4.0,7,0.1729,2,0.4177,25256.05,4,4,4470.95,0,0,0
18,62827.79,15.0,10,0.3419,3,0.1992,24989.03,1,1,404.5,0,0,0
74,58245.8,14.0,9,0.2735,0,0.5231,20271.48,2,2,4129.08,0,0,1
47,75159.14,33.0,14,0.0207,2,0.2676,13600.68,2,2,5489.91,0,1,1
38,39987.22,18.0,12,0.4486,2,0.641,3471.44,1,4,334.37,1,0,0
37,56440.06,7.0,7,0.1177,0,0.6588,18562.25,2,4,8971.74,0,1,1
23,38203.31,9.0,8,0.2071,0,0.3513,21150.86,5,0,665.16,1,0,0
39,72653.21,4.0,4,0.1089,0,0.6059,13990.77,4,0,8351.27,0,1,1
35,84768.65,25.0,9,0.0763,1,0.1582,23200.56,8,2,41039.87,1,0,1
25,67083.12,21.0,14,0.1831,3,0.1379,8793.07,3,4,500.32,0,1,1
56,81529.86,22.0,1,0.1273,2,0.0848,22052.11,4,1,2541.61,0,0,1
49,55812.5,12.0,8,0.4312,0,0.6415,11773.2,8,1,1107.94,0,0,0
50,75139.85,8.0,3,0.1484,1,0.369,20837.14,1,4,3686.53,0,0,0
70,56885.44,19.0,14,0.2202,0,0.3134,25139.42,7,3,14427.11,0,1,1
33,29376.8,27.0,1,0.0463,1,0.5955,7574.66,6,0,21211.2,0,1,1
29,61168.03,23.0,2,0.0161,1,0.4996,11388.45,5,3,14646.75,0,0,1
55,30117.58,32.0,6,0.5807,2,0.4743,9952.12,1,1,9397.06,0,1,0
69,113478.22,19.0,5,0.21,1,0.2539,24041.48,2,4,10104.62,0,1,1
51,46647.8,29.0,14,0.3307,1,0.157,23831.54,5,1,1026.99,0,1,1
31,71125.95,8.0,3,0.3359,1,0.5513,12560.86,9,0,2287.65,1,1,0
53,54689.67,16.0,9,0.2887,2,0.4021,19904.05,7,1,3619.16,1,1,1
50,24159.66,13.0,8,0.5429,1,0.3332,11121.71,7,4,411.51,0,1,1
40,10000.0,18.0,13,0.0526,1,0.324,8731.47,1,4,13791.92,0,0,0
67,73725.35,6.0,3,0.7721,0,0.3923,19188.37,8,4,2362.25,0,0,0
62,93733.52,2.0,2,0.2439,2,0.2076,19860.36,4,0,429.65,1,0,1
19,36629.91,32.0,8,0.0875,1,0.2412,7308.71,2,1,607.14,0,0,1
58,13582.69,31.0,14,0.3606,1,0.3159,14509.63,7,0,27918.58,1,1,0
38,46870.93,10.0,5,0.3853,2,0.5713,13171.14,6,0,19441.93,1,0,0
19,31572.07,1.0,9,0.4408,0,0.4975,1000.0,9,1,25503.25,1,1,0
44,38742.11,25.0,1,0.3533,1,0.1639,10786.96,9,3,25118.15,0,0,1
74,70259.34,,10,0.1886,0,0.6665,16184.6,4,1,12852.89,1,0,0
26,53738.42,16.0,3,0.2348,0,0.3797,9221.0,5,0,2583.36,0,1,1
18,34262.31,16.0,5,0.2418,1,0.4724,8298.06,5,2,3141.61,1,0,1
28,69712.52,27.0,2,0.5269,0,0.158,14923.11,8,3,4113.34,0,1,1
20,71671.81,29.0,3,0.1134,0,0.4602,15021.46,1,3,12297.04,1,0,1
69,46573.56,22.0,4,0.589,0,0.481,16475.89,6,2,20913.57,1,0,0
40,58447.91,23.0,4,0.1247,2,0.465,15019.53,5,3,4642.98,0,1,1
43,68012.55,28.0,11,0.4645,3,0.3378,20921.51,2,1,2870.29,0,1,1
21,65652.58,3.0,9,0.5888,1,0.3034,20906.26,4,2,2225.53,0,0,1
35,56015.35,28.0,1,0.007,0,0.2627,21704.26,7,2,2370.76,0,0,1
72,90814.65,18.0,12,0.4986,2,0.5054,23970.22,2,2,55.26,0,0,0
23,69567.02,26.0,9,0.0464,1,0.395,22862.14,6,1,2133.96,1,0,1
52,43733.02,28.0,9,0.4494,2,0.3437,9396.51,5,3,2795.53,0,1,0
39,43883.27,34.0,11,0.1211,1,0.3932,5188.11,1,3,11954.18,1,0,1
60,41047.84,5.0,6,0.4154,2,0.2156,20280.09,1,4,6361.94,0,0,1
32,70803.02,22.0,11,0.2667,1,0.7975,25810.36,8,1,3216.93,0,0,1
39,39431.31,7.0,1,0.2542,0,0.2361,9616.33,9,3,7272.07,0,1,1
54,44377.52,1.0,11,0.0841,2,0.2473,21433.81,7,4,12421.2,1,1,1
69,81450.56,12.0,13,0.1708,0,0.5637,28906.29,9,4,7533.83,0,0,0
59,59790.8,20.0,12,0.5304,1,0.5442,13931.44,2,0,582.64,0,0,0
29,84963.32,30.0,6,0.0838,4,0.294,4393.51,8,1,2206.08,1,0,1
64,74951.5,26.0,8,0.2886,0,0.2165,26224.56,6,4,2693.46,0,0,1
66,25583.2,22.0,5,0.3842,3,0.1058,20056.92,7,2,3607.05,1,1,1
59,52446.67,20.0,5,0.5065,1,0.1914,16656.65,7,2,199.47,0,0,1
55,79748.73,12.0,1,0.1471,3,0.2261,21026.21,6,0,10910.1,1,1,1
35,24445.6,25.0,1,0.4815,2,0.341,13020.46,4,4,5084.52,1,0,0
62,65492.77,6.0,8,0.1256,0,0.5176,27485.83,3,2,18151.78,1,1,1
52,54019.09,21.0,13,0.4729,3,0.3163,14499.42,9,4,5833.22,0,0,1
47,,22.0,5,0.4683,2,0.3206,1000.0,5,2,35493.98,0,1,1
41,57991.48,29.0,8,0.3082,3,0.5227,11861.44,1,1,9650.32,0,0,0
59,34063.3,17.0,10,0.2444,1,0.3635,1000.0,1,3,17433.54,0,1,0
47,25808.71,17.0,2,0.5217,0,0.3354,15509.37,8,2,28979.82,1,0,1
31,55228.52,9.0,4,0.2205,1,0.2471,32382.33,5,1,5105.59,1,0,0
23,10000.0,29.0,13,0.1077,0,0.2765,5649.76,5,3,8021.63,0,0,1
20,38142.74,25.0,11,0.0386,4,0.4658,10944.0,2,0,19630.74,0,0,1
33,118779.36,6.0,14,0.5949,0,0.4412,3296.58,8,3,6851.01,1,0,0
24,71255.56,6.0,10,0.2535,3,0.2759,14142.85,6,1,433.9,0,0,0
69,32964.38,4.0,9,0.0664,2,0.3891,16746.61,1,2,9551.81,0,1,0
31,90104.15,0.0,13,0.2353,0,0.5501,1000.0,9,0,21957.99,1,1,0
26,30198.91,17.0,3,0.5137,3,0.2372,20598.28,6,4,12155.57,0,0,0
32,41157.62,12.0,6,0.2982,3,0.3497,13144.04,3,0,12533.4,0,0,1
38,26278.71,24.0,11,0.303,1,0.451,13473.26,6,3,660.57,0,1,1
52,61402.0,7.0,7,0.2381,1,0.5113,6516.54,4,1,10696.58,0,1,1
19,89215.74,9.0,3,0.081,0,0.7623,15671.71,9,0,,0,1,0
44,30024.84,31.0,1,0.228,1,0.2935,27895.87,8,0,21350.4,1,1,1
19,10000.0,16.0,2,0.1969,0,0.4517,21482.5,2,2,19655.7,0,1,1
52,82274.17,14.0,11,0.2497,2,0.152,21869.48,3,3,31408.76,1,0,1
35,93845.01,14.0,14,0.5841,0,0.3385,4572.24,8,2,2890.01,0,0,1
31,10000.0,19.0,10,0.2429,0,0.1767,34219.04,2,2,6217.0,1,0,1
37,66501.36,14.0,7,0.5702,1,0.2472,11081.0,8,3,6916.46,1,1,1
35,60662.63,34.0,7,0.213,1,0.2299,19915.17,8,0,,0,0,1
27,35313.12,5.0,12,0.2683,0,0.3288,16156.11,5,1,4250.5,1,1,1
42,20141.11,29.0,1,0.2934,1,0.283,16238.7,5,1,34680.14,1,1,1
19,79793.76,7.0,10,0.4294,1,0.3282,22100.91,8,3,17421.25,1,0,1
42,59476.76,,7,0.2443,0,0.3223,23598.19,7,3,,0,1,1
71,61360.66,31.0,10,0.0761,1,0.4996,2358.2,8,1,8347.06,1,1,1
50,39455.77,14.0,11,0.3477,2,0.2703,3629.84,1,1,10021.06,0,0,0
53,34952.27,17.0,6,0.1415,2,0.3822,13980.43,7,4,7404.6,0,1,1
48,10000.0,12.0,11,0.3205,0,0.6421,19024.1,7,3,9834.9,1,0,0
31,49299.3,,6,0.3717,2,0.4078,15427.25,2,2,13564.15,0,0,1
18,90970.66,13.0,7,0.2959,1,0.3398,7559.43,9,0,30489.24,0,0,1
63,32743.64,27.0,7,0.0695,1,0.0987,21530.37,6,0,15127.35,0,0,1
33,16939.63,10.0,1,0.24,1,0.2397,27349.55,8,4,1108.15,1,0,0
71,65891.61,,10,0.4907,0,0.3203,13956.82,6,3,6324.32,1,1,1
63,70502.0,24.0,5,0.5185,3,0.5047,19056.54,7,0,7995.4,1,0,0
69,40352.35,0.0,14,0.1273,3,0.3858,2408.34,3,0,2471.1,0,0,1
20,46280.89,24.0,14,0.3416,0,0.3572,12125.74,2,0,5162.82,0,1,1
52,61597.58,1.0,8,0.455,0,0.5183,20300.88,4,1,21587.9,0,0,1
58,51111.26,31.0,8,0.1849,2,0.3968,15938.53,4,4,2397.85,0,0,1
23,80003.23,12.0,3,0.2025,1,0.5442,8582.89,5,2,3053.43,1,1,1
42,115931.06,32.0,3,0.3074,2,0.3199,12427.01,7,1,19112.88,1,1,1
30,12270.91,31.0,7,0.1795,0,0.4791,21896.57,3,3,792.96,0,0,1
70,85743.88,23.0,4,0.2595,2,0.2015,12590.54,6,4,16973.2,0,0,1
51,57631.49,26.0,6,0.3199,2,0.4249,10623.35,8,1,2897.18,1,0,0
25,89705.02,3.0,9,0.6033,2,0.3202,18230.72,8,1,5520.19,0,0,0
38,73108.86,23.0,10,0.188,0,0.4011,14474.07,9,4,8236.79,0,0,1
51,56528.91,22.0,2,0.0411,1,0.2884,23153.85,2,3,8317.87,0,0,1
21,74000.57,28.0,2,0.3061,1,0.256,10753.24,4,4,31288.41,1,1,1
42,45146.11,33.0,6,0.1164,1,0.2483,18262.88,1,4,283.14,1,1,1
32,35642.46,20.0,3,0.3157,1,0.4184,5015.88,7,3,9734.19,0,0,1
21,75271.58,29.0,1,0.2314,1,0.3804,16126.31,6,1,14946.6,1,0,1
62,33891.79,25.0,2,0.3532,0,0.2491,26305.74,3,3,7100.25,0,0,1
29,71059.31,19.0,14,0.2891,0,0.2013,1000.0,5,2,29746.36,1,0,0
49,55768.69,15.0,13,0.2938,0,0.4168,18525.75,3,3,4325.69,1,0,1
49,10000.0,2.0,7,0.1903,1,0.6466,12143.27,7,2,11085.94,1,1,1
45,40640.44,24.0,4,0.2463,2,0.2609,14629.69,8,4,9276.28,1,0,1
30,63370.95,22.0,12,0.2578,1,0.6693,12183.66,8,0,254.92,0,0,0
48,44849.98,0.0,2,0.1583,0,0.4166,15270.79,9,4,6437.83,0,1,1
31,10000.0,32.0,11,0.4366,1,0.1973,19023.72,9,2,2418.78,0,0,1
37,88018.75,14.0,12,0.3343,1,0.1868,4173.84,4,3,6018.93,1,0,1
35,59234.38,16.0,12,0.3274,1,0.413,19433.3,5,2,17238.45,1,1,1
46,66093.48,33.0,8,0.3731,0,0.3634,27827.08,9,0,7956.75,0,0,1
23,43168.1,16.0,4,0.1054,4,0.2851,13066.61,5,4,7209.02,1,0,1
49,68287.24,3.0,4,0.1863,0,0.3054,10376.35,3,2,8928.66,0,1,1
46,100870.5,12.0,2,0.1016,0,0.3477,13400.15,9,1,6011.59,1,1,1
60,36623.18,3.0,14,0.5236,1,0.2698,17053.78,8,4,4750.62,0,0,1
19,96675.32,6.0,1,0.1095,1,0.6475,8952.43,8,4,3752.81,0,0,0
40,64964.1,8.0,1,0.4576,0,0.5326,19641.01,6,2,9633.78,0,0,1
36,,22.0,3,0.2961,1,0.3607,30689.66,2,2,,1,0,1
48,110309.77,32.0,6,0.4994,1,0.1634,28389.58,6,0,4402.62,1,0,1
68,64791.01,32.0,7,0.2551,0,0.5831,22713.48,3,1,357.72,0,0,1
22,71911.97,19.0,13,0.343,3,0.4988,22553.89,2,2,6267.16,0,0,0
36,48266.2,3.0,9,0.2324,2,0.4194,24387.59,6,0,,0,1,0
51,,0.0,5,0.1797,4,0.2911,15183.66,8,2,5216.02,0,1,0
27,59195.33,33.0,9,0.4542,0,0.1657,3628.83,7,4,,1,0,1
42,94536.59,26.0,8,0.0558,4,0.2972,22915.57,4,4,18100.61,0,1,1
19,47258.5,20.0,1,0.3976,2,0.3933,3111.41,8,4,5248.62,1,0,0
28,54331.22,23.0,11,0.1461,1,0.2212,10540.34,8,4,12834.38,0,0,1
67,91408.21,14.0,12,0.1876,2,0.5219,19252.72,7,3,8122.91,1,0,1
48,47491.83,34.0,3,0.097,1,0.4361,8186.62,2,4,,1,0,1
73,67756.91,24.0,8,0.4129,1,0.4551,30504.26,4,1,16808.06,0,0,1
32,76933.76,8.0,9,0.1386,2,0.0727,11638.75,3,4,2230.73,1,0,1
26,50080.48,16.0,14,0.4221,1,0.6385,5019.41,7,3,14113.49,1,0,0
40,62745.94,20.0,4,0.1819,0,0.3147,17369.43,3,2,10215.29,0,0,1
36,71527.57,12.0,14,0.4544,1,0.4664,9052.13,7,2,6587.38,1,0,0
26,44977.12,2.0,14,0.505,0,0.4036,11682.35,8,3,6299.02,0,1,0
52,75394.13,3.0,14,0.3001,2,0.5161,19258.31,4,4,2984.99,0,0,0
38,41325.35,3.0,12,0.4735,1,0.3264,21284.9,7,0,6223.29,1,1,1
26,38122.81,27.0,6,0.1474,1,0.4284,19465.46,9,1,3880.61,1,1,1
45,16823.97,6.0,4,0.3658,2,0.3838,14233.56,7,4,17572.11,1,0,0
63,42413.44,25.0,13,0.16,1,0.2644,4026.62,2,3,6979.65,1,0,1
68,34612.43,10.0,9,0.5053,1,0.5892,19173.97,9,4,2842.32,0,1,0
24,44978.15,23.0,2,0.5833,0,0.717,15774.57,5,3,1247.38,0,1,0
33,70299.82,9.0,6,0.7805,1,0.1752,15953.1,6,4,9472.97,0,0,0
33,11858.14,12.0,11,0.2747,3,0.4145,9863.84,2,0,8742.21,1,1,0
50,10000.0,18.0,13,0.1838,0,0.3012,16861.48,7,0,3570.97,0,0,1
21,36273.02,18.0,3,0.2199,1,0.3328,10306.73,9,1,1415.55,0,0,1
21,66530.76,11.0,10,0.4177,0,0.3788,17015.13,2,1,10075.3,0,0,1
56,62221.62,21.0,4,0.305,2,0.1926,1000.0,9,3,2522.01,1,1,1
57,35873.44,29.0,2,0.1347,0,0.6271,27605.58,5,0,15844.62,1,0,1
34,84235.21,11.0,11,0.4436,1,0.1257,16674.12,1,1,10363.72,0,0,0
54,38539.75,28.0,8,0.4437,1,0.5564,11800.46,5,3,17834.18,0,0,1
56,66561.35,20.0,10,0.3296,2,0.3743,12191.64,2,1,33383.1,0,0,1
69,45930.34,10.0,8,0.0673,1,0.8135,25338.04,8,0,3336.44,0,0,1
46,33280.59,17.0,1,0.3438,1,0.2661,6971.94,3,4,5610.45,1,0,1
69,39873.33,26.0,10,0.1819,1,0.1297,10400.92,9,2,4137.11,0,1,1
53,73350.01,11.0,6,0.1397,1,0.357,5652.77,5,0,646.16,0,0,1
55,64025.63,22.0,1,0.2938,3,0.5609,16073.28,3,1,4153.15,0,0,1
56,79202.57,33.0,6,0.2605,0,0.2447,19541.8,1,2,4692.98,1,1,1
67,64024.65,22.0,7,0.3029,0,0.3336,16814.47,4,0,1523.43,0,0,1
54,14720.76,24.0,2,0.4213,0,0.5791,18849.21,7,1,17186.05,0,0,0
69,107860.37,3.0,9,0.1707,1,0.2055,23517.77,3,0,2767.43,1,0,1
52,64379.23,29.0,8,0.1796,0,0.1236,13924.26,9,3,11369.75,1,1,1
24,67866.79,29.0,9,0.4032,0,0.6796,7960.77,5,1,634.68,0,0,1
44,45579.06,12.0,10,0.1796,2,0.4809,7647.16,6,2,244.4,0,0,0
45,82829.46,13.0,13,0.5354,1,0.3424,8683.02,7,0,43203.95,0,0,1
39,27672.31,7.0,4,0.4813,2,0.4541,24304.84,5,1,1050.15,0,0,1
31,70245.73,23.0,4,0.5134,1,0.3209,20932.41,2,4,11614.65,0,1,1
24,10000.0,17.0,12,0.2705,2,0.4057,1000.0,3,1,7421.18,0,1,0
54,71930.21,34.0,8,0.3488,2,0.2533,17032.92,9,0,4825.76,0,1,0
39,28011.24,24.0,1,0.114,1,0.3079,18960.43,3,4,300.96,0,0,1
22,61924.86,16.0,8,0.3241,2,0.515,9267.14,2,2,3187.46,1,0,0
72,88933.51,31.0,7,0.3245,1,0.5817,11729.0,8,4,18427.93,0,1,1
19,75567.93,23.0,12,0.6647,0,0.5737,7158.54,8,0,18843.88,1,0,1
44,85609.54,6.0,7,0.1559,1,0.5143,5099.25,7,4,7324.3,1,0,0
38,83021.21,12.0,9,0.333,1,0.318,10857.69,2,0,6839.21,1,0,1
71,41892.93,26.0,13,0.3511,3,0.3584,27890.01,2,4,4435.41,1,0,0
55,69958.25,4.0,10,0.616,2,0.2892,9554.68,3,3,11953.35,0,0,0
32,11877.08,25.0,7,0.309,1,0.5511,13083.29,1,2,17160.87,1,0,0
38,37826.59,30.0,2,0.0295,2,0.6812,7786.66,5,2,10401.16,0,0,0
27,89816.37,9.0,1,0.2038,0,0.3395,1000.0,3,2,5960.34,1,0,1
40,45374.08,25.0,1,0.1254,0,0.2192,13569.12,4,3,8053.96,1,1,1
73,10000.0,21.0,7,0.4458,0,0.5244,22498.65,9,2,1985.03,1,1,0
56,105342.47,11.0,5,0.1378,1,0.4187,18236.86,7,4,37890.03,1,0,1
22,69056.26,31.0,4,0.031,5,0.2803,10804.85,7,1,21974.53,1,0,1
18,74111.96,,5,0.2362,0,0.3383,19190.84,3,3,25104.85,0,0,1
30,30488.26,32.0,10,0.1351,1,0.6745,11773.32,7,3,1460.3,0,0,0
38,,19.0,10,0.0967,0,0.2249,4336.81,9,0,8462.41,0,0,1
43,61439.37,12.0,6,0.4659,0,0.6994,1000.0,9,3,8544.9,0,0,1
67,34462.88,13.0,12,0.3977,1,0.6263,13199.69,1,2,3509.23,0,1,1
62,50754.51,21.0,10,0.1765,0,0.3206,33492.38,9,3,16030.53,0,1,1
38,17488.31,17.0,6,0.0588,1,0.1247,5494.45,3,3,12198.62,1,0,1
70,46332.26,28.0,1,0.4047,1,0.5376,8970.97,6,4,10172.77,0,1,0
35,79346.16,15.0,2,0.1717,0,0.8071,22265.44,2,4,234.52,1,0,0
54,36328.79,34.0,3,0.2168,2,0.5243,6656.73,4,3,37304.69,0,0,0
62,102682.45,33.0,4,0.0705,0,0.4513,16200.6,3,2,10137.35,0,0,1
49,19097.71,2.0,6,0.1904,0,0.4116,7370.19,6,4,27905.34,0,0,1
53,48495.62,3.0,12,0.0655,1,0.3948,2831.15,1,1,726.23,0,0,1
34,,4.0,12,0.1561,2,0.0577,5017.4,4,4,9482.5,1,0,1
52,50495.48,9.0,11,0.635,1,0.5001,15219.83,1,0,10925.98,0,1,0
66,89286.87,28.0,13,0.2854,1,0.3195,29676.34,1,0,534.86,0,0,1
28,30388.61,31.0,9,0.1558,1,0.5507,13645.87,4,3,533.23,1,0,0
38,43718.24,30.0,12,0.3897,1,0.4535,22220.61,5,3,11492.83,0,0,1
69,71362.64,1.0,2,0.4753,1,0.4678,8259.32,7,2,12783.22,0,0,0
72,57328.97,11.0,8,0.3383,0,0.1793,14864.68,8,1,19279.42,0,1,1
70,59379.37,26.0,9,0.4367,2,0.3949,4316.78,3,2,11828.7,1,1,0
43,30868.09,4.0,2,0.1855,2,0.3477,13045.07,3,2,2199.4,0,1,1
21,53210.41,26.0,9,0.1703,0,0.2386,10866.48,4,0,,1,1,1
51,83289.46,22.0,7,0.2464,0,0.2175,24441.3,6,1,2487.48,0,0,1
69,14761.98,32.0,9,0.2691,1,0.3863,12837.08,2,1,10392.56,0,0,1
65,37567.27,3.0,6,0.1069,1,0.2674,14446.77,6,4,6029.55,0,1,1
35,10000.0,20.0,2,0.0448,1,0.4064,24521.26,6,3,1043.68,0,1,1
57,68424.39,23.0,8,0.141,3,0.4572,20353.63,2,3,20952.52,0,0,1
52,85636.76,30.0,10,0.5679,0,0.4151,20664.95,5,0,7092.42,0,0,0
58,50414.75,23.0,9,0.2465,2,0.446,3527.9,7,0,770.47,0,0,1
46,29862.0,9.0,12,0.1517,1,0.2553,25248.35,9,4,3867.71,1,0,1
69,30593.84,1.0,8,0.3606,2,0.3007,26610.16,3,4,11585.25,0,0,1
46,47573.57,,2,0.3567,1,0.2233,22931.52,7,2,7707.48,0,1,1
55,47478.2,24.0,8,0.4453,1,0.563,20519.09,3,3,2023.62,0,0,1
59,77795.79,3.0,3,0.1125,0,0.2518,18479.58,2,4,6740.99,0,0,1
38,38278.1,10.0,3,0.2605,1,0.2894,27128.51,4,1,2955.34,1,1,1
59,65876.96,16.0,9,0.33,1,0.2342,15158.88,8,2,5993.84,0,1,1
30,47363.25,1.0,13,0.3743,1,0.5207,22935.16,5,2,3061.43,0,1,0
66,36381.08,5.0,9,0.5683,0,0.3625,21055.86,8,3,5485.87,1,1,0
58,46740.6,8.0,9,0.2959,4,0.3022,18343.78,6,3,14769.57,0,0,0
34,63413.46,4.0,4,0.3491,0,0.2167,23488.53,1,3,1906.23,1,1,1
73,77873.33,19.0,12,0.1306,2,0.5074,15902.67,3,0,14.32,0,0,0
26,48700.67,28.0,14,0.4968,1,0.3317,22450.91,8,3,1347.32,0,0,1
58,24901.55,20.0,7,0.5608,2,0.1991,21612.75,4,0,,1,0,0
18,79992.87,8.0,13,0.1289,0,0.452,13290.52,2,4,4289.93,1,0,1
19,32545.77,27.0,8,0.0804,1,0.4247,19304.82,8,1,10769.19,0,0,1
65,61520.58,7.0,13,0.3802,0,0.3094,2569.77,5,1,249.96,0,0,0
46,54379.18,30.0,13,0.4803,4,0.4506,20176.05,1,2,1265.85,0,0,1
50,51035.75,19.0,5,0.3102,3,0.4262,1000.0,8,2,6732.25,0,0,0
27,42825.59,26.0,13,0.4307,3,0.2272,25571.58,9,2,10192.41,0,0,1
67,70503.72,7.0,1,0.4081,1,0.4007,3482.1,8,1,12405.04,1,0,0
57,10000.0,20.0,9,0.1049,0,0.6798,13317.23,1,2,8240.5,1,0,1
38,83411.76,27.0,6,0.1329,0,0.4335,24800.1,6,0,11307.12,1,1,1
45,32187.31,22.0,3,0.4688,3,0.2955,19161.06,6,2,1449.8,1,0,1
28,65198.92,5.0,3,0.5083,4,0.2147,10194.2,7,4,8587.63,1,0,0
72,63875.64,2.0,14,0.4047,0,0.4288,12043.71,1,2,4431.15,0,0,0
51,86874.43,4.0,14,0.6099,0,0.3095,21800.34,8,0,19708.86,1,0,1
25,59943.73,8.0,10,0.1467,2,0.3978,8481.82,4,1,7642.01,0,0,1
39,34272.27,6.0,1,0.3436,1,0.5109,16321.11,4,1,6241.3,1,0,0
25,14881.13,3.0,13,0.5294,1,0.2085,10103.7,4,1,6906.96,1,1,0
66,46279.92,4.0,8,0.0874,1,0.1267,18938.19,6,0,14237.96,0,0,1
32,10000.0,10.0,2,0.141,3,0.3711,19175.19,6,1,90.7,0,0,0
34,39287.86,14.0,12,0.3512,1,0.2456,12014.21,6,3,15744.24,0,1,1
40,47684.23,33.0,1,0.4777,0,0.2994,7868.14,2,2,236.97,1,1,1
41,37752.1,12.0,7,0.4927,1,0.5353,10554.66,5,0,6990.86,0,0,0
62,56044.34,6.0,14,0.2751,0,0.2884,4822.72,2,2,5586.77,0,0,1
36,49097.4,5.0,11,0.3932,1,0.2826,3865.39,6,4,3700.76,0,0,0
22,46807.84,29.0,9,0.2073,0,0.397,22253.73,7,2,1102.33,0,0,1
49,10000.0,21.0,6,0.1531,1,0.2601,18138.94,6,0,1059.77,1,0,1
61,22632.37,24.0,8,0.1554,1,0.3056,9559.96,3,3,10843.29,0,0,1
18,71066.42,27.0,8,0.1923,0,0.2512,25782.52,5,3,963.76,0,1,1
40,75106.41,19.0,9,0.2656,3,0.2723,19835.58,9,1,,1,0,0
54,10000.0,2.0,7,0.0294,2,0.2598,18787.43,6,3,37090.2,0,0,1
25,34632.05,4.0,9,0.2035,0,0.3413,23588.06,3,4,9162.81,0,0,1
30,81799.13,0.0,9,0.2143,1,0.6176,22727.45,9,4,625.53,0,0,0
25,37049.03,14.0,12,0.2398,0,0.4616,20376.05,5,2,6248.12,1,0,0
74,52212.73,25.0,11,0.329,1,0.4557,14429.89,1,4,14387.31,0,0,1
40,91045.13,2.0,1,0.2352,1,0.2454,14947.36,3,0,24739.8,0,0,1
60,45960.57,33.0,6,0.3855,1,0.5369,1059.06,3,1,,0,0,0
18,42382.01,4.0,12,0.1579,2,0.2096,17562.58,2,4,2964.65,1,1,1
62,51074.08,30.0,8,0.2963,1,0.7209,19698.56,2,1,,0,0,0
68,101335.27,12.0,10,0.4484,0,0.5466,14544.87,9,1,12253.16,1,0,0
41,66155.05,0.0,9,0.3846,1,0.3496,1000.0,3,2,11427.44,0,0,0
52,55477.04,21.0,4,0.1514,1,0.5477,1000.0,4,0,5330.24,1,0,1
41,41891.0,14.0,13,0.3653,1,0.5842,1000.0,6,2,,0,1,0
34,68470.42,25.0,2,0.3269,1,0.2272,3074.28,9,4,8918.85,1,0,0
22,71492.49,17.0,11,0.4621,3,0.3214,16323.92,1,4,7141.52,1,1,0
37,28170.54,8.0,9,0.5344,1,0.4902,15099.94,3,1,,0,0,0
38,72165.7,0.0,9,0.3028,0,0.4737,15000.39,3,3,8227.26,0,0,1
57,51221.19,8.0,12,0.1376,0,0.3245,12257.18,6,1,1135.99,0,0,1
48,55619.97,22.0,8,0.5476,3,0.295,8456.05,9,0,13981.81,0,0,0
63,32892.77,1.0,3,0.1484,1,0.3606,10690.1,9,3,8956.49,1,1,1
53,45000.45,13.0,5,0.1555,0,0.7055,13506.7,5,3,424.61,0,0,1
28,29246.44,17.0,2,0.526,1,0.3413,20495.37,9,3,6071.32,1,1,0
69,28044.55,15.0,14,0.2813,1,0.1661,21040.12,6,4,13094.04,0,0,1
32,64427.26,28.0,3,0.1681,1,0.1133,15651.16,5,0,14175.04,0,0,1
36,46122.09,10.0,1,0.4992,2,0.2464,1000.0,8,4,713.99,1,0,1
24,22509.06,5.0,4,0.1029,1,0.5529,13568.97,7,1,657.52,0,0,1
68,109426.32,2.0,5,0.2121,2,0.4687,16636.47,7,1,11933.15,1,0,0
45,26883.62,13.0,12,0.3742,2,0.5917,8291.92,4,1,2118.54,0,0,0
68,82302.57,1.0,2,0.2561,1,0.7817,30647.92,1,1,7211.77,1,1,0
60,18088.41,31.0,3,0.5171,1,0.4141,9859.94,5,4,7509.2,1,0,0
22,66412.56,30.0,12,0.1603,0,0.3003,12030.38,9,3,7949.94,0,0,1
22,48735.99,10.0,6,0.4551,1,0.5766,12619.84,8,0,3298.41,0,1,0
47,39273.58,21.0,6,0.178,0,0.5232,4648.8,4,2,325.75,0,0,1
71,59918.56,2.0,7,0.4724,2,0.4333,1000.0,9,2,6168.56,1,0,1
49,56556.5,30.0,12,0.0915,0,0.3863,10478.38,6,1,5788.99,0,0,1
25,34688.37,32.0,9,0.374,2,0.4257,1000.0,7,4,4541.16,1,0,1
27,33556.53,23.0,4,0.123,1,0.3773,16357.25,8,1,2622.89,1,0,1
55,15652.14,0.0,5,0.2081,1,0.6978,11320.92,1,4,14814.3,1,0,0
64,62639.11,14.0,11,0.4575,3,0.464,9838.62,4,3,3697.51,1,0,0
49,23654.88,26.0,2,0.558,0,0.4859,18325.27,6,0,1084.72,1,0,1
65,55099.37,26.0,6,0.2461,0,0.606,9020.71,4,1,11354.51,0,1,1
45,69811.95,11.0,4,0.3617,3,0.4968,7560.29,3,0,,0,0,1
34,60201.38,2.0,5,0.1092,0,0.4679,1000.0,5,3,2958.7,0,0,1
48,,29.0,7,0.2406,3,0.4264,2936.65,4,2,1310.9,0,0,0
25,77720.31,31.0,6,0.1568,1,0.3554,22670.58,5,1,4633.78,0,0,1
57,44800.71,22.0,8,0.457,2,0.4462,9243.68,2,2,545.67,0,1,0
42,21645.98,1.0,6,0.1569,2,0.1187,13686.2,3,0,2016.04,1,1,1
26,47906.81,6.0,10,0.2752,1,0.1925,10664.78,8,0,26586.12,1,1,0
19,69669.93,33.0,14,0.175,0,0.4045,19914.78,8,2,1304.81,1,0,1
32,38139.64,31.0,8,0.1018,0,0.156,7895.0,8,3,2572.45,1,0,1
67,76954.56,31.0,13,0.3112,0,0.4224,6972.69,3,0,1197.01,1,0,1
20,35741.85,13.0,14,0.1902,0,0.3636,1828.17,1,4,19443.51,0,0,1
66,39144.67,2.0,14,0.2405,1,0.2463,16579.96,2,0,20704.67,0,1,1
53,28848.02,31.0,4,0.2863,4,0.4743,20926.43,3,0,490.5,0,0,0
21,72092.74,16.0,12,0.3488,2,0.3999,19296.89,2,4,18279.7,1,0,1
31,53668.94,2.0,7,0.5596,2,0.3401,22524.82,3,0,1228.22,1,0,0
58,30505.95,9.0,3,0.3741,2,0.2595,15657.32,7,3,4050.58,1,0,1
58,45094.74,,1,0.2929,1,0.3062,19224.9,5,4,7060.81,1,0,1
42,10000.0,2.0,13,0.649,2,0.6588,21634.38,5,0,4965.3,1,0,0
72,74449.31,9.0,9,0.4537,1,0.2623,6463.78,2,4,1168.72,1,1,0
67,50731.33,8.0,9,0.3495,1,0.326,24231.23,9,0,12545.6,1,1,0
27,10000.0,10.0,6,0.4436,1,0.3819,18376.07,9,0,9303.06,1,1,0
38,18582.96,32.0,2,0.2633,1,0.4096,22695.28,1,1,22669.21,1,1,0
53,44460.15,25.0,8,0.1836,1,0.429,20892.86,8,0,3482.62,0,1,1
29,22145.73,26.0,10,0.1136,0,0.4995,2253.94,8,1,4502.48,0,1,1
44,74833.73,21.0,6,0.1729,3,0.7184,20964.52,9,0,3443.21,0,1,0
57,65464.32,,7,0.1706,2,0.3087,16955.8,2,3,520.48,1,0,1
19,63988.4,21.0,13,0.0625,2,0.1412,11332.31,6,2,452.31,0,0,1
71,10000.0,4.0,1,0.1331,1,0.3742,19046.73,2,1,11461.28,0,0,1
30,41863.54,34.0,3,0.1055,2,0.3539,19917.64,1,2,2682.2,0,0,1
70,37559.59,1.0,1,0.2198,0,0.3989,26292.71,7,2,5341.86,1,0,1
49,31148.64,34.0,10,0.2331,0,0.4103,28926.73,3,3,30894.51,0,0,1
48,44620.62,,1,0.2927,1,0.5702,19165.07,8,3,142.52,0,0,0
33,26844.04,17.0,12,0.2424,1,0.2588,18755.59,3,3,5832.76,1,0,1
49,60380.52,11.0,12,0.4635,4,0.6738,20668.2,2,2,5842.19,1,0,0
49,74163.78,2.0,11,0.1713,0,0.4943,10676.13,8,0,52286.85,1,0,1
51,72009.59,17.0,13,0.0403,0,0.2088,22740.02,8,4,14382.09,1,1,1
28,51552.22,6.0,1,0.1666,1,0.3912,10359.36,1,3,553.1,0,1,1
27,104980.99,32.0,4,0.2886,3,0.4508,13403.19,1,1,1367.33,0,0,1
32,83499.38,5.0,13,0.1568,0,0.276,10564.22,3,0,275.98,1,0,1
34,52461.04,17.0,7,0.3984,0,0.4448,8956.59,4,3,1753.56,1,0,1
57,42943.19,21.0,7,0.1825,1,0.4154,22736.84,8,3,1909.43,0,0,1
35,88450.68,8.0,12,0.1698,1,0.3685,15808.3,8,3,753.49,1,1,0
72,80189.52,34.0,13,0.3819,2,0.3491,18722.82,8,4,5993.05,1,0,0
26,19739.32,22.0,5,0.5017,1,0.433,18890.15,7,0,29514.72,1,1,1
42,82145.53,11.0,12,0.3818,0,0.2279,6491.32,1,3,13029.96,0,0,1
57,51140.66,23.0,6,0.0826,1,0.5383,4601.78,1,0,1818.95,0,0,1
31,33477.21,8.0,2,0.2369,1,0.5234,28907.08,5,0,12222.78,0,1,1
42,10000.0,12.0,5,0.3504,1,0.3888,8967.09,5,2,32248.5,0,0,1
67,48277.1,16.0,7,0.3686,0,0.5129,17591.93,5,0,14425.69,1,0,0
39,54694.31,6.0,14,0.0425,3,0.1469,13613.5,1,4,5059.08,0,1,0
69,94683.19,16.0,9,0.1896,2,0.3857,14464.53,3,4,2510.41,0,0,1
47,78930.85,23.0,6,0.4874,3,0.2691,20230.15,1,4,11023.15,0,1,0
37,40427.83,1.0,12,0.3234,0,0.312,7543.58,2,4,12351.1,0,0,0
38,64733.56,34.0,14,0.2728,2,0.8243,12031.84,8,3,2817.35,0,1,0
61,75656.24,27.0,10,0.2057,1,0.2324,25013.6,4,0,2030.71,1,1,1
49,57148.93,18.0,4,0.1331,1,0.4694,14740.94,4,2,8920.53,1,1,1
68,40321.15,32.0,3,0.2038,3,0.3571,25796.58,5,3,17544.82,1,0,0
63,41695.69,20.0,9,0.1473,4,0.3179,20135.69,2,1,167.44,0,0,1
66,64636.83,9.0,7,0.0435,1,0.4343,20931.02,9,3,34798.54,1,1,1
73,65324.51,8.0,11,0.2733,1,0.1154,17724.73,9,3,1704.07,1,0,1
38,47676.13,5.0,14,0.3958,0,0.2644,37924.97,3,3,3439.11,1,0,0
52,10000.0,34.0,13,0.1026,1,0.2504,9386.15,1,3,435.05,1,0,1
49,22736.93,17.0,6,0.0404,2,0.4212,1866.2,2,2,457.13,0,1,1
47,70492.22,18.0,7,0.4535,3,0.0525,8176.46,8,4,2547.9,1,0,1
72,10000.0,4.0,8,0.1058,1,0.353,13138.07,8,0,6659.62,1,1,1
56,84604.53,24.0,5,0.2774,1,0.5693,35479.85,2,4,18507.78,0,0,0
66,80903.93,10.0,3,0.3333,3,0.2276,21139.7,5,2,579.24,0,0,0
29,56027.41,9.0,3,0.144,2,0.5239,23943.31,9,2,6315.5,0,0,0
58,69948.28,16.0,13,0.2117,1,0.3644,1000.0,4,3,4304.67,0,1,1
64,68219.37,25.0,2,0.3215,1,0.3551,11433.48,1,3,36273.79,0,1,1
35,52078.17,30.0,8,0.473,2,0.68,20202.15,1,0,1657.24,0,0,0
38,20652.77,31.0,1,0.214,4,0.5611,16507.22,6,3,3690.13,1,0,0
30,79181.82,20.0,12,0.3938,0,0.2973,2439.75,7,0,272.25,1,0,0
38,90180.75,17.0,8,0.217,2,0.2402,18119.5,9,2,19649.57,0,0,1
25,24785.24,17.0,3,0.7332,3,0.5726,9101.18,6,0,7791.8,1,0,0
63,19718.62,0.0,9,0.2739,2,0.8093,17729.45,5,0,7090.68,0,0,0
57,51580.08,13.0,12,0.0767,2,0.4366,4477.08,5,1,399.66,1,1,1
63,39344.39,7.0,14,0.2895,1,0.2922,14685.52,3,3,834.0,1,0,0
24,58623.73,1.0,12,0.2957,1,0.3473,25386.3,4,4,12495.64,0,0,1
40,85199.85,14.0,11,0.1337,1,0.3795,11932.67,3,1,6378.68,0,0,1
61,10000.0,33.0,2,0.4071,0,0.3292,26218.17,9,1,1775.25,1,0,1
49,94531.8,0.0,10,0.158,2,0.2498,5546.56,7,1,6384.79,0,0,1
28,44833.29,20.0,9,0.2164,2,0.4746,11660.3,1,4,27565.12,1,0,1
39,67794.47,0.0,6,0.1396,2,0.4709,18683.88,5,4,875.84,1,0,1
39,70468.15,31.0,1,0.5274,0,0.1488,9767.12,1,1,28107.67,0,0,1
60,73383.53,19.0,5,0.1013,4,0.2518,12362.81,4,2,11936.38,1,1,1
42,56547.7,29.0,10,0.3011,1,0.5414,5548.88,1,1,1246.04,1,1,1
39,62389.02,6.0,9,0.3981,1,0.5823,1530.67,9,0,13485.36,1,0,1
45,62225.55,21.0,13,0.7485,1,0.4942,17572.71,9,0,10901.28,1,0,0
46,39242.93,9.0,6,0.3269,1,0.1803,12323.77,4,4,6825.07,0,0,1
30,11048.62,7.0,7,0.2856,1,0.4679,24341.12,1,0,11910.52,0,0,0
35,24520.35,26.0,4,0.2924,0,0.2027,5885.0,6,3,1218.19,1,1,1
19,52394.05,9.0,1,0.2877,1,0.3045,11508.69,5,3,10230.22,0,0,1
46,35329.83,13.0,5,0.3124,1,0.4571,9277.93,4,1,8193.89,0,0,1
38,35387.6,10.0,2,0.2095,1,0.4139,7318.26,2,3,,1,0,1
32,99981.28,5.0,8,0.3803,0,0.3374,25620.08,6,3,9379.07,0,0,1
69,76472.37,20.0,4,0.0739,2,0.6256,7050.89,7,1,9086.8,1,1,1
44,48698.1,32.0,1,0.3743,1,0.6555,15018.1,1,3,2185.38,1,0,0
67,71800.87,18.0,10,0.333,2,0.5379,16369.68,3,2,1278.4,1,1,1
48,44493.28,23.0,7,0.4882,3,0.1151,6904.73,7,3,,0,0,0
32,57768.09,17.0,12,0.4788,0,0.1893,21486.32,6,4,4075.43,0,1,1
68,66040.72,34.0,11,0.3236,2,0.3571,5889.63,2,2,13905.17,1,0,1
40,44559.85,18.0,2,0.2515,4,0.2528,24035.63,8,1,4582.73,0,1,1
41,37868.74,23.0,3,0.404,0,0.2374,9618.87,6,1,,0,0,1
61,85598.3,33.0,14,0.2835,2,0.2335,18334.5,1,2,4969.58,0,0,0
30,70352.82,21.0,9,0.3579,0,0.516,32191.97,7,1,555.9,1,1,1
39,10000.0,3.0,13,0.2307,2,0.3025,23028.84,9,4,8461.53,0,0,0
60,38296.6,9.0,9,0.2388,2,0.3027,4720.39,8,0,18059.84,1,0,1
54,35468.19,1.0,2,0.3859,1,0.2368,1000.0,7,0,5843.79,1,0,1
50,39471.55,7.0,3,0.085,2,0.445,26120.62,8,1,9686.82,1,0,0
73,76560.06,32.0,11,0.0841,1,0.5739,16696.25,8,4,12070.93,1,0,1
20,55480.15,27.0,12,0.144,1,0.2934,27329.04,4,1,5039.64,0,0,0
71,20259.26,9.0,9,0.135,1,0.439,21686.02,5,0,2299.32,0,0,1
36,45419.63,0.0,1,0.2317,0,0.2928,14800.99,5,4,15733.01,0,0,1
40,68543.44,33.0,2,0.2134,1,0.5012,24886.37,8,1,14114.19,0,0,1
46,49508.87,2.0,11,0.0426,3,0.3051,12103.04,9,3,15699.8,1,1,0
47,38883.1,8.0,2,0.2387,2,0.2529,28836.39,8,0,13979.61,0,0,1
56,63280.48,,10,0.4109,2,0.8176,11278.48,2,0,1142.76,0,0,1
61,95454.81,9.0,14,0.2554,1,0.5055,11718.27,7,4,4285.22,0,0,1
64,66535.62,11.0,3,0.2048,4,0.5465,19683.07,3,3,1700.96,0,0,0
42,87523.54,17.0,10,0.3889,1,0.4738,12514.61,2,3,1349.16,0,1,0
54,40559.64,20.0,3,0.611,2,0.3746,21156.7,2,2,12167.72,0,0,1
64,54790.95,20.0,10,0.2479,1,0.2371,13118.86,2,0,5252.07,1,1,1
25,54286.2,0.0,13,0.1867,1,0.3548,18650.12,3,2,760.65,1,1,0
59,57966.98,2.0,2,0.1173,1,0.5467,25177.42,4,3,4168.19,0,1,0
33,66012.99,4.0,8,0.3327,3,0.1787,16019.55,6,4,40045.03,1,1,0
25,32025.77,24.0,8,0.1564,4,0.1627,13274.34,1,1,1910.01,0,0,1
18,71183.32,7.0,8,0.3647,3,0.4745,13173.49,8,1,,0,1,1
61,14302.85,16.0,2,0.0867,2,0.7816,21334.15,8,0,7221.28,1,1,0
22,21606.08,8.0,13,0.2411,2,0.7491,24146.69,4,3,1781.03,1,0,0
20,108390.65,31.0,9,0.0885,0,0.6279,1000.0,1,2,27476.36,0,0,1
18,42246.98,5.0,11,0.1532,0,0.5179,20209.0,6,4,8060.73,1,0,1
21,73237.98,20.0,7,0.149,2,0.283,6651.48,7,1,2084.78,1,0,1
57,97457.26,6.0,12,0.1165,1,0.3612,11235.97,1,1,4733.44,1,0,1
52,10000.0,6.0,5,0.4061,5,0.2814,15254.43,8,1,3581.54,0,1,0
49,83156.15,26.0,7,0.088,0,0.2459,14866.85,4,2,1043.7,0,1,1
59,71223.59,7.0,8,0.1664,0,0.2354,13943.92,1,0,2679.35,0,0,1
51,96009.93,8.0,9,0.103,1,0.8101,17467.82,9,0,6454.43,0,0,0
60,25461.92,27.0,2,0.0634,0,0.0595,10483.65,8,4,737.88,0,0,1
42,91281.37,14.0,6,0.5355,0,0.345,19360.45,9,2,396.05,0,0,0
27,36514.64,1.0,9,0.2554,2,0.3343,13495.81,4,0,6235.45,0,1,1
38,81369.45,6.0,13,0.3146,0,0.5132,17776.92,8,3,4554.26,0,1,1
63,54099.47,17.0,6,0.4796,0,0.2755,11329.74,8,2,1668.56,0,0,1
56,74269.22,21.0,2,0.2891,1,0.3615,8092.08,2,1,9979.21,0,1,1
44,56221.73,9.0,1,0.5485,1,0.3167,6725.53,8,1,735.84,0,0,0
44,10000.0,32.0,12,0.5631,0,0.0766,12041.25,6,2,2522.05,1,0,1
19,10000.0,6.0,3,0.5731,2,0.2632,6857.23,3,2,854.39,0,0,1
58,60247.89,2.0,11,0.463,1,0.5146,22544.64,8,2,10404.09,1,0,0
65,48406.62,13.0,5,0.3053,0,0.422,18710.02,1,1,8013.06,0,0,1
30,64955.52,12.0,7,0.2977,1,0.2738,5724.76,2,4,1670.52,0,0,1
26,48696.16,15.0,10,0.1387,0,0.1914,1109.42,7,0,6520.14,1,0,1
69,105451.93,15.0,10,0.0595,1,0.5663,21619.46,8,2,9538.26,0,0,1
53,60763.43,4.0,3,0.2901,3,0.5808,19872.51,9,0,278.13,0,1,0
39,43826.31,24.0,9,0.1358,1,0.3107,4537.43,1,3,8706.64,0,0,1
59,63434.08,25.0,10,0.0918,0,0.4534,10357.04,9,0,2986.18,0,1,1
43,44283.13,12.0,12,0.2063,3,0.4989,20327.46,2,0,1162.48,0,1,0
71,57323.26,25.0,4,0.4772,3,0.595,1000.0,8,3,13769.86,0,1,0
29,24563.0,0.0,10,0.149,1,0.2831,6733.37,7,3,7453.89,0,0,1
34,54785.37,7.0,2,0.1236,1,0.2736,10190.86,6,2,6326.66,1,0,1
31,43053.69,3.0,3,0.5956,0,0.218,21215.52,6,3,14485.72,1,0,1
31,26931.58,20.0,5,0.1554,1,0.4683,12617.16,3,3,2464.3,0,1,1
74,104393.4,21.0,3,0.3074,0,0.2029,21259.32,5,1,113.82,0,1,1
51,27906.62,2.0,5,0.2036,0,0.3229,9115.05,2,0,23764.76,1,0,1
70,55174.11,,4,0.2197,1,0.1845,18270.97,5,4,2438.81,0,0,1
74,34929.8,0.0,13,0.3388,0,0.3067,16328.99,3,0,8026.74,0,0,0
37,62425.99,28.0,11,0.2337,4,0.6779,8336.24,9,4,30189.31,0,1,0
28,23140.37,22.0,10,0.3901,2,0.4721,11301.77,1,3,2128.64,0,0,1
33,76008.92,32.0,13,0.1184,0,0.8299,17806.05,3,1,39384.34,1,0,0
68,105903.9,22.0,3,0.2302,3,0.6014,14971.28,1,0,6188.9,1,0,1
48,34011.52,4.0,12,0.2211,0,0.352,18436.88,9,0,25547.36,1,0,1
72,85424.22,6.0,6,0.0833,1,0.3679,21591.1,5,4,719.74,1,0,0
23,45453.02,5.0,8,0.3154,1,0.2475,13147.68,7,2,6057.62,1,1,1
73,92644.78,21.0,13,0.3286,0,0.1696,1000.0,3,0,23111.63,1,0,1
36,109712.47,12.0,12,0.6195,3,0.1873,5632.29,9,3,,1,1,0
54,49157.37,11.0,4,0.4456,1,0.7393,2759.77,1,4,2574.95,0,1,0
21,16993.35,3.0,9,0.4466,1,0.492,3185.7,1,0,1910.87,0,1,0
64,78702.11,7.0,6,0.1911,1,0.5099,13723.81,4,2,26921.85,0,0,0
21,60610.43,30.0,5,0.0787,2,0.1728,18366.9,6,0,2447.12,1,1,1
37,67544.78,25.0,3,0.0422,0,0.3573,4846.04,9,4,1031.36,0,1,1
27,46503.87,7.0,5,0.2884,0,0.3478,20859.98,9,2,12748.76,1,1,1
41,32887.68,32.0,5,0.0803,1,0.3197,21383.53,2,1,5764.22,1,0,1
71,84008.7,28.0,14,0.1642,0,0.6287,30715.95,5,0,7130.76,0,0,1
52,62994.75,4.0,12,0.5183,0,0.3438,22422.59,5,2,7467.79,0,0,1
43,18911.07,27.0,12,0.119,1,0.3362,23251.64,2,3,7594.76,0,0,1
54,72171.88,16.0,4,0.3108,2,0.321,16401.77,9,4,4845.0,1,1,1
55,67154.21,22.0,12,0.1155,3,0.6576,7483.74,9,2,29693.72,0,0,1
38,46867.53,8.0,6,0.1151,0,0.2307,12754.1,4,4,1530.34,1,0,1
71,95495.33,1.0,3,0.4618,0,0.233,23401.39,3,1,25334.09,1,0,1
57,39545.67,31.0,10,0.1595,1,0.3753,13538.46,5,4,2767.06,0,0,1
56,50775.34,,1,0.1448,0,0.4294,16547.01,5,1,1684.96,0,0,1
38,74216.2,6.0,7,0.3328,3,0.2584,21928.49,7,0,7862.28,1,0,0
27,56919.07,29.0,7,0.1108,0,0.2835,15976.77,8,0,17793.86,0,0,1
55,20389.42,2.0,12,0.0859,4,0.2996,13076.99,5,0,3606.91,0,1,1
63,59594.98,8.0,4,0.0766,1,0.1177,9865.8,8,3,627.37,0,0,1
21,44640.26,9.0,9,0.4965,3,0.2682,31264.96,1,0,6152.18,0,0,0
74,76424.91,25.0,12,0.3665,2,0.4178,17839.13,9,3,33687.07,1,0,1
62,58780.46,0.0,2,0.0136,1,0.1597,6013.28,3,3,3948.62,0,0,1
37,57362.69,29.0,13,0.4944,2,0.6313,9280.52,7,1,,1,0,0
34,28793.72,14.0,1,0.1653,1,0.2571,14769.71,2,0,5559.21,0,0,1
72,49249.37,24.0,3,0.5486,0,0.2504,20034.47,2,3,3872.73,0,0,1
24,79252.53,5.0,7,0.0677,0,0.1864,13827.23,5,4,552.11,0,0,1
21,35586.59,17.0,9,0.3227,2,0.6031,2843.04,7,1,16624.47,0,0,0
46,54186.24,0.0,2,0.2557,1,0.4081,1000.0,9,0,7714.7,1,0,1
31,31588.85,2.0,6,0.5989,1,0.1552,1000.0,3,3,1339.87,0,0,1
20,25403.93,16.0,3,0.0872,0,0.3505,19050.01,3,3,20824.26,1,0,1
41,52878.52,7.0,5,0.4609,2,0.1664,16341.23,4,1,6868.77,1,1,1
54,59345.03,16.0,12,0.1231,2,0.4973,9351.58,8,1,9348.74,1,1,1
33,104846.57,24.0,9,0.5465,1,0.5465,31021.69,2,1,7005.33,0,0,1
72,43613.49,11.0,3,0.249,1,0.4518,14569.1,6,0,30663.1,1,0,0
69,,28.0,1,0.2483,0,0.1133,1880.54,8,3,17704.59,1,0,1
21,23748.16,24.0,5,0.4189,1,0.4986,13775.23,9,4,133.26,1,0,1
73,70306.0,24.0,1,0.1568,1,0.3807,18384.17,2,4,117.59,1,0,1
41,64952.37,28.0,8,0.2266,4,0.3738,10919.63,7,4,5358.27,0,0,1
51,92209.87,10.0,7,0.3889,1,0.4176,13488.27,3,1,3015.74,1,0,0
47,82790.55,3.0,11,0.2827,0,0.5238,19838.21,3,1,6192.66,1,1,0
35,63785.17,13.0,2,0.1043,2,0.4996,16595.2,5,1,3304.18,1,0,1
36,43248.21,16.0,14,0.277,1,0.4474,20033.38,8,0,16843.3,0,0,1
48,60116.71,1.0,11,0.0738,1,0.0436,20652.31,5,3,1488.68,1,0,1
36,52224.66,7.0,9,0.5304,2,0.3239,2560.61,8,4,471.87,0,1,1
66,78834.94,9.0,5,0.093,0,0.5181,19534.81,4,3,3359.57,0,0,1
63,75655.79,6.0,7,0.4053,3,0.3892,19888.09,7,4,1198.59,1,0,0
36,47589.61,15.0,4,0.4478,1,0.2017,16913.04,5,3,7162.48,1,0,0
39,18450.16,13.0,12,0.4018,2,0.4224,17565.31,3,1,5116.74,1,0,1
41,88334.68,15.0,13,0.2321,2,0.5421,7742.51,5,0,9847.03,1,0,1
62,69546.85,24.0,1,0.6895,2,0.1994,27202.6,9,4,604.63,1,1,0
29,,3.0,14,0.4367,0,0.2465,19597.83,7,2,11232.02,0,1,1
47,68571.83,28.0,8,0.5008,3,0.4251,20389.71,8,4,2589.96,0,1,0
55,56871.53,5.0,13,0.3964,1,0.4003,26070.38,9,0,8904.12,0,1,0
70,87965.45,0.0,1,0.2499,2,0.4311,21794.02,1,3,2751.25,0,0,1
48,10000.0,0.0,3,0.222,0,0.4928,22019.16,7,4,14356.07,1,0,1
53,45070.23,2.0,6,0.0706,1,0.4471,1000.0,8,3,14370.45,0,0,0
36,94976.36,0.0,8,0.6451,2,0.4621,1000.0,8,1,2925.84,1,1,0
65,69079.96,0.0,8,0.341,1,0.1074,13792.68,9,0,19224.11,1,0,1
62,99315.17,20.0,2,0.073,0,0.499,17001.55,6,0,3097.52,1,0,1
53,24454.82,29.0,9,0.2728,0,0.0985,17677.62,7,4,18083.37,1,1,1
47,81804.92,31.0,4,0.2774,2,0.5583,17254.11,8,3,1716.84,0,1,0
72,80305.61,32.0,4,0.1136,2,0.3507,17284.34,9,2,2716.47,0,1,1
66,12956.79,21.0,14,0.0658,0,0.3272,16061.41,2,3,17246.3,0,0,1
72,47612.44,29.0,2,0.3713,1,0.3931,8962.71,4,3,674.21,0,0,1
50,52336.77,3.0,1,0.3656,2,0.3302,3717.71,4,3,9679.53,0,1,0
35,14511.1,22.0,10,0.2689,2,0.3558,13902.88,4,3,9165.42,1,0,0
69,48134.94,24.0,7,0.2116,0,0.6708,9863.99,1,3,28650.24,0,0,1
66,76829.58,11.0,11,0.216,2,0.3586,11580.93,2,4,28683.93,0,0,0
45,45226.92,16.0,10,0.5556,0,0.6963,1571.87,9,4,5238.99,1,0,1
64,,14.0,3,0.5368,1,0.4648,13528.2,8,2,8593.01,1,0,0
28,61234.26,9.0,4,0.2389,2,0.3519,16963.21,1,0,1354.82,0,0,1
74,54696.41,34.0,11,0.3415,2,0.1805,3414.73,8,0,2050.26,0,0,1
71,37370.45,28.0,9,0.0455,1,0.2435,18393.51,3,2,6539.51,0,0,1
62,71470.35,11.0,6,0.2722,0,0.3173,4118.71,4,3,2170.19,0,0,1
50,15324.16,0.0,14,0.1266,0,0.5069,18848.66,8,1,1955.69,1,0,1
34,55214.7,0.0,1,0.1232,0,0.268,8552.71,8,4,184.85,1,0,0
23,89637.16,9.0,9,0.24,2,0.5418,23298.41,3,2,609.38,1,1,0
21,43815.67,17.0,9,0.345,0,0.6187,8799.77,4,0,9942.53,0,0,1
37,36816.97,1.0,5,0.0939,1,0.2257,6535.87,3,3,115.48,1,1,0
65,73137.9,7.0,8,0.2109,0,0.4057,14593.69,8,3,18090.12,0,0,0
64,59085.79,21.0,7,0.1383,3,0.2905,17690.68,8,3,655.42,1,0,1
44,73636.18,21.0,11,0.4385,1,0.1673,22473.39,8,1,1362.27,0,0,1
32,55962.46,25.0,8,0.1877,1,0.3801,19606.09,1,2,3328.29,0,0,1
23,10000.0,25.0,9,0.2515,1,0.2576,7072.64,5,4,10376.19,0,0,0
64,84497.84,8.0,14,0.3928,1,0.5242,16923.74,1,4,9650.89,0,0,0
31,106750.66,20.0,2,0.1951,1,0.6011,5215.87,9,4,2264.85,1,1,0
28,87101.03,30.0,10,0.2262,1,0.2802,22805.99,7,3,3167.99,1,1,0
56,10000.0,5.0,5,0.435,1,0.4504,25558.72,1,0,13773.32,1,0,0
26,66277.21,13.0,8,0.1821,1,0.2961,15848.85,9,3,5493.8,1,1,0
43,43331.35,32.0,3,0.4991,1,0.2028,12484.25,6,3,4902.9,0,1,1
33,27893.91,6.0,11,0.217,3,0.2149,27517.27,9,1,8029.55,0,0,1
22,58068.3,23.0,11,0.0178,0,0.3704,25646.96,7,3,4882.91,0,0,1
74,51276.32,8.0,6,0.2464,1,0.3136,1000.0,7,3,4553.31,1,0,0
69,67716.45,10.0,6,0.0408,4,0.3636,18622.77,7,1,12819.84,0,1,1
27,56414.5,22.0,7,0.2559,0,0.237,12959.89,8,3,21438.47,0,0,1
67,26979.7,1.0,13,0.4531,1,0.2461,2584.52,1,2,6375.0,0,1,1
20,40584.96,14.0,11,0.3925,1,0.4268,27352.93,4,2,2732.46,0,1,1
30,36551.04,34.0,3,0.1739,0,0.3682,7426.65,7,2,23918.95,1,0,1
60,12087.92,27.0,8,0.1998,2,0.6925,21869.34,9,1,9683.61,0,0,0
66,20708.88,3.0,8,0.3479,1,0.5624,9599.44,2,4,8498.02,0,0,1
47,49723.28,9.0,9,0.235,1,0.61,4652.15,6,2,7464.84,0,0,1
71,90593.85,5.0,8,0.11,3,0.1431,15387.92,2,0,10788.21,0,1,1
62,41611.07,29.0,3,0.0758,2,0.2683,1486.42,4,0,11955.0,0,0,1
23,36064.23,34.0,6,0.4276,2,0.2927,31070.51,7,3,12530.37,0,0,0
34,25467.83,9.0,9,0.2538,0,0.4622,19822.41,2,4,29771.82,1,0,0
62,55763.41,31.0,1,0.0682,1,0.3495,9836.48,9,3,4237.37,1,1,1
68,84481.48,2.0,3,0.2292,1,0.3776,13548.7,6,2,2223.29,1,1,1
70,105067.07,,2,0.5402,1,0.6157,7096.68,8,0,4008.36,0,1,1
36,62134.98,14.0,12,0.7123,2,0.5498,16981.22,9,1,11646.82,0,0,0
59,58499.84,16.0,8,0.1097,3,0.4882,3466.84,9,4,6224.41,0,1,1
52,41413.17,26.0,6,0.0554,0,0.6591,2157.07,3,3,16001.56,1,0,1
63,45585.83,17.0,10,0.203,1,0.3277,16516.01,9,0,2154.99,0,0,1
43,70729.38,18.0,11,0.476,2,0.6354,27273.28,4,2,10685.65,0,0,0
68,47128.12,11.0,11,0.0924,0,0.431,7423.04,8,2,2294.56,0,0,1
22,50942.94,23.0,8,0.2024,1,0.3092,8785.35,6,4,12840.17,0,0,1
46,54366.32,4.0,2,0.6939,1,0.6232,11194.98,1,3,4613.31,1,0,0
54,40229.3,23.0,11,0.2443,1,0.4862,10005.05,8,2,36385.04,1,0,0
37,53125.52,26.0,6,0.4296,0,0.0965,12073.9,4,0,8838.66,1,0,1
66,10000.0,29.0,7,0.2201,2,0.0874,17862.36,1,3,10830.01,0,0,1
38,68720.9,14.0,8,0.6238,1,0.2937,12321.14,4,0,349.31,0,0,1
27,113794.3,33.0,9,0.1836,2,0.4265,1000.0,3,2,9714.0,0,1,1
22,41198.91,26.0,5,0.2662,2,0.576,11566.89,2,0,4341.6,1,0,1
53,64345.93,19.0,11,0.1514,1,0.2047,17489.49,8,2,3122.22,0,0,1
23,76289.41,31.0,3,0.2828,2,0.2959,8074.65,6,1,12685.61,1,0,1
43,87005.38,3.0,2,0.4671,1,0.2778,18542.88,8,3,2076.76,0,1,0
21,48391.96,4.0,8,0.3998,2,0.2712,22279.32,8,0,1605.41,0,0,0
56,10000.0,7.0,1,0.2239,3,0.4172,16935.35,5,3,3511.97,1,0,1
56,61680.8,21.0,10,0.187,0,0.5972,7913.25,2,0,7939.97,1,0,1
67,58215.72,6.0,6,0.2854,1,0.2796,26195.48,5,2,2379.88,0,1,1
52,46358.34,21.0,2,0.2024,2,0.2698,23217.81,6,2,6542.37,0,0,0
18,51662.2,29.0,3,0.3324,1,0.2991,16548.07,8,1,3887.08,1,0,1
41,58592.01,15.0,8,0.6147,3,0.342,11635.79,2,0,4042.92,1,0,1
74,64044.05,14.0,1,0.0999,2,0.2375,22957.63,7,1,1816.39,0,0,1
53,62995.24,4.0,6,0.2302,1,0.4968,17262.15,9,0,3110.1,0,0,1
23,49557.86,2.0,3,0.3414,2,0.4089,22666.91,9,1,2559.94,0,1,0
58,64606.97,22.0,6,0.3868,1,0.1277,12509.02,4,3,2231.78,1,0,1
71,47874.23,9.0,3,0.2436,1,0.4026,11406.75,6,2,673.83,1,0,0
63,71050.64,4.0,11,0.3624,1,0.1147,1336.24,6,0,4540.15,1,1,0
61,39313.93,22.0,11,0.1565,1,0.3604,27501.28,7,4,2244.96,0,1,1
74,56826.45,14.0,8,0.5073,2,0.3851,25259.37,7,4,25957.42,1,1,1
48,14406.54,17.0,5,0.2839,1,0.1474,9885.05,2,2,7364.48,0,0,1
37,45752.24,24.0,4,0.1164,1,0.3937,16095.43,5,4,4959.43,0,0,1
41,69187.22,7.0,9,0.2717,3,0.357,20322.27,1,4,3299.79,0,1,0
42,29156.63,30.0,5,0.6055,0,0.5643,20023.75,2,4,4940.84,0,0,1
53,46997.49,,12,0.1113,1,0.2827,17311.03,6,1,3341.91,0,0,1
38,10000.0,1.0,14,0.1362,2,0.3765,11184.31,5,1,15551.21,0,1,1
47,20798.15,21.0,4,0.2228,2,0.0412,12446.0,8,0,2363.97,0,0,1
41,27338.14,7.0,8,0.2965,1,0.1719,15020.42,1,1,2627.64,0,0,1
61,57543.78,22.0,8,0.2643,1,0.361,11954.4,9,3,9892.53,1,0,1
59,63335.23,31.0,8,0.1602,2,0.4458,30091.01,4,0,18495.23,0,0,1
47,,7.0,4,0.1662,2,0.5244,13889.34,1,4,9118.37,1,0,1
39,45435.17,3.0,13,0.031,0,0.346,13720.83,5,4,708.28,1,1,1
45,45522.46,29.0,1,0.1454,1,0.2976,12332.85,9,2,18339.7,0,0,1
24,72901.14,18.0,2,0.5102,1,0.6249,5820.58,7,0,11733.93,0,0,0
52,60320.5,,4,0.3852,1,0.3555,21639.5,3,4,2192.54,0,0,1
72,46651.36,17.0,10,0.1361,0,0.0954,1203.5,8,1,517.23,0,0,1
45,87332.49,28.0,2,0.4922,1,0.3554,17731.58,2,4,10112.03,1,0,0
31,103749.38,22.0,11,0.2412,0,0.4393,4466.14,4,4,2138.64,1,0,1
73,23856.44,32.0,10,0.4848,1,0.6104,18594.73,7,2,5935.53,0,0,0
27,68062.75,17.0,14,0.1251,2,0.2009,23436.47,4,4,750.63,0,1,1
33,132247.24,32.0,14,0.3244,2,0.4154,19924.26,9,3,6717.64,0,0,1
33,62005.14,6.0,3,0.3102,0,0.2468,8953.78,3,3,173.66,1,0,1
71,57886.07,27.0,9,0.2432,0,0.5209,7030.24,1,4,6108.44,0,0,1
48,53606.65,0.0,9,0.1207,0,0.3543,14180.47,2,4,14351.47,0,0,1
59,67254.54,33.0,14,0.402,1,0.5308,5835.19,9,3,6954.17,1,1,1
42,73872.48,18.0,11,0.5466,0,0.2603,8872.21,5,1,17278.18,0,0,1
30,23880.83,30.0,9,0.1661,2,0.5154,11400.84,5,0,6368.21,0,0,1
23,54337.91,12.0,7,0.6964,0,0.552,19526.88,5,3,9303.43,1,0,0
61,10000.0,23.0,4,0.5002,1,0.2812,32369.02,1,2,3649.05,0,0,0
26,49767.08,4.0,1,0.6003,1,0.4386,16357.68,3,3,2816.92,0,0,0
62,32432.79,22.0,3,0.157,2,0.5192,10015.85,3,0,3273.65,1,0,1
53,63479.44,18.0,14,0.126,1,0.8637,24166.48,2,3,867.79,0,0,0
73,13590.49,0.0,8,0.6911,0,0.2848,23174.72,7,0,2348.44,1,1,1
60,42192.07,32.0,4,0.2001,0,0.4305,21369.6,5,1,3915.6,0,0,1
37,79163.61,32.0,10,0.3187,1,0.2576,23385.69,1,1,3342.92,0,1,1
35,38091.67,31.0,10,0.3113,0,0.5597,29642.11,1,4,5474.91,0,0,0
60,10000.0,27.0,2,0.388,3,0.5156,1000.0,4,1,5359.62,0,0,1
74,61438.33,11.0,14,0.0728,0,0.3951,14075.39,8,3,10636.35,1,0,1
38,40336.78,8.0,8,0.266,2,0.2828,5886.92,9,2,4030.04,0,0,1
21,50352.86,10.0,7,0.0656,2,0.3575,19230.06,3,3,9046.37,0,0,1
67,36753.26,32.0,11,0.4123,1,0.5754,17936.09,8,1,17703.9,1,0,1
50,104359.92,18.0,10,0.3911,1,0.2682,18064.0,8,2,4867.1,0,1,0
44,16048.18,33.0,9,0.4411,1,0.6339,11146.15,7,1,6449.24,0,0,1
24,125837.39,6.0,2,0.2719,0,0.3597,17536.86,1,0,9045.23,1,0,1
23,45234.09,30.0,5,0.4491,1,0.4348,18881.03,7,3,5451.44,0,0,1
32,59586.16,1.0,6,0.3293,2,0.3319,11634.31,4,2,1425.35,1,1,0
35,40630.09,18.0,13,0.3445,3,0.2275,6321.4,1,4,2780.31,0,0,1
49,39584.16,31.0,2,0.0632,1,0.0941,26935.55,8,2,228.73,1,0,1
73,35379.25,9.0,2,0.392,1,0.2424,21560.79,3,2,9205.78,0,1,1
28,70031.45,7.0,13,0.2961,0,0.4895,1000.0,4,2,2623.32,0,0,0
37,,25.0,14,0.3536,1,0.8448,5801.2,1,4,13880.56,0,0,1
41,64102.71,29.0,14,0.2934,0,0.2234,11526.32,8,2,8534.87,1,0,1
32,10000.0,10.0,10,0.4487,1,0.4842,20563.36,8,3,10658.4,1,0,1
65,61838.22,19.0,14,0.2517,0,0.0877,1000.0,7,2,17128.06,0,0,1
24,76228.57,19.0,4,0.6344,1,0.2879,4745.33,3,1,4436.84,0,0,0
38,23137.02,8.0,8,0.2967,1,0.4677,13092.7,2,2,1672.06,0,0,0
59,71968.57,7.0,14,0.2218,1,0.4389,16287.49,4,2,21930.26,1,0,1
43,56284.64,14.0,13,0.1082,0,0.3464,9533.38,2,4,43834.32,0,1,1
61,94960.66,33.0,11,0.2502,2,0.326,17434.55,1,0,1966.87,0,0,1
73,33619.84,23.0,5,0.2455,1,0.1743,10619.39,9,4,10807.13,0,1,1
31,125399.65,32.0,9,0.3352,0,0.2619,2787.22,5,4,600.13,0,0,1
74,10000.0,26.0,4,0.1177,2,0.2582,17443.33,3,2,222.84,0,0,1
54,46762.4,20.0,3,0.362,0,0.7194,20237.08,3,0,8994.61,1,0,0
38,12535.76,4.0,10,0.7,0,0.4386,22726.4,9,4,2356.68,0,0,0
35,101276.35,34.0,8,0.2209,3,0.3809,4974.15,1,1,16190.57,0,1,1
22,48457.48,20.0,1,0.1327,1,0.21,19424.78,1,0,5757.07,0,0,1
20,50707.87,3.0,9,0.263,1,0.3958,17872.54,3,4,12187.75,1,1,1
40,66080.95,15.0,4,0.3225,2,0.3491,29602.79,5,2,873.77,0,0,1
43,54879.87,30.0,11,0.1119,0,0.4533,6732.92,1,1,16601.17,0,0,1
54,40155.96,25.0,9,0.1774,2,0.5379,15745.22,5,0,1685.15,1,1,1
41,23583.82,34.0,8,0.3401,0,0.3081,14659.55,5,1,,0,0,1
66,59212.84,5.0,3,0.2242,1,0.2759,1859.85,6,3,7526.52,1,0,1
36,64470.84,32.0,3,0.4485,3,0.2202,25934.45,8,4,545.79,0,1,1
68,72384.43,20.0,14,0.2794,1,0.3795,7757.58,1,2,30376.3,0,0,1
42,102818.17,15.0,9,0.2686,0,0.3227,8359.03,9,3,2879.05,0,1,1
38,10000.0,33.0,3,0.2278,1,0.3146,13489.91,9,2,10017.3,0,0,0
29,53307.07,14.0,4,0.1784,0,0.8431,8419.37,1,4,7989.72,1,0,1
74,84793.45,5.0,9,0.1264,2,0.4466,19679.81,6,3,269.14,0,0,0
58,51886.94,1.0,12,0.7988,2,0.4277,15053.37,6,0,15864.89,0,0,0
50,10000.0,23.0,4,0.1649,2,0.3775,1000.0,8,3,2904.22,0,1,1
67,22724.01,27.0,11,0.3315,0,0.205,1000.0,8,0,2291.4,0,0,1
70,63214.25,0.0,3,0.303,3,0.141,18784.63,2,0,482.68,0,0,1
21,62304.93,0.0,14,0.1498,2,0.4012,9057.17,9,2,2304.99,1,1,1
59,71812.99,27.0,7,0.3433,1,0.2683,14461.15,1,1,7741.92,1,1,1
74,35474.78,19.0,6,0.1216,0,0.2793,17629.45,5,1,1793.84,0,0,1
24,61497.08,7.0,1,0.3562,1,0.5277,5975.28,2,0,5026.39,0,0,1
39,31353.42,0.0,14,0.5426,0,0.4715,4584.36,1,4,12863.56,0,0,0
72,61498.95,25.0,10,0.0787,1,0.4778,19992.9,7,1,24842.05,0,1,1
50,56330.3,24.0,8,0.5781,0,0.4404,11764.69,9,1,9644.91,0,0,0
34,34478.5,9.0,1,0.4899,0,0.5453,24570.54,2,4,1742.59,0,0,0
41,93954.59,11.0,4,0.4064,1,0.32,19971.7,8,2,3864.9,0,0,1
51,12359.1,6.0,6,0.1927,3,0.3637,17765.16,5,0,6460.39,0,0,0
45,51459.48,11.0,6,0.1797,2,0.4265,30401.68,6,3,16408.88,0,0,1
60,33927.36,16.0,7,0.0735,0,0.7737,10442.76,7,3,6347.69,0,0,1
58,100855.05,4.0,14,0.0748,2,0.317,11221.37,4,0,5407.09,1,0,1
56,69959.95,13.0,11,0.6032,0,0.2971,20115.29,3,2,2405.69,0,1,0
39,38767.24,33.0,12,0.1635,1,0.1698,14625.79,2,3,5538.81,0,1,1
66,48007.12,16.0,14,0.062,2,0.4241,9318.19,1,1,3070.2,0,1,0
34,101531.43,34.0,5,0.5392,2,0.4916,9766.26,4,2,6649.36,1,1,0
51,31343.11,,5,0.1419,0,0.1653,4438.44,6,4,13231.9,0,0,1
23,10888.8,14.0,4,0.1655,2,0.4538,15785.82,3,0,23309.37,0,1,0
63,62275.17,18.0,6,0.4527,2,0.2816,20544.78,3,3,13268.93,0,0,1
23,62841.01,4.0,7,0.2054,1,0.36,14438.2,8,0,14096.05,0,0,1
51,71650.86,18.0,10,0.1583,0,0.2836,21246.02,5,4,3545.24,1,0,1
18,71815.64,4.0,10,0.1718,2,0.5262,14541.4,2,3,9512.76,0,0,0
27,99267.64,11.0,1,0.1831,0,0.3279,12654.72,9,0,3929.38,1,0,1
38,12046.56,18.0,9,0.4089,2,0.5837,17539.43,1,4,196.24,0,0,0
22,24929.92,11.0,14,0.2654,0,0.3744,13099.94,6,1,17270.86,0,1,1
19,71555.08,11.0,8,0.1499,2,0.1801,14521.05,5,4,429.66,1,1,1
39,27359.36,17.0,7,0.1476,1,0.7912,14264.89,3,2,982.1,1,1,0
65,18585.3,33.0,9,0.2215,1,0.315,4503.79,1,2,148.5,1,0,1
74,101646.11,32.0,3,0.4137,0,0.2439,17226.16,1,4,557.0,0,1,1
19,14501.45,17.0,10,0.1831,3,0.3568,5905.62,5,1,486.61,1,0,0
27,46218.2,28.0,4,0.1201,1,0.3386,11957.56,7,0,9048.42,1,1,1
51,53515.81,4.0,7,0.0885,2,0.5761,31704.27,8,0,15365.77,0,1,1
33,87728.42,24.0,6,0.3049,0,0.488,23701.0,3,1,12744.11,0,0,1
65,10000.0,23.0,14,0.2084,0,0.3287,9258.39,7,3,7874.1,0,0,0
68,65386.88,28.0,13,0.1198,1,0.4098,7299.61,8,4,12334.07,0,0,0
56,32740.57,,2,0.1197,1,0.5929,11996.61,3,2,4878.76,0,1,1
39,70690.28,9.0,2,0.1585,0,0.4069,16729.89,8,2,18950.3,1,0,1
29,32329.81,32.0,10,0.0956,3,0.5165,1000.0,5,2,4928.14,0,1,1
41,94307.66,22.0,7,0.5926,0,0.2814,11783.49,5,0,228.94,0,0,1
64,32475.75,10.0,9,0.2937,0,0.3439,24366.97,8,0,9698.05,0,1,1
57,10000.0,23.0,11,0.0803,2,0.4666,12552.24,6,1,14210.31,1,0,1
55,35278.77,23.0,12,0.4929,1,0.4434,7233.28,6,3,2034.8,1,0,0
27,48467.5,6.0,9,0.2217,2,0.375,5265.0,6,4,,0,0,0
52,82058.85,20.0,7,0.5558,1,0.5462,5151.69,1,2,9498.56,1,1,1
68,23539.63,19.0,11,0.2462,3,0.541,25206.3,1,1,6823.1,0,0,1
66,,9.0,8,0.1502,4,0.4127,16789.44,3,3,17655.99,0,0,0
49,79014.45,24.0,10,0.5104,0,0.4963,14461.27,2,0,5195.71,1,0,1
24,20619.37,14.0,3,0.2858,0,0.4509,21775.44,9,2,8928.98,1,1,0
38,50525.41,5.0,1,0.2496,1,0.2045,21449.73,2,4,2535.65,1,0,0
37,51033.72,1.0,7,0.2415,1,0.2292,14363.25,4,2,21209.57,1,0,1
43,60439.49,11.0,8,0.1902,1,0.3015,19227.98,7,2,3693.71,0,1,1
21,36253.79,3.0,2,0.0637,2,0.3585,4959.72,7,4,6204.07,0,1,1
63,31825.14,22.0,9,0.2583,1,0.4555,14218.02,6,1,7666.96,1,1,1
69,63372.36,12.0,4,0.3091,1,0.2673,14016.09,5,4,2347.17,0,0,0
39,32600.1,16.0,10,0.4035,1,0.2804,3807.59,6,4,3047.09,1,0,1
32,21000.77,30.0,11,0.5122,0,0.4915,11837.47,3,0,5584.09,0,1,1
73,85695.0,15.0,9,0.3621,1,0.5255,30913.15,7,1,2527.15,0,0,1
57,67202.38,25.0,13,0.4106,0,0.855,18509.61,6,1,1115.5,1,0,0
38,99187.56,27.0,3,0.3289,2,0.2453,14201.82,4,3,14491.89,0,1,1
32,74599.19,0.0,8,0.0294,0,0.2929,6274.44,2,3,3141.09,0,0,1
39,23296.41,11.0,11,0.2034,1,0.2183,28912.34,1,0,4302.64,0,0,1
69,57409.23,19.0,2,0.341,2,0.4963,23070.71,9,0,6337.84,1,0,0
45,29609.29,1.0,14,0.3956,1,0.2227,20251.46,8,3,14782.59,0,0,1
31,13709.76,14.0,3,0.3021,4,0.2938,11619.14,4,3,1209.56,0,0,1
44,43820.02,21.0,1,0.2774,0,0.2296,1000.0,1,1,7867.01,1,0,1
58,79538.32,31.0,5,0.7813,1,0.6515,25731.85,4,3,3459.54,0,1,0
57,61872.82,19.0,4,0.3458,0,0.2415,26065.62,5,4,16293.8,0,0,0
45,,32.0,13,0.2783,0,0.7401,14901.71,1,2,8658.55,1,0,1
43,42941.46,14.0,1,0.4132,3,0.5322,4481.09,9,4,1255.02,1,0,0
66,51428.34,2.0,10,0.3287,1,0.2619,17890.08,7,3,2818.47,0,1,1
19,12772.19,28.0,9,0.3671,0,0.1433,13316.81,7,2,294.64,1,0,0
42,72829.31,26.0,6,0.0567,0,0.5279,27686.34,1,0,11776.96,0,1,1
73,49281.62,4.0,6,0.1052,1,0.7114,14832.03,9,3,4258.97,0,0,1
20,20235.13,30.0,14,0.4141,0,0.3942,14016.85,8,3,399.18,0,0,1
25,18820.66,21.0,11,0.1422,0,0.5299,11214.29,6,0,108.38,0,1,1
61,82516.6,34.0,2,0.391,1,0.4588,12227.74,4,3,24906.55,1,0,1
50,45479.67,6.0,14,0.132,2,0.3585,6161.11,6,2,15302.54,1,0,0
59,84758.8,5.0,7,0.2812,2,0.3125,23247.69,4,0,3257.04,0,0,1
69,94303.89,25.0,12,0.1222,2,0.4241,4793.08,2,0,,0,0,1
52,80561.21,0.0,12,0.1562,4,0.3108,14006.53,9,1,6862.4,0,0,0
23,41664.21,18.0,9,0.1952,1,0.4082,17643.51,2,3,5793.64,0,1,1
56,10000.0,6.0,6,0.2451,2,0.5292,2114.44,7,1,2945.36,0,0,0
69,62824.91,11.0,11,0.1135,5,0.3029,10464.55,3,2,3961.87,0,0,1
40,107289.41,19.0,8,0.1102,1,0.4377,16362.13,4,2,1599.02,0,0,1
42,54115.25,22.0,12,0.1593,3,0.3815,14486.91,3,0,270.23,0,0,1
67,10000.0,24.0,5,0.2669,0,0.6378,14817.06,3,1,1344.73,0,0,0
60,38128.04,29.0,2,0.2313,2,0.6186,3874.07,6,3,105.16,0,0,1
36,50406.67,28.0,13,0.4673,0,0.2846,5053.5,6,2,4540.13,0,0,1
22,27550.29,30.0,4,0.3015,1,0.235,19985.14,2,1,8651.51,1,1,1
68,10000.0,17.0,12,0.1273,1,0.2068,22810.09,1,0,1596.75,0,1,1
28,52553.73,18.0,1,0.6024,1,0.3404,24229.24,6,4,6107.11,0,0,0
73,35378.09,3.0,1,0.1643,1,0.2922,14580.74,1,0,3143.97,1,0,1
29,99317.29,0.0,6,0.2527,1,0.2006,19810.48,6,0,1022.61,0,1,1
27,57525.84,14.0,2,0.0933,3,0.5221,2573.91,6,1,1091.95,1,0,0
25,66739.47,7.0,6,0.6285,1,0.626,4685.83,1,4,7701.09,0,0,0
41,52022.85,14.0,1,0.4705,0,0.4851,12048.13,5,3,1001.86,1,0,1
45,57343.33,14.0,11,0.2436,0,0.2769,14133.76,4,0,6446.23,1,0,1
58,13692.52,21.0,10,0.0959,1,0.1982,11332.52,6,0,1691.92,1,0,1
53,28995.84,17.0,3,0.3545,5,0.3994,12453.92,8,4,16087.21,0,0,0
54,82215.37,15.0,14,0.2385,1,0.1351,5071.81,1,3,410.18,0,0,1
38,60236.55,,9,0.2737,2,0.3537,10230.26,2,0,3916.25,1,0,0
25,45037.33,19.0,2,0.4627,0,0.2535,4092.85,2,0,11467.42,1,1,1
72,67154.28,15.0,8,0.4735,1,0.2954,24144.34,9,1,11063.3,1,0,1
26,67646.55,2.0,6,0.1584,3,0.2792,6470.39,6,1,1251.16,1,0,0
64,104772.37,29.0,12,0.3764,0,0.2633,20403.49,9,2,1752.47,1,0,1
32,59076.66,1.0,6,0.1509,1,0.5729,14505.33,4,1,6323.04,0,0,1
65,28437.31,34.0,7,0.1881,2,0.6605,19158.9,9,3,9222.54,1,1,1
63,52107.59,25.0,5,0.2201,0,0.1619,15402.47,9,2,,0,1,1
57,70189.14,4.0,12,0.1098,1,0.3002,11110.6,1,1,7752.23,0,0,1
35,79891.48,1.0,11,0.2644,2,0.2933,11585.64,9,4,12227.18,1,1,1
59,14624.2,19.0,4,0.2241,0,0.5895,22687.44,5,1,4636.83,1,0,0
37,61342.67,33.0,6,0.6776,1,0.3422,8924.74,7,1,6578.92,1,0,1
23,32568.63,33.0,8,0.5398,0,0.16,12679.11,5,1,4542.44,0,0,1
29,40834.2,19.0,4,0.374,1,0.0941,28451.75,2,0,11448.52,0,0,1
19,76145.99,24.0,5,0.1411,0,0.4269,12603.02,5,4,1537.15,1,1,0
24,73656.21,19.0,7,0.521,0,0.1681,15115.2,1,2,2327.19,0,0,1
33,38046.19,24.0,6,0.3112,2,0.5505,1191.03,1,0,14503.86,1,0,1
20,51053.95,13.0,13,0.2827,0,0.2556,12985.07,2,4,,1,1,1
62,41597.96,11.0,4,0.5035,2,0.2946,14086.12,4,2,10629.35,1,0,1
20,127292.57,4.0,13,0.2699,1,0.3675,12710.63,9,1,835.12,0,0,0
44,61958.95,1.0,4,0.5868,1,0.5949,18595.34,6,0,5299.48,0,0,1
67,34012.96,15.0,10,0.0831,1,0.4592,13925.2,9,2,6647.14,0,0,1
60,88054.18,29.0,4,0.2609,1,0.6114,9087.78,5,1,12110.13,0,0,1
57,88936.53,23.0,1,0.1553,1,0.468,11178.21,9,0,4388.66,1,0,1
55,99791.77,29.0,5,0.2183,3,0.4105,18508.81,1,2,6224.58,0,0,1
50,107199.84,10.0,8,0.557,1,0.4623,4547.5,1,2,2177.98,0,0,0
45,72692.87,13.0,7,0.2347,0,0.4427,12902.46,6,0,14276.17,0,0,1
18,46253.71,22.0,5,0.0924,0,0.3473,15768.32,2,0,19617.11,0,0,1
72,49934.58,15.0,3,0.0513,3,0.4399,25701.0,7,2,4991.38,1,0,1
25,47698.12,20.0,11,0.2973,2,0.2459,27347.45,9,3,4599.36,0,0,1
54,44906.12,3.0,1,0.3963,1,0.3963,18909.19,7,1,3183.13,0,1,1
49,85998.42,32.0,13,0.2024,2,0.4136,14279.42,9,2,2482.97,0,1,1
65,55018.02,13.0,7,0.4284,2,0.1056,24661.92,4,0,6448.32,0,1,1
60,79285.55,18.0,13,0.2207,2,0.3804,22797.28,7,2,1478.78,1,0,1
54,,4.0,11,0.3009,0,0.2764,18105.42,1,0,7119.49,1,0,0
21,27533.63,30.0,3,0.0842,1,0.1998,21525.25,6,1,6591.84,0,0,1
47,12070.58,17.0,4,0.2917,2,0.5336,11938.98,9,0,9475.08,1,1,0
23,24083.43,30.0,14,0.5251,2,0.2013,3784.74,6,0,2046.83,0,0,1
63,44332.34,29.0,5,0.3307,3,0.1549,21669.47,7,3,,1,0,1
71,58358.2,20.0,13,0.0788,0,0.1654,12946.13,1,0,136.55,1,0,1
36,38792.49,29.0,12,0.3486,1,0.3939,15384.92,4,4,6115.9,1,0,0
49,72576.63,3.0,8,0.1058,0,0.3462,16121.71,7,4,14866.88,1,0,1
26,41807.87,4.0,13,0.1614,1,0.3977,22533.71,6,3,10409.88,0,0,0
29,61423.94,9.0,7,0.5407,0,0.5516,9693.48,9,1,,0,0,0
28,57939.54,26.0,9,0.2821,2,0.1388,3355.41,4,1,1284.6,1,1,1
63,98360.83,15.0,11,0.3654,1,0.5906,16977.5,3,0,10152.17,1,0,1
72,30618.98,29.0,3,0.1989,2,0.6115,24534.24,1,3,5065.09,1,0,1
33,110210.48,12.0,14,0.3338,1,0.4113,3885.66,8,3,3122.64,1,1,1
18,40141.25,20.0,11,0.08,0,0.3712,16407.16,1,3,3517.51,0,0,1
62,21498.58,14.0,10,0.2128,4,0.2233,17268.69,5,4,860.16,0,0,0
72,49577.13,19.0,1,0.6055,2,0.3149,29405.81,2,1,9550.93,0,0,0
70,136003.48,19.0,1,0.0912,4,0.337,19239.58,6,4,7995.13,0,1,1
38,77380.13,4.0,12,0.1299,1,0.6082,6224.69,8,1,1324.86,0,1,1
47,70074.1,31.0,10,0.7015,3,0.3108,18373.99,4,2,6286.01,1,0,1
30,74879.67,5.0,13,0.3585,2,0.2371,16049.21,1,0,1111.06,1,1,1
51,35760.16,29.0,14,0.2356,0,0.5327,17750.06,7,2,3007.4,0,0,1
21,63151.11,25.0,1,0.2953,3,0.423,1596.85,5,0,361.0,1,0,0
45,55062.56,12.0,2,0.0756,2,0.342,5595.9,2,0,7763.25,1,0,1
55,100226.67,28.0,2,0.3038,0,0.314,6660.45,6,3,100.12,0,0,1
48,52282.81,4.0,7,0.2425,2,0.127,29696.48,6,4,2416.79,1,0,1
72,45543.09,24.0,9,0.755,2,0.2333,15385.87,5,4,2481.56,0,0,0
44,25880.02,12.0,8,0.5853,2,0.2495,7578.74,6,1,11037.91,0,1,1
22,58500.36,23.0,4,0.2092,2,0.4139,17032.72,9,3,4791.85,1,1,1
42,62323.8,30.0,2,0.4539,3,0.1855,16728.38,9,4,6811.78,0,1,1
20,24960.3,19.0,3,0.1174,0,0.4043,18497.24,7,1,2291.79,0,1,1
50,66329.09,7.0,10,0.311,1,0.3459,6220.3,3,1,6346.0,0,0,1
21,,8.0,5,0.1571,0,0.0881,16957.65,9,1,1292.65,1,0,1
42,80336.14,20.0,9,0.2327,3,0.6014,11698.91,7,4,38997.19,0,0,0
37,85309.2,19.0,8,0.2602,3,0.1434,9164.48,4,0,5821.47,0,1,1
51,57356.98,14.0,13,0.0805,2,0.2868,25134.06,1,3,16920.88,1,0,1
43,29090.88,25.0,12,0.2271,2,0.4874,25818.91,6,3,893.64,1,0,1
22,34234.46,10.0,14,0.7319,0,0.393,17154.66,6,1,7140.99,0,1,0
52,99053.19,10.0,3,0.1251,1,0.5437,10759.45,6,1,8894.79,0,0,1
45,59137.23,26.0,9,0.1726,1,0.3461,15886.99,4,1,12445.42,0,0,1
46,98653.84,29.0,10,0.0995,1,0.3421,1000.0,9,1,5322.97,1,0,1
26,67465.12,18.0,3,0.2438,1,0.2765,27005.12,5,1,293.99,1,0,1
69,73843.39,33.0,10,0.1362,0,0.2406,27676.08,1,1,2421.7,0,0,1
55,78468.09,22.0,12,0.3997,1,0.1784,27348.5,4,3,2634.84,0,0,1
67,24421.53,0.0,14,0.4012,1,0.4099,8213.68,3,1,3066.92,1,0,0
23,62673.77,2.0,8,0.5672,2,0.0387,14847.09,8,0,773.87,1,1,1
36,24075.03,2.0,1,0.3162,1,0.2339,25197.15,6,2,5.07,0,0,1
61,47877.19,27.0,4,0.3996,3,0.2668,3518.34,7,4,5866.57,0,0,0
74,71004.24,13.0,4,0.2554,2,0.4521,16774.86,2,4,10678.19,0,0,1
28,29366.65,29.0,6,0.2336,0,0.0639,11280.89,1,3,2092.0,1,0,1
19,68983.43,4.0,12,0.3246,3,0.3278,1000.0,2,4,9468.27,0,0,1
64,17540.78,14.0,12,0.0207,4,0.0411,19278.07,6,1,10507.96,0,0,1
61,83583.0,13.0,2,0.3244,0,0.2504,16598.04,5,0,4237.9,0,0,1
61,38389.07,13.0,7,0.4071,3,0.3707,15718.64,8,3,5956.33,1,1,1
26,29322.06,7.0,5,0.0943,2,0.6922,6016.93,4,3,3014.99,0,0,0
38,19116.1,7.0,10,0.4409,1,0.3353,24265.0,3,0,3762.89,0,1,1
41,40516.15,18.0,6,0.2459,0,0.2678,18158.45,4,1,7115.35,0,1,1
51,10000.0,31.0,11,0.0743,2,0.1488,18562.92,9,3,3594.32,0,0,1
39,41290.02,30.0,14,0.1464,2,0.2556,22618.12,8,0,5562.61,0,0,1
20,82487.18,28.0,6,0.3042,1,0.3142,19690.54,8,1,10893.31,0,0,1
29,50282.21,10.0,14,0.3907,1,0.3358,9880.99,6,0,26729.02,0,1,1
45,25562.03,12.0,14,0.1007,1,0.4249,19058.19,5,1,17735.52,1,0,1
47,60656.58,,12,0.4103,2,0.4841,15690.98,8,4,19673.77,1,0,0
43,,18.0,14,0.3737,0,0.4523,15549.0,4,0,19372.52,1,1,1
65,103915.25,25.0,11,0.3543,2,0.3649,19816.13,6,1,2211.63,1,0,1
38,74768.03,8.0,6,0.3262,0,0.7128,6900.74,9,2,23411.22,0,0,0
45,62639.95,27.0,10,0.4817,0,0.2701,1000.0,3,4,2011.98,1,0,1
73,77626.66,31.0,12,0.2501,0,0.2985,12288.54,9,3,15973.48,0,0,1
43,51640.47,2.0,8,0.4196,2,0.3539,1878.86,8,0,6960.68,0,0,0
50,53114.67,31.0,10,0.1519,1,0.2551,11919.65,3,1,14595.6,1,0,0
38,96473.51,4.0,4,0.124,1,0.2957,1513.41,7,3,32240.15,0,1,1
52,14110.52,7.0,10,0.396,0,0.1315,15582.3,5,3,16680.64,0,0,1
69,79198.64,13.0,8,0.4452,1,0.5566,14116.0,7,3,13564.49,0,0,0
51,52230.21,2.0,9,0.5804,1,0.3481,14365.46,4,3,1850.46,1,0,0
58,47712.76,23.0,13,0.3319,0,0.6662,19541.13,3,1,15723.57,0,1,0
68,41177.6,12.0,13,0.7532,2,0.2633,23982.27,7,1,1449.85,1,0,1
64,58841.85,28.0,4,0.2977,1,0.1763,10268.66,6,2,5751.3,0,0,0
35,53911.76,7.0,1,0.1369,0,0.5068,16737.85,5,2,5582.79,0,0,1
28,44632.44,30.0,3,0.6915,1,0.2864,16823.36,4,1,5850.8,0,1,0
74,37433.56,25.0,1,0.5023,2,0.1039,3242.74,6,1,10274.12,0,0,1
40,10000.0,17.0,7,0.3209,1,0.2793,22154.86,1,2,4033.89,0,0,1
65,36904.91,17.0,12,0.3384,0,0.6791,7668.37,8,1,4879.95,1,0,0
39,42192.62,6.0,1,0.1758,1,0.3924,8962.34,6,0,8607.47,0,0,1
34,58780.78,15.0,11,0.0809,0,0.3887,12441.52,5,0,9174.94,0,1,1
22,104077.15,32.0,4,0.2397,3,0.6588,6580.29,8,0,4603.37,1,0,1
61,39601.1,2.0,13,0.1209,1,0.2694,8216.48,4,0,428.42,1,0,1
28,29406.73,3.0,14,0.2628,1,0.5869,18819.28,2,3,2398.97,1,0,0
47,37137.6,3.0,1,0.3032,4,0.4035,5474.13,5,0,23061.41,1,0,0
32,58833.62,8.0,13,0.4013,3,0.5605,22359.9,7,2,20983.39,0,0,0
44,,16.0,13,0.4353,2,0.1229,7392.6,5,3,8390.55,0,0,1
52,73208.63,16.0,2,0.1272,1,0.2544,21278.13,7,2,1638.87,0,0,1
50,75692.7,32.0,11,0.4392,1,0.4474,18381.31,2,4,804.83,0,0,1
37,79230.76,19.0,14,0.3211,3,0.4663,6553.02,1,4,23890.38,0,1,0
33,,13.0,1,0.1153,3,0.098,7280.02,3,1,16519.12,0,0,1
51,106328.5,21.0,13,0.1939,1,0.371,19534.38,1,3,4059.02,1,0,0
19,46130.79,26.0,5,0.1705,1,0.3392,23343.99,3,0,7945.42,1,0,1
52,57733.51,2.0,7,0.3255,3,0.4107,15263.22,3,4,19641.41,1,1,1
57,87395.68,23.0,3,0.2431,1,0.2821,24047.55,8,3,1189.43,0,1,1
73,69160.63,29.0,14,0.2887,2,0.5341,24507.26,5,0,8090.58,1,1,1
45,10000.0,7.0,8,0.2561,1,0.5588,7986.0,3,4,20154.54,1,1,0
64,55140.9,21.0,14,0.0998,0,0.3427,25454.91,5,1,14488.72,0,0,1
56,76549.12,24.0,5,0.4946,0,0.1964,20324.61,8,2,2707.63,0,0,1
23,21413.24,9.0,5,0.2963,3,0.1452,8294.59,1,1,24300.3,0,0,1
26,73767.32,28.0,13,0.1989,4,0.3271,10283.64,7,4,1816.84,1,0,0
37,64753.85,0.0,5,0.2385,3,0.2375,24047.14,5,2,1871.35,0,0,1
18,84598.01,20.0,8,0.3485,1,0.3624,27030.43,4,4,812.79,0,0,1
25,,23.0,2,0.3414,7,0.2826,13580.5,3,4,1005.58,0,1,0
72,79897.34,8.0,2,0.4199,0,0.1681,33852.76,7,0,11472.23,0,0,1
40,58990.21,25.0,14,0.4195,2,0.2387,27400.48,2,3,2582.2,0,1,1
20,99151.26,8.0,12,0.0586,0,0.3027,20611.68,8,2,16268.4,0,0,1
21,124651.25,19.0,8,0.1492,1,0.4245,19735.2,4,1,15593.22,1,0,1
42,93458.26,34.0,9,0.3133,2,0.4485,19879.52,2,2,990.74,1,1,0
64,67012.97,8.0,11,0.5849,2,0.4981,2750.21,2,3,6080.29,1,1,0
55,113025.1,21.0,12,0.1433,0,0.593,10354.15,1,3,10759.98,0,0,1
32,70086.95,0.0,10,0.3393,3,0.4008,14776.55,8,3,9181.79,0,0,0
38,32301.36,4.0,10,0.1659,1,0.518,12182.58,8,0,875.57,1,0,1
52,54018.17,8.0,2,0.3308,2,0.0548,20289.51,6,4,,1,0,1
74,74041.8,18.0,4,0.1675,2,0.4399,16518.2,2,1,7573.51,1,0,1
70,75648.85,7.0,8,0.4542,1,0.4625,19802.31,3,1,7023.03,1,0,0
70,26868.38,31.0,2,0.3626,1,0.4651,13583.53,9,1,13457.22,1,0,1
63,27661.69,12.0,4,0.3874,1,0.4723,25754.72,7,2,461.7,1,0,0
69,46467.25,19.0,10,0.2733,1,0.2979,16916.6,5,0,5236.91,0,0,1
31,68363.59,29.0,13,0.0512,2,0.0675,13401.2,5,0,15121.09,1,0,1
53,,9.0,13,0.2696,2,0.2815,20599.76,7,1,40485.22,1,0,1
29,58532.63,30.0,1,0.3203,1,0.2346,21217.59,1,1,1100.27,1,0,1
34,34139.28,24.0,2,0.1659,1,0.4834,15893.08,1,3,,1,0,1
56,98423.57,28.0,7,0.228,2,0.3432,3150.86,3,2,10.66,1,1,1
26,28198.55,23.0,1,0.4636,2,0.2675,22991.71,9,3,3440.48,0,0,1
52,87558.52,,12,0.3407,1,0.2123,2430.88,8,4,4706.71,0,0,1
30,73470.58,8.0,1,0.0865,1,0.416,4522.97,3,3,3395.53,0,1,1
32,87008.31,1.0,2,0.0567,0,0.3514,16053.08,8,4,7836.17,1,1,1
35,43889.17,3.0,4,0.4196,1,0.271,11730.1,4,4,123.99,0,0,0
68,51433.65,7.0,7,0.2499,1,0.4493,15876.06,7,3,19110.12,0,0,0
50,56376.06,31.0,4,0.1029,1,0.5681,26974.69,2,1,3067.98,1,1,1
23,43090.06,13.0,5,0.1042,0,0.334,18636.61,5,3,1303.56,1,1,1
44,60631.46,12.0,4,0.2384,3,0.4213,9314.65,5,4,4541.87,1,1,1
40,94477.24,20.0,4,0.3395,1,0.1932,22189.89,5,0,5772.14,0,0,0
44,22579.15,23.0,9,0.1758,1,0.5504,4182.54,9,4,427.37,0,0,1
51,38569.71,17.0,6,0.2011,1,0.328,10295.41,9,2,12838.79,1,1,1
73,35856.37,25.0,12,0.1771,0,0.2617,14953.18,2,0,10698.3,1,0,1
63,52639.54,31.0,3,0.234,1,0.5247,10607.97,9,3,5736.17,0,0,1
55,51611.84,32.0,6,0.1741,2,0.3723,20820.01,1,4,1646.0,0,1,1
31,74307.86,30.0,13,0.0765,0,0.697,15602.81,5,0,20892.61,0,1,1
53,55843.08,17.0,7,0.1894,1,0.4975,17656.03,1,1,12645.84,0,1,1
70,62572.08,34.0,7,0.1528,0,0.6643,16295.76,3,3,2129.59,1,0,1
25,64961.2,11.0,8,0.2893,2,0.3843,22767.66,6,4,10654.03,1,0,1
52,61135.1,24.0,13,0.3651,1,0.2811,7374.57,9,2,855.03,0,0,1
36,72582.83,30.0,4,0.0592,3,0.2122,2155.19,4,1,1008.54,0,1,1
47,51941.92,9.0,1,0.1629,1,0.406,21213.18,2,2,4704.38,0,0,1
31,96159.21,33.0,6,0.4111,1,0.6016,9545.81,5,0,9677.95,1,0,0
37,118540.5,2.0,8,0.4167,2,0.4299,7460.55,1,2,19940.13,1,0,0
66,72655.77,7.0,5,0.2538,1,0.3184,16415.89,7,4,28320.53,0,1,1
42,,31.0,13,0.1115,1,0.5626,17109.79,2,4,9418.88,0,1,1
57,70614.56,28.0,3,0.314,0,0.225,24069.17,8,2,12230.26,1,0,1
41,27474.17,21.0,4,0.2624,1,0.4931,16103.53,9,0,5714.06,0,1,0
31,59502.64,19.0,8,0.0561,0,0.497,15509.05,2,4,460.32,0,0,1
43,36716.88,5.0,6,0.1259,1,0.2653,9843.14,2,4,1070.94,0,1,1
55,67749.42,28.0,13,0.1756,5,0.5996,27304.49,9,2,28264.49,0,0,0
40,36841.02,16.0,13,0.6418,2,0.2701,24285.04,8,2,3993.83,1,0,0
39,46380.56,30.0,5,0.3158,1,0.1306,1189.0,7,0,11822.74,1,1,1
65,10000.0,33.0,13,0.1406,3,0.4051,26448.78,1,1,1992.51,0,0,1
74,25668.86,3.0,9,0.5927,1,0.1889,10487.69,9,3,6089.9,1,0,1
36,63871.85,1.0,10,0.1545,0,0.3734,23753.88,4,3,1325.5,1,1,1
63,33278.85,11.0,3,0.2786,3,0.5109,18308.08,6,3,13232.45,0,1,0
68,81594.35,34.0,7,0.5336,1,0.3729,22929.95,2,2,1472.01,1,1,1
20,31152.77,5.0,9,0.3651,0,0.5735,22360.25,5,4,9791.69,0,0,0
59,66331.36,7.0,11,0.3133,1,0.2294,18759.32,1,4,1308.72,0,0,1
36,35953.11,20.0,13,0.4557,0,0.3672,20757.75,5,1,13659.25,0,0,1
26,64636.74,34.0,11,0.2927,0,0.3971,8428.4,8,4,5591.98,1,0,1
45,16630.32,14.0,12,0.1635,0,0.2292,40246.06,5,2,4254.04,1,0,1
37,43670.43,6.0,4,0.0817,1,0.4192,9447.02,7,0,3285.21,0,0,1
62,,14.0,10,0.7296,0,0.5258,18314.48,8,0,9311.0,1,0,0
24,77080.81,5.0,10,0.2318,0,0.4211,15800.58,1,3,737.38,0,0,0
31,66556.56,16.0,3,0.4958,1,0.3857,18259.15,8,3,15514.51,0,1,1
26,24185.6,3.0,1,0.4811,1,0.4199,6661.22,1,0,11458.52,0,1,0
72,49920.48,21.0,9,0.2201,0,0.6075,15205.21,8,3,3733.81,1,0,1
74,35692.05,31.0,13,0.3295,1,0.2507,8525.38,2,3,30401.75,0,0,1
36,78756.43,21.0,1,0.4068,2,0.5185,1702.89,4,1,14273.26,0,0,0
64,86788.1,26.0,2,0.3086,0,0.1271,11573.57,1,0,2526.68,0,0,1
69,18958.87,14.0,9,0.6883,0,0.2931,29393.2,1,1,17495.26,1,1,0
31,75667.57,21.0,5,0.1528,0,0.5518,10684.23,4,3,833.75,0,0,1
73,34417.6,27.0,4,0.4087,0,0.4636,18524.27,4,4,9358.42,0,1,1
55,48677.08,8.0,9,0.3803,1,0.271,19217.95,4,3,1126.46,0,0,1
70,55806.36,33.0,9,0.1933,0,0.3297,22142.45,8,3,29812.54,0,0,1
53,100415.15,8.0,2,0.3121,0,0.5769,16526.86,4,1,407.81,0,1,1
57,29903.76,14.0,3,0.7422,1,0.3676,21924.14,5,2,2119.66,0,0,0
34,75868.74,19.0,12,0.5789,1,0.3181,18968.03,2,2,6042.38,1,0,1
47,25712.39,7.0,3,0.2066,2,0.3798,27793.74,9,4,7015.84,1,0,1
26,23985.16,,5,0.3617,0,0.7637,8436.71,7,3,5754.52,0,1,1
50,55711.59,18.0,13,0.2482,1,0.3356,22901.9,1,2,10779.6,0,0,1
73,55543.24,15.0,3,0.1997,2,0.1769,17864.5,4,4,12.45,0,0,1
69,10000.0,10.0,10,0.487,1,0.5728,10980.0,7,3,6637.54,0,1,0
42,83989.91,7.0,6,0.2581,2,0.2278,14874.88,9,0,7635.16,0,0,1
31,10000.0,32.0,2,0.3905,1,0.4301,29251.72,4,4,1876.41,1,0,1
28,51351.56,9.0,6,0.3782,0,0.5427,14497.62,7,2,8610.19,0,1,1
70,88190.39,17.0,6,0.2606,2,0.3689,22569.84,8,3,8490.1,1,1,1
52,110229.6,34.0,2,0.3266,3,0.2805,17311.86,8,4,6042.82,0,1,1
58,45923.75,2.0,6,0.7892,1,0.3091,26008.12,3,1,2401.16,0,1,1
31,19176.27,26.0,6,0.4966,2,0.4201,13963.43,5,4,4310.56,1,1,1
47,87263.71,27.0,6,0.0781,1,0.4196,23462.76,7,2,2544.54,1,0,1
58,76628.91,5.0,12,0.3526,0,0.359,12584.14,6,3,11747.84,1,0,1
21,42775.19,13.0,13,0.3215,1,0.4613,17014.01,8,0,7711.26,0,0,1
21,39606.56,6.0,14,0.5154,1,0.6567,5672.05,2,0,,0,1,0
45,37065.2,9.0,5,0.3978,2,0.1554,7353.59,8,4,6707.42,0,1,0
25,46385.34,14.0,7,0.4438,1,0.2122,15388.24,9,1,18685.73,1,0,1
19,62901.7,30.0,13,0.3507,0,0.1968,14246.0,3,0,14308.44,0,1,1
58,40849.64,28.0,12,0.0456,0,0.5203,2167.62,5,1,17746.3,0,0,1
63,44010.49,16.0,5,0.2883,1,0.2151,17106.21,8,4,19912.08,0,0,1
39,71031.98,28.0,11,0.2026,2,0.3767,16414.54,5,3,1668.09,0,1,0
58,17939.65,14.0,1,0.275,2,0.4011,7789.46,2,3,10173.22,0,0,1
73,45601.61,25.0,12,0.1084,1,0.271,23209.17,4,0,8270.77,1,1,1
72,13101.47,11.0,9,0.3728,3,0.7539,15484.18,9,0,271.68,1,1,0
33,57710.31,24.0,3,0.2107,0,0.1186,7373.6,9,0,12048.03,1,1,1
46,10000.0,4.0,2,0.262,5,0.4676,21296.73,8,0,1857.4,1,0,0
66,77250.25,3.0,10,0.0841,1,0.2576,1000.0,6,4,19912.18,1,1,1
65,22134.07,30.0,6,0.2857,4,0.2487,1886.69,5,1,14427.98,0,1,1
47,10685.54,2.0,8,0.2649,2,0.0592,3921.91,5,2,11719.01,1,1,0
29,45909.67,2.0,2,0.3618,2,0.2616,17062.59,1,4,9546.49,1,0,1
52,97777.68,25.0,4,0.1283,2,0.1942,20072.07,7,0,5080.26,0,0,1
28,72779.81,16.0,2,0.2534,1,0.3544,8284.58,5,0,12789.73,0,1,1
63,10000.0,9.0,12,0.0713,1,0.6371,18111.42,3,0,13684.31,1,1,0
67,21421.87,1.0,12,0.1533,0,0.2601,26060.69,5,2,829.39,0,1,1
38,45109.99,23.0,9,0.1656,3,0.4395,10355.63,1,1,3216.46,1,0,1
38,110958.83,10.0,10,0.7121,1,0.5316,3881.79,4,0,3046.01,0,0,1
22,31526.15,23.0,13,0.1146,1,0.208,33779.21,2,3,1064.75,0,1,1
65,31727.87,34.0,2,0.1498,0,0.3738,16785.74,4,0,29768.07,0,0,1
37,,22.0,10,0.2971,1,0.3559,5421.84,4,2,7008.77,0,0,0
54,59872.68,31.0,2,0.4653,1,0.4191,10907.15,8,2,7128.84,1,0,1
20,81325.0,22.0,14,0.3134,0,0.5169,1000.0,7,2,3856.04,0,0,0
61,36822.51,33.0,13,0.1465,0,0.3839,6511.66,1,2,11711.79,0,1,1
50,52459.1,18.0,5,0.2173,3,0.0811,16090.85,3,4,5164.77,0,0,1
70,87890.8,1.0,12,0.3839,1,0.138,17231.72,8,0,10846.04,0,0,1
26,51378.98,1.0,5,0.2581,1,0.4934,1192.58,3,3,16830.93,0,1,0
26,83076.33,14.0,12,0.1174,1,0.3108,18543.96,6,4,8558.45,0,0,0
21,64681.68,20.0,7,0.2998,2,0.2951,11801.93,2,1,7806.75,1,1,0
52,29009.27,34.0,1,0.8656,0,0.6524,17747.27,2,4,12368.6,0,1,0
34,54592.07,4.0,12,0.0308,1,0.4108,26424.59,3,0,5593.5,0,0,1
51,79534.6,26.0,2,0.2666,2,0.2265,21233.02,3,4,13355.27,0,1,1
41,71735.4,23.0,11,0.0798,0,0.2227,14926.39,8,2,776.48,0,0,1
49,53993.68,6.0,11,0.2354,1,0.2094,12151.77,2,4,2215.8,0,0,1
18,10000.0,5.0,6,0.5792,2,0.5392,7653.94,2,2,20679.08,1,0,0
25,10100.21,32.0,2,0.1524,0,0.2165,4283.17,8,4,1502.15,0,1,1
62,15417.36,16.0,4,0.4275,3,0.2629,8161.84,5,1,4827.4,1,1,0
40,42238.94,29.0,10,0.0603,3,0.8037,21174.18,9,0,5242.53,0,1,1
64,45572.05,7.0,6,0.1018,1,0.4132,12912.99,7,0,4323.66,0,0,1
57,18114.71,6.0,13,0.2491,3,0.1051,1381.59,7,4,16133.78,1,0,1
29,80562.82,5.0,12,0.2354,2,0.1749,10139.38,7,2,11081.91,1,0,0
71,23405.77,3.0,7,0.257,1,0.4938,24624.18,5,1,13294.54,1,0,0
29,20736.02,0.0,10,0.1211,1,0.181,12246.15,8,2,37951.45,1,1,1
63,57205.89,14.0,5,0.1845,1,0.2712,3432.6,8,0,29453.77,0,0,1
64,79347.63,30.0,8,0.3376,3,0.2095,17500.59,3,2,17812.8,0,0,1
32,106371.37,24.0,6,0.3168,1,0.7114,16334.12,8,1,6670.94,0,0,1
58,69563.63,32.0,5,0.4634,0,0.2479,9612.37,5,1,2868.3,0,0,1
36,94495.74,34.0,4,0.2997,0,0.4092,17571.38,3,2,10290.29,0,0,1
43,24698.58,4.0,6,0.1455,2,0.3524,17303.04,9,3,23850.91,0,0,1
69,108993.48,4.0,6,0.2304,1,0.0691,15439.25,4,1,37025.55,1,0,1
46,10000.0,16.0,6,0.2968,1,0.5875,25559.56,6,1,7599.31,1,1,1
39,42404.02,13.0,1,0.1395,2,0.3548,17102.7,3,3,9653.21,0,0,1
57,69016.31,28.0,6,0.2803,1,0.3612,14459.15,3,0,2613.91,0,1,1
38,14869.57,7.0,1,0.6253,0,0.2149,16048.77,5,4,1800.92,0,0,1
68,31823.75,33.0,5,0.5106,0,0.165,16757.78,3,4,8147.47,1,0,1
55,27851.94,0.0,7,0.3717,0,0.127,18310.3,1,4,2040.58,0,0,1
37,47244.47,28.0,1,0.2565,1,0.4984,14511.09,2,4,4024.79,1,0,1
74,90539.57,28.0,13,0.643,0,0.5333,26854.29,6,0,5427.26,0,0,0
46,55420.63,4.0,1,0.0405,0,0.4202,6897.4,2,3,21588.29,0,0,1
68,43423.4,31.0,13,0.2289,0,0.4112,21670.22,8,1,30374.84,1,0,1
21,10000.0,23.0,13,0.0579,1,0.3484,10912.72,6,0,2270.61,0,0,1
72,66668.88,18.0,6,0.0348,0,0.255,15231.93,6,4,1132.34,0,1,1
24,74750.39,11.0,7,0.2309,0,0.6041,24157.85,6,2,2037.92,0,1,1
45,12499.51,0.0,6,0.4311,2,0.0266,19987.9,5,4,5853.25,0,0,1
45,53325.69,6.0,5,0.4339,0,0.1913,15691.37,2,0,12219.7,0,1,0
21,59825.2,16.0,6,0.3253,1,0.3933,14266.09,6,0,5905.0,1,0,0
39,79115.04,33.0,13,0.2427,0,0.3434,5820.97,8,1,21640.71,1,0,1
29,36880.79,6.0,14,0.2986,3,0.6041,25730.97,7,2,8115.99,1,1,0
62,33115.99,16.0,3,0.4238,2,0.1786,15963.86,3,4,5287.83,0,0,0
20,43587.57,2.0,9,0.3056,1,0.5761,18995.43,6,2,11767.6,1,1,0
39,87110.93,28.0,5,0.5616,0,0.4859,25875.04,8,3,24581.17,1,0,0
61,81096.14,21.0,2,0.2855,1,0.5994,12559.28,7,3,3241.62,0,0,1
19,54466.37,28.0,14,0.4229,0,0.3379,6037.98,1,1,2572.67,0,1,1
41,80494.41,4.0,14,0.5857,0,0.2604,9447.73,7,2,1919.83,0,0,0
51,10000.0,29.0,12,0.047,2,0.381,5871.07,4,0,6136.87,0,0,1
44,74791.36,22.0,10,0.1276,0,0.3331,28660.17,3,4,5052.43,0,0,1
72,27030.85,20.0,10,0.2516,1,0.7017,11296.69,8,0,2271.79,0,0,0
58,99175.61,25.0,7,0.7817,1,0.4948,1000.0,2,3,10231.45,0,0,0
18,28393.88,20.0,3,0.3949,0,0.1414,3757.68,7,2,2825.45,0,0,1
25,33680.95,19.0,1,0.3142,2,0.2342,31643.36,6,1,11301.76,0,0,1
40,69060.59,22.0,3,0.1972,1,0.2654,17257.32,8,2,14605.25,0,0,1
55,71473.85,3.0,9,0.4083,1,0.1418,22156.42,4,3,16089.63,0,1,0
23,43841.7,20.0,5,0.1952,0,0.3931,4727.16,2,0,1266.95,0,0,1
39,64285.1,20.0,7,0.506,0,0.4494,23596.19,9,2,2921.56,0,0,1
42,67384.5,0.0,3,0.1391,2,0.5044,4793.93,3,2,5941.42,0,0,1
35,64827.87,14.0,4,0.3749,1,0.3455,13047.56,3,4,14944.88,0,0,1
34,44886.13,16.0,1,0.2086,2,0.1418,17357.58,5,1,4100.72,0,1,1
29,67630.28,13.0,3,0.557,0,0.2271,15157.19,9,1,8627.36,0,0,1
23,90159.26,18.0,7,0.261,0,0.7331,16547.91,1,4,4849.2,1,1,0
43,24362.79,33.0,4,0.4143,0,0.3954,8730.14,4,4,240.5,0,1,1
44,33998.5,5.0,2,0.1935,0,0.3566,13257.12,4,3,3042.45,0,1,1
25,55681.39,5.0,14,0.3546,0,0.4234,6339.43,2,0,11308.34,1,0,0
36,28594.4,4.0,5,0.0753,3,0.1201,26178.78,8,4,10483.36,0,0,1
59,10000.0,6.0,5,0.2428,0,0.7812,14052.51,1,3,17210.11,0,0,0
18,82328.07,32.0,2,0.2137,0,0.5127,6589.65,6,0,7189.27,0,0,1
74,10000.0,12.0,11,0.3135,1,0.3686,29154.8,7,2,11634.56,0,0,0
46,44940.43,0.0,6,0.4473,1,0.3095,11210.64,3,4,4291.41,0,1,1
62,73973.61,12.0,10,0.4581,0,0.5046,21061.55,5,1,3442.58,1,0,0
66,61667.49,26.0,4,0.2158,0,0.421,10906.62,2,1,3322.16,0,1,1
52,45318.77,6.0,14,0.1309,1,0.4757,15645.9,6,2,1385.73,0,0,0
57,27564.01,2.0,1,0.1056,1,0.4124,20447.74,3,2,4606.97,1,0,1
31,63596.7,24.0,3,0.3691,0,0.4535,13287.91,1,2,13315.88,0,0,1
52,30290.14,32.0,14,0.4502,0,0.1008,19188.6,3,3,97.77,1,0,1
65,61648.31,16.0,9,0.5699,1,0.3103,24183.49,9,2,6843.25,0,0,1
62,58522.94,13.0,10,0.3005,0,0.5115,7489.04,7,3,1518.52,0,0,1
37,58775.82,22.0,7,0.1891,2,0.2222,1342.08,4,4,10906.26,0,0,1
73,38992.03,23.0,13,0.5931,3,0.5551,11605.34,7,4,1208.59,0,0,0
66,105875.23,28.0,6,0.3947,0,0.1815,22167.78,6,3,1433.45,1,0,1
30,63955.17,26.0,14,0.1537,0,0.788,10894.67,2,0,348.39,0,0,1
55,48032.28,22.0,1,0.2182,1,0.3433,24328.38,2,0,4676.79,0,0,1
66,61606.76,30.0,9,0.2414,0,0.6959,19704.68,3,4,8342.8,0,0,1
63,35638.46,16.0,13,0.4057,5,0.4244,20231.78,6,4,2726.3,1,1,0
66,45342.39,2.0,9,0.1627,1,0.3406,13960.07,4,0,338.06,0,0,1
25,114798.0,,1,0.3874,1,0.502,9893.08,8,0,21582.4,1,1,0
60,35815.48,14.0,14,0.4658,0,0.4012,13381.2,7,3,15758.6,0,1,0
37,53055.68,5.0,13,0.6045,3,0.2186,15128.41,6,0,4971.27,0,0,1
50,43597.38,9.0,13,0.4125,0,0.3737,14920.91,8,1,13865.39,1,1,0
43,29009.15,31.0,6,0.2266,1,0.244,15790.35,5,0,12922.27,0,0,1
56,65527.12,22.0,7,0.0799,2,0.2487,12485.15,9,0,6597.36,1,0,1
38,55911.8,16.0,2,0.4452,1,0.4947,11894.38,1,1,5986.21,0,0,1
70,77775.68,19.0,10,0.2656,2,0.7426,23935.62,4,2,8422.04,1,0,1
66,75264.45,14.0,8,0.3377,1,0.2185,7583.2,2,1,10244.83,0,0,1
59,77517.69,21.0,8,0.1614,1,0.6763,13428.41,6,4,13754.27,1,0,1
60,32044.92,5.0,6,0.0477,2,0.4804,27234.79,9,4,6835.79,1,1,1
71,71024.02,3.0,9,0.0598,0,0.375,13903.43,8,4,10971.17,1,0,1
58,71631.79,22.0,3,0.3792,2,0.4387,22005.71,9,2,1642.7,1,1,0
26,29473.43,18.0,2,0.2485,1,0.216,10718.71,6,2,10967.23,0,1,1
41,47034.59,30.0,2,0.2801,1,0.405,6880.39,9,4,479.2,1,0,1
54,18597.2,2.0,6,0.3074,4,0.4406,29367.76,6,0,8594.31,1,0,0
66,71740.57,27.0,7,0.4027,2,0.2022,6953.74,5,3,9972.35,1,0,0
58,71625.56,2.0,6,0.4313,3,0.3496,15096.27,3,3,27423.81,0,0,1
34,90759.07,13.0,11,0.5305,2,0.0836,27391.85,3,2,4382.44,1,1,0
41,49280.04,17.0,3,0.4486,2,0.2988,5836.05,9,2,968.76,1,0,1
38,66286.74,26.0,5,0.1727,4,0.4108,20197.68,9,3,3259.38,0,0,1
68,79693.38,9.0,8,0.2768,1,0.0375,19222.86,3,0,4346.7,0,0,1
56,36152.71,14.0,6,0.3398,3,0.2546,15072.43,3,0,11756.97,1,0,1
72,32350.87,18.0,2,0.1004,2,0.2373,29310.33,5,2,1648.7,1,0,1
58,36927.87,8.0,7,0.509,1,0.2298,17161.08,1,0,1488.78,1,0,0
56,46267.61,3.0,8,0.3977,1,0.5934,15955.61,1,3,1985.53,1,0,0
30,33236.14,14.0,4,0.4409,2,0.2876,8298.81,2,2,2100.64,0,0,1
28,38004.31,7.0,12,0.1087,1,0.3482,14542.29,6,1,20593.73,0,0,1
63,77022.88,0.0,1,0.1214,0,0.2204,19890.84,2,2,1398.28,1,1,1
36,52591.33,6.0,2,0.3461,3,0.5475,21821.31,2,4,4261.78,0,0,0
28,62667.46,30.0,4,0.2276,0,0.3544,20755.47,6,0,4130.61,0,0,1
30,41232.08,17.0,7,0.1998,1,0.3246,1756.04,9,0,1091.83,0,0,1
63,39590.86,11.0,2,0.0427,0,0.4637,14689.85,4,3,923.02,1,1,1
62,62138.9,29.0,6,0.6548,2,0.1448,8682.6,3,2,19245.06,1,0,1
18,58151.56,32.0,2,0.2074,1,0.8051,3320.75,2,3,14481.32,0,0,0
57,74449.67,6.0,12,0.5524,0,0.364,10268.45,2,2,21651.73,0,1,1
61,87539.82,27.0,7,0.0587,1,0.558,11549.77,2,2,3051.53,0,0,1
36,37714.69,2.0,2,0.2657,1,0.3771,7356.03,7,1,5980.86,1,0,1
29,76529.61,5.0,3,0.4116,0,0.5029,15185.37,6,0,2363.3,0,0,0
25,28004.85,30.0,9,0.0804,2,0.1675,20901.62,7,4,3979.37,0,0,1
25,106844.47,14.0,13,0.2954,0,0.544,18907.77,3,4,12645.1,0,0,0
70,35342.4,6.0,4,0.2084,1,0.2335,11518.19,2,0,5174.28,0,0,1
62,72265.76,29.0,14,0.3028,1,0.3587,21650.67,5,3,928.63,0,0,1
29,27818.99,26.0,5,0.4918,1,0.2461,9934.29,7,4,25.56,0,0,0
65,51197.73,16.0,9,0.4981,2,0.5336,27622.32,2,1,2154.99,0,0,1
50,93643.33,17.0,7,0.4276,1,0.462,16655.39,6,1,1618.97,0,0,0
62,34557.4,21.0,8,0.2753,0,0.4056,21927.06,9,1,12642.37,0,0,1
43,110104.65,25.0,11,0.1724,0,0.1785,11280.76,8,4,8787.99,0,0,1
56,54868.11,26.0,3,0.4261,1,0.4668,13102.1,5,1,14576.46,0,0,0
45,79392.81,23.0,11,0.1824,3,0.2405,15803.15,5,1,,0,1,1
22,65073.61,7.0,11,0.3589,2,0.4241,14062.53,4,3,7009.54,1,0,0
25,66426.0,,4,0.3671,1,0.1368,11900.99,5,0,4321.5,1,0,1
42,19347.16,28.0,7,0.4641,1,0.3074,4442.96,5,4,2000.02,0,0,0
44,43178.68,,4,0.1406,1,0.2065,10200.81,7,0,7974.38,0,1,1
63,84899.41,2.0,2,0.1098,0,0.7732,6159.51,2,1,3935.95,1,0,1
40,46391.97,30.0,14,0.713,3,0.3171,1334.54,5,3,2294.31,0,0,0
47,58470.8,26.0,10,0.329,0,0.6722,16567.07,2,0,22306.02,0,0,0
62,16314.45,26.0,6,0.2083,3,0.6389,8871.54,5,2,912.64,1,0,0
64,41560.58,8.0,9,0.5596,0,0.2412,24817.33,8,4,11997.39,1,1,0
40,83075.98,32.0,2,0.4496,1,0.5631,9272.85,5,1,6379.81,1,0,0
66,22934.26,32.0,1,0.2729,2,0.4415,8021.5,3,1,11518.79,0,0,1
64,72926.98,25.0,8,0.207,3,0.5989,23245.76,5,2,753.36,0,0,1
37,59444.45,27.0,1,0.3506,0,0.3661,19626.89,1,1,3959.79,1,0,1
35,49101.11,30.0,1,0.4565,2,0.3898,22869.6,2,0,12718.54,1,0,0
35,48001.89,0.0,3,0.195,0,0.4813,12957.49,1,1,13502.58,1,1,1
19,42724.26,19.0,5,0.3204,2,0.4901,1986.3,1,0,12443.69,0,0,0
21,44950.73,11.0,13,0.2738,2,0.3967,19936.36,1,0,10911.53,1,0,1
47,78243.51,16.0,12,0.121,0,0.3983,22215.26,6,4,3780.51,1,0,1
50,44198.9,14.0,9,0.2061,1,0.4354,12662.81,7,4,10075.73,1,0,1
53,100189.76,33.0,11,0.4645,2,0.366,27801.05,5,4,927.19,1,0,0
35,62488.31,15.0,10,0.3135,1,0.2737,19322.23,4,4,1419.69,0,0,1
54,40593.45,3.0,2,0.0786,3,0.3025,15106.84,4,2,6210.85,1,0,1
36,79334.15,7.0,12,0.2126,0,0.3731,19803.31,7,2,6381.07,0,1,0
64,70597.4,33.0,12,0.2944,0,0.4228,7970.87,4,3,5105.97,0,0,1
45,13645.59,24.0,1,0.5124,3,0.577,15962.5,5,0,10624.19,1,0,0
57,,14.0,1,0.3033,1,0.1772,4321.67,6,3,6637.52,1,0,1
37,52114.49,27.0,8,0.1975,1,0.6725,16379.75,5,2,543.67,1,1,1
66,15409.8,8.0,10,0.0771,0,0.4186,16441.64,7,3,17457.0,0,0,1
50,107263.25,1.0,10,0.2153,3,0.1687,16679.5,6,0,7911.57,0,0,1
29,75555.8,16.0,10,0.2634,2,0.2228,13774.92,6,4,18064.09,0,0,1
68,54666.68,9.0,2,0.3341,1,0.1475,7307.46,6,1,4490.08,0,1,1
32,46432.34,8.0,13,0.1005,1,0.5435,31295.31,3,2,14.7,0,0,0
58,40008.41,30.0,9,0.5319,2,0.4024,7370.17,6,0,11506.99,1,1,1
56,10000.0,1.0,9,0.2758,1,0.378,5872.18,9,1,6677.94,0,1,1
19,11678.16,23.0,2,0.3286,0,0.521,14234.55,2,2,158.81,0,0,1
46,102528.02,18.0,3,0.4772,0,0.2701,13970.02,3,0,6800.52,1,0,0
58,94339.99,16.0,2,0.1079,2,0.2143,16593.19,3,2,21398.88,0,0,1
27,40605.56,9.0,6,0.3814,1,0.591,20845.09,3,0,1872.99,1,1,0
19,77699.98,27.0,7,0.4983,1,0.1512,7230.56,6,2,2647.51,1,1,0
68,67660.52,27.0,12,0.071,0,0.6662,25510.86,2,2,8387.49,1,0,1
28,70607.2,0.0,6,0.2639,2,0.0829,12366.16,9,4,13759.12,0,0,0
30,19370.56,2.0,3,0.5585,0,0.0586,2502.32,5,0,8211.84,0,1,1
27,10000.0,14.0,12,0.1606,0,0.2636,18602.84,3,3,8910.7,0,0,1
31,84564.86,9.0,3,0.2474,1,0.1409,13709.35,8,1,3164.48,0,0,1
35,10000.0,20.0,12,0.5154,2,0.4307,16209.05,7,2,80.65,1,0,0
68,51295.16,14.0,2,0.2074,1,0.3652,21906.58,5,4,14653.75,0,0,0
71,45807.44,22.0,2,0.1,2,0.1217,25156.77,6,3,42787.73,0,0,1
26,43496.23,13.0,11,0.3816,0,0.117,7843.8,1,2,16104.05,0,0,1
74,62861.27,14.0,12,0.1377,0,0.3926,1000.0,6,0,4053.38,1,1,1
56,38060.19,9.0,5,0.3622,1,0.353,12134.49,8,1,3468.72,0,0,1
45,64893.39,8.0,11,0.1561,1,0.4784,10278.62,6,3,25724.65,0,0,1
20,58528.89,4.0,11,0.4321,1,0.556,13116.54,4,1,35649.13,0,0,0
37,107468.31,24.0,8,0.1341,1,0.2555,2492.7,1,2,7578.83,0,1,1
23,20364.77,25.0,6,0.4306,0,0.0733,11760.12,9,4,5780.07,0,0,1
44,55731.72,7.0,9,0.241,4,0.5042,8853.96,5,3,5811.02,1,0,0
70,65783.63,21.0,11,0.2351,2,0.5128,6757.58,1,2,1803.24,1,0,1
19,48589.94,24.0,5,0.2591,0,0.2207,1338.45,3,2,10421.51,0,0,1
46,21573.12,11.0,10,0.3352,2,0.5555,11450.13,8,1,1500.93,0,0,1
55,86427.57,8.0,4,0.2702,1,0.0678,24225.14,9,4,1881.92,0,0,1
20,63423.36,9.0,9,0.0661,2,0.3718,12076.98,6,3,8970.87,1,1,1
33,23327.58,9.0,12,0.2202,2,0.4588,1000.0,2,1,16277.56,0,0,1
47,,8.0,10,0.3553,1,0.2576,27966.29,6,1,8771.11,0,0,1
57,97539.15,25.0,11,0.366,2,0.1259,1000.0,5,2,5153.76,0,0,1
19,54092.1,34.0,14,0.0761,1,0.3126,14105.14,7,2,9505.84,0,0,1
34,54944.68,26.0,5,0.0856,2,0.5327,9932.63,9,2,4855.52,1,0,1
58,94200.13,30.0,1,0.2985,2,0.3433,9890.71,6,0,8495.34,1,1,1
29,30740.4,18.0,5,0.6031,0,0.1565,10479.05,5,3,12126.09,0,0,1
52,98188.8,5.0,5,0.3202,0,0.5758,19403.87,3,3,118.38,0,0,0
60,79322.78,14.0,5,0.1546,1,0.2529,14151.69,3,4,1977.31,0,1,1
18,31894.53,28.0,13,0.7753,0,0.1329,21886.83,5,0,9714.83,0,0,0
72,38293.28,4.0,2,0.1925,1,0.4606,33520.64,4,4,4105.2,0,0,1
62,41879.68,13.0,13,0.1613,1,0.4251,20585.76,2,4,5907.6,1,0,1
32,10000.0,1.0,6,0.1563,1,0.2983,20116.15,2,0,9241.58,0,0,1
43,61511.79,22.0,5,0.4601,0,0.3034,12494.02,3,0,5981.17,0,0,1
54,33026.32,18.0,2,0.2302,1,0.572,21712.0,8,0,14508.89,1,1,0
38,62413.78,23.0,12,0.286,2,0.2584,16819.9,5,4,3813.45,0,0,1
66,22726.42,19.0,10,0.2741,1,0.663,10446.76,5,3,9415.45,0,0,0
48,78075.33,26.0,14,0.13,1,0.4508,15074.08,5,4,4432.54,0,0,1
42,73440.65,23.0,8,0.6208,1,0.2827,11235.18,2,1,6028.39,1,1,1
40,37353.02,16.0,6,0.3606,2,0.2661,20598.8,6,2,965.97,0,0,1
41,63991.23,24.0,11,0.1761,0,0.521,3537.67,1,3,14245.51,0,1,1
74,57073.01,30.0,10,0.2915,0,0.37,14402.3,4,1,3084.61,0,0,1
55,92057.49,27.0,12,0.069,2,0.4103,21376.16,8,3,2867.19,0,0,1
45,29188.03,27.0,11,0.66,4,0.4189,24392.6,9,1,743.65,0,0,0
38,51192.55,,3,0.6294,3,0.7343,12859.35,6,2,5648.12,0,0,0
71,38982.91,4.0,9,0.3174,3,0.2236,20944.97,6,2,4328.99,1,1,0
60,56120.45,7.0,13,0.1674,1,0.1278,23926.08,4,3,833.45,1,0,1
35,68331.84,27.0,11,0.0562,1,0.3974,13722.61,7,4,11140.83,1,0,1
53,38704.82,11.0,11,0.084,1,0.4463,26165.51,5,1,549.76,0,0,1
52,45897.34,24.0,14,0.2366,0,0.3858,12080.54,1,2,1253.57,0,1,1
62,79151.02,14.0,4,0.6169,2,0.1534,4484.79,9,1,4939.83,0,0,0
72,88933.12,33.0,3,0.0622,0,0.3736,8986.56,8,0,3542.3,1,0,1
26,67337.9,12.0,7,0.5336,0,0.2537,13902.22,1,4,2578.35,1,0,1
70,51550.92,7.0,12,0.2176,0,0.6715,21263.52,1,4,6639.57,0,0,1
55,49172.58,12.0,13,0.0689,0,0.3381,3924.62,9,3,5943.58,1,0,1
47,68703.16,5.0,14,0.7473,1,0.4709,15179.82,2,1,4530.91,0,0,0
61,60694.18,31.0,8,0.622,1,0.6184,27097.95,4,1,11975.32,0,0,1
51,13775.6,20.0,7,0.2894,2,0.1349,12246.34,1,2,5515.86,0,0,1
49,69309.63,6.0,1,0.1401,1,0.2207,18694.99,3,0,30828.52,0,0,1
20,33485.76,25.0,1,0.133,0,0.5725,15175.48,6,0,,0,1,1
20,19576.59,14.0,13,0.1397,0,0.215,15164.27,3,1,900.42,0,1,1
45,13291.38,22.0,5,0.2303,1,0.0921,6827.9,4,2,2561.34,0,0,0
61,49597.39,14.0,14,0.476,2,0.6055,5585.01,9,4,6140.85,1,0,0
32,29586.89,15.0,8,0.1066,1,0.3466,15860.91,3,3,5062.26,0,1,1
58,10000.0,31.0,14,0.186,3,0.4846,19354.17,5,4,384.97,0,0,1
40,46038.61,17.0,10,0.0953,1,0.2531,19065.73,8,0,6008.76,1,1,1
57,42735.73,19.0,11,0.3179,3,0.2137,20340.41,5,0,7438.18,0,0,1
28,51252.47,1.0,3,0.2953,1,0.3065,18866.65,7,1,4979.51,0,0,0
65,39277.55,22.0,8,0.0535,0,0.6129,13532.21,6,0,16087.31,0,0,1
49,100733.24,29.0,3,0.3035,1,0.2966,9605.31,8,2,6506.08,0,0,1
74,67933.43,2.0,4,0.321,1,0.4445,22271.42,6,4,12351.31,0,0,1
71,42509.67,,10,0.6408,1,0.2079,9679.58,7,1,7071.05,0,0,1
53,53409.33,21.0,7,0.5492,2,0.2692,15085.95,8,2,19202.24,0,0,1
50,90366.07,28.0,3,0.0581,2,0.1699,1000.0,5,2,1928.3,1,1,1
41,78915.57,13.0,4,0.3346,1,0.3257,27064.61,8,3,14255.12,1,0,1
56,20094.7,27.0,8,0.4614,0,0.3035,11442.9,2,0,4753.52,0,1,0
51,30642.74,20.0,4,0.4774,1,0.6201,1000.0,6,0,9567.38,0,0,1
73,35453.83,31.0,9,0.2217,1,0.33,25926.69,6,2,6679.64,1,0,1
45,44007.5,5.0,4,0.1293,0,0.6211,14661.83,7,1,921.98,0,0,1
54,40114.42,0.0,13,0.1317,0,0.1916,14629.42,7,2,4589.93,1,0,1
24,55850.23,20.0,14,0.4984,4,0.7312,28317.48,4,2,,0,0,0
21,73393.03,3.0,4,0.2404,2,0.2789,11438.77,9,0,18294.0,1,1,1
54,77566.51,2.0,13,0.0219,2,0.3637,26324.66,3,4,1971.9,0,0,0
73,46830.07,29.0,5,0.6187,0,0.4251,4839.24,9,0,3510.3,1,0,1
18,14132.66,,1,0.3851,0,0.4782,18486.9,9,3,3577.9,0,0,1
18,28989.75,33.0,7,0.4292,1,0.2881,17467.71,3,3,5944.81,0,0,0
64,42005.63,18.0,9,0.2736,0,0.4066,20846.87,3,1,15902.5,0,1,1
37,,19.0,12,0.2144,0,0.4526,7110.02,1,4,4027.17,0,1,1
36,83521.47,22.0,9,0.0776,1,0.6175,2250.8,7,2,1270.17,1,0,1
46,25511.47,24.0,1,0.195,4,0.2522,33300.27,8,4,5650.73,0,1,1
27,70426.58,14.0,6,0.2975,1,0.3489,23123.85,7,0,307.17,0,0,1
35,12952.99,22.0,3,0.0654,0,0.5878,13224.28,7,0,3378.33,0,0,1
45,71430.03,1.0,4,0.0977,0,0.3829,19236.45,5,2,5776.2,1,0,1
52,51518.28,14.0,8,0.3206,2,0.307,10119.67,7,2,5833.21,1,0,1
60,92813.27,34.0,4,0.1943,1,0.5027,15717.9,4,3,13697.06,0,0,1
64,26710.93,9.0,8,0.3053,1,0.6653,8644.49,1,0,12920.42,0,0,0
48,40897.13,13.0,4,0.1385,2,0.275,13836.09,4,0,2657.34,0,1,1
44,45739.18,26.0,9,0.4503,0,0.4857,5224.97,4,3,2865.35,1,1,1
28,51187.5,13.0,6,0.1016,0,0.4264,28952.08,4,1,31991.42,0,0,1
66,46350.48,34.0,1,0.0302,1,0.4017,13942.79,6,1,3973.88,0,0,1
66,46833.04,32.0,13,0.4733,2,0.5026,9628.77,1,3,1232.9,0,1,0
55,46423.44,0.0,10,0.2791,1,0.4952,7375.31,4,0,8558.77,0,0,0
22,10000.0,33.0,2,0.1658,1,0.1631,28072.88,1,0,2232.58,1,1,0
25,79833.36,18.0,7,0.4892,3,0.4364,15048.96,1,1,7398.34,0,0,0
51,126528.41,23.0,10,0.3265,1,0.6426,26403.34,5,2,13775.46,0,0,0
65,62456.78,3.0,7,0.2058,1,0.54,16724.83,9,2,1525.99,1,0,1
69,26606.23,12.0,3,0.6173,2,0.5977,20036.09,9,3,4806.5,1,0,0
73,29136.53,31.0,1,0.2825,1,0.4141,16858.25,1,2,3862.43,0,1,1
29,70329.35,8.0,8,0.1322,0,0.5545,5462.48,6,1,59177.86,1,1,1
55,64636.74,15.0,13,0.1438,1,0.4693,25480.89,9,4,9948.15,0,0,1
18,47892.75,2.0,13,0.5262,4,0.1116,17404.38,1,3,687.68,0,0,1
48,73835.11,19.0,10,0.2752,1,0.4294,10302.04,2,0,2076.35,1,0,1
21,10000.0,9.0,14,0.1175,1,0.6523,14922.96,3,4,1368.77,0,0,1
66,73851.55,21.0,11,0.2893,2,0.1752,18002.15,5,1,122.73,0,1,1
62,60944.03,2.0,11,0.5163,1,0.598,11788.51,8,0,3036.64,0,0,0
67,30101.3,10.0,10,0.1634,2,0.2195,8477.75,3,2,3137.91,0,1,1
22,19166.9,24.0,7,0.0364,0,0.1634,6612.69,7,3,2142.97,0,1,1
47,58033.18,7.0,10,0.2769,0,0.6487,12925.24,1,2,6443.4,0,1,0
73,90180.95,8.0,8,0.285,3,0.7442,23571.08,5,3,1971.81,0,0,0
41,49297.67,14.0,1,0.3958,1,0.1921,10183.94,2,1,22650.63,0,0,1
20,33682.87,31.0,14,0.3072,1,0.6026,10497.87,5,1,10547.96,0,0,0
28,59782.21,2.0,3,0.4255,2,0.6218,12651.06,5,0,1035.41,1,1,0
62,100521.8,3.0,13,0.2269,1,0.3567,12181.68,6,3,,0,0,1
21,,29.0,2,0.3631,1,0.8509,17143.45,5,4,32336.16,1,0,0
43,68485.05,12.0,1,0.371,0,0.365,14023.28,1,2,1787.0,0,0,1
44,85569.97,20.0,5,0.289,1,0.429,10747.83,2,3,995.05,0,0,1
63,66813.93,18.0,3,0.4477,4,0.4255,16248.56,7,4,2115.03,0,0,0
71,35475.76,21.0,10,0.4235,0,0.4367,22116.22,3,2,10010.09,0,0,1
60,,19.0,8,0.3965,1,0.3407,20358.87,8,1,5836.38,1,0,1
44,31958.67,30.0,6,0.2924,3,0.3975,12171.96,2,1,559.64,0,1,1
59,27381.84,9.0,10,0.4014,2,0.8493,19741.77,3,0,3592.64,0,0,0
68,71482.7,17.0,14,0.0326,3,0.2007,15051.64,7,1,724.83,0,1,1
67,74958.7,19.0,9,0.2861,1,0.0493,11148.74,1,1,2747.62,0,0,1
23,59389.3,17.0,9,0.2553,2,0.2436,1000.0,5,1,1499.92,1,0,1
32,23282.7,10.0,11,0.2501,1,0.444,17442.66,7,3,1993.58,0,0,1
70,99664.93,21.0,6,0.0868,2,0.4029,13927.42,1,0,12046.49,0,0,0
47,44594.74,17.0,2,0.4994,0,0.6046,21404.28,1,3,12241.22,1,0,1
59,70087.03,33.0,9,0.2612,1,0.1096,29561.92,4,4,10546.58,0,0,1
54,56233.12,22.0,2,0.3329,1,0.5184,8549.8,7,1,9324.4,0,1,1
54,60216.59,0.0,3,0.2303,1,0.3466,4401.98,1,4,2250.05,0,1,1
59,69204.6,9.0,6,0.4033,1,0.0782,6064.8,6,4,4649.05,0,1,1
54,37599.5,0.0,2,0.1578,0,0.37,18146.12,4,3,4930.17,0,1,1
52,87635.06,8.0,5,0.3014,1,0.1993,12341.66,5,1,6123.3,0,0,1
40,15512.36,30.0,2,0.0344,2,0.6931,16153.04,2,3,15522.79,1,0,1
23,29036.09,6.0,12,0.2343,1,0.4656,13612.59,2,2,17558.89,1,1,0
21,87310.73,16.0,4,0.0353,1,0.1842,22288.27,9,2,1947.31,0,0,1
35,69750.12,34.0,11,0.3088,1,0.2885,15228.17,6,1,,0,1,1
26,118509.78,17.0,11,0.1112,1,0.2127,6219.58,3,4,1281.58,1,0,1
66,56708.76,32.0,3,0.4249,2,0.5219,8545.52,2,3,8356.99,1,0,0
46,97510.73,3.0,5,0.0628,0,0.3983,22220.54,9,4,6790.37,0,0,1
30,10000.0,22.0,6,0.2832,0,0.196,10561.41,7,2,15221.18,0,0,1
64,19662.13,10.0,13,0.0401,4,0.6214,19915.58,9,3,5853.3,0,0,1
69,77388.14,8.0,7,0.404,1,0.6646,15709.05,8,3,12152.85,0,0,1
34,11490.8,29.0,10,0.45,1,0.4893,21889.29,8,3,3062.86,1,0,0
62,50065.81,7.0,8,0.1603,1,0.436,26188.9,5,1,9479.99,1,1,1
49,84180.23,4.0,9,0.3179,1,0.4329,9127.06,7,1,327.92,1,0,0
65,67529.28,11.0,14,0.0832,1,0.1183,24053.9,5,1,1314.54,0,1,1
39,55277.38,0.0,4,0.1103,0,0.3382,7129.85,7,3,4738.73,0,0,1
21,43772.31,14.0,4,0.48,0,0.1888,21848.86,6,4,17435.44,0,0,1
22,60055.65,24.0,7,0.2576,1,0.4613,11303.45,4,0,17310.53,0,0,1
54,69431.21,17.0,12,0.3011,0,0.2338,1000.0,7,4,7305.76,1,0,1
58,38477.64,25.0,10,0.1556,0,0.2685,31340.35,6,2,1113.07,0,0,1
66,64293.4,2.0,10,0.2868,1,0.3016,14133.61,7,2,9139.65,1,0,0
30,81960.77,21.0,11,0.168,0,0.3556,20973.16,1,1,1557.24,1,0,1
51,49438.05,25.0,9,0.3944,2,0.5497,13004.87,9,0,3451.99,0,1,0
62,56703.07,18.0,11,0.4175,1,0.718,21913.19,8,1,3017.21,1,0,1
39,67094.47,20.0,2,0.0397,2,0.4079,9110.11,3,4,17265.51,0,0,1
70,68783.36,25.0,13,0.2596,5,0.2783,11263.26,1,1,9462.13,0,0,1
40,,12.0,11,0.1742,0,0.3031,19856.8,2,2,589.66,1,1,1
68,29640.63,23.0,6,0.2159,1,0.1789,14142.45,6,2,14831.81,0,0,1
20,41776.94,25.0,10,0.5477,1,0.592,7395.3,7,1,4502.58,0,1,0
59,42703.03,20.0,10,0.4327,1,0.3691,18479.44,2,4,11244.29,0,1,1
51,32402.2,17.0,8,0.2799,1,0.4376,17823.15,8,3,11993.15,1,0,1
49,10039.65,14.0,13,0.3555,4,0.3462,13757.82,6,4,53046.72,1,0,1
62,10000.0,14.0,5,0.0541,0,0.6418,9844.01,5,1,3408.74,1,0,1
68,84886.32,5.0,5,0.4864,0,0.4153,14176.86,5,4,15986.92,0,1,0
66,16152.67,30.0,8,0.3044,2,0.3317,21611.85,6,2,2703.91,1,0,0
38,94162.73,27.0,1,0.0894,0,0.5674,12193.39,1,0,43301.11,0,0,1
63,73485.24,7.0,6,0.1178,0,0.0935,1980.86,3,2,4224.47,0,1,1
61,44857.79,28.0,10,0.533,0,0.5851,13515.46,7,2,8634.72,0,1,1
38,70410.55,20.0,13,0.3729,1,0.3906,14637.69,6,3,41638.28,0,0,0
61,65628.33,16.0,9,0.3737,2,0.3741,16504.15,7,1,1789.32,1,1,0
28,27455.64,23.0,12,0.2425,1,0.5149,16317.03,2,3,7825.32,1,0,0
56,54625.56,30.0,6,0.4194,1,0.3312,20162.82,6,3,51387.86,0,0,1
21,30504.03,33.0,7,0.22,1,0.4088,14039.64,5,1,23053.53,0,0,1
68,71353.2,1.0,4,0.1955,3,0.3968,13727.74,3,4,1995.29,1,1,0
18,37119.48,2.0,12,0.02,2,0.4147,17048.08,2,0,831.56,1,0,0
45,52584.26,29.0,10,0.5212,0,0.3916,1338.9,5,3,,0,0,1
41,51505.03,7.0,1,0.2843,1,0.5588,11615.15,7,3,11529.57,0,0,1
52,58039.48,6.0,9,0.0475,1,0.3995,11715.72,6,4,12474.16,1,0,1
30,96563.88,11.0,12,0.2195,2,0.3457,13302.34,3,1,7480.28,0,1,0
64,48975.99,18.0,6,0.3987,0,0.3467,5760.36,6,2,7633.77,1,1,1
51,85448.18,25.0,3,0.3305,1,0.3384,15873.58,9,4,1028.66,0,1,0
28,66999.92,27.0,4,0.0114,2,0.3034,12793.75,3,2,4655.84,1,1,1
53,90460.06,14.0,10,0.0926,1,0.3923,3368.93,2,0,6867.35,0,0,1
68,46539.11,13.0,12,0.2919,1,0.5732,10545.73,9,3,9205.95,1,0,1
34,72403.41,13.0,6,0.5193,1,0.2774,15484.22,5,0,770.1,0,0,1
52,53518.3,2.0,6,0.4938,2,0.5328,23779.96,1,2,9386.28,1,0,0
35,10000.0,28.0,12,0.4963,1,0.1552,27169.88,1,2,22678.27,0,0,1
57,27753.91,5.0,9,0.3721,2,0.4385,13981.81,9,2,12343.04,0,0,0
39,69559.42,22.0,4,0.132,2,0.5989,24121.96,8,3,7822.7,1,0,1
74,67906.62,27.0,5,0.0271,2,0.4527,22964.55,2,1,817.46,1,0,1
41,22625.57,13.0,5,0.0955,1,0.4791,19376.39,1,1,12652.89,1,0,1
36,60509.19,13.0,3,0.3403,3,0.1844,8193.47,9,3,8700.32,0,1,1
54,67581.51,19.0,2,0.1732,1,0.4265,20019.88,4,1,6364.88,0,1,1
56,54133.36,12.0,8,0.3572,1,0.7112,9679.54,6,1,12961.7,0,0,0
38,73220.47,26.0,10,0.1363,2,0.2466,21756.96,4,3,8979.2,1,0,1
25,69813.88,34.0,9,0.4118,2,0.4188,13444.94,4,1,5074.49,0,1,1
45,54121.41,1.0,10,0.441,1,0.2906,13862.63,8,1,2138.58,1,0,1
22,,23.0,11,0.1805,3,0.3112,19836.82,9,4,5614.92,1,0,1
34,81063.54,28.0,13,0.2705,2,0.2595,27850.66,5,0,1338.56,0,0,1
54,66579.05,2.0,9,0.1131,1,0.4965,18714.08,3,0,496.67,1,0,0
53,20464.18,3.0,14,0.1383,1,0.4018,29946.41,7,0,2132.16,1,0,1
71,60522.44,1.0,5,0.2407,0,0.4125,8198.9,2,4,3659.56,1,0,1
36,26224.38,19.0,11,0.1136,1,0.2303,11043.58,2,0,8325.89,1,0,1
44,30885.8,14.0,9,0.264,0,0.3469,13196.88,9,2,,0,0,0
70,38702.25,31.0,4,0.2202,2,0.4567,10898.54,6,0,10628.59,0,0,1
51,56121.83,0.0,2,0.1007,1,0.4539,21745.37,9,3,10699.31,1,0,1
28,64362.14,34.0,3,0.0257,1,0.2225,10551.5,5,0,9795.45,1,0,1
71,44776.45,6.0,1,0.1058,1,0.2438,10488.77,1,2,6343.32,0,0,1
62,45870.43,12.0,5,0.1512,0,0.379,3777.57,2,0,8702.17,1,0,1
64,42418.91,0.0,1,0.1839,1,0.2847,14922.72,3,1,30327.81,1,0,0
29,81187.84,13.0,12,0.1503,1,0.3252,24018.06,8,2,9787.46,1,0,1
71,10000.0,28.0,11,0.1007,2,0.3081,19577.41,3,3,10853.26,0,1,1
38,47283.06,2.0,1,0.2748,0,0.3916,31345.3,3,1,2753.37,0,0,1
71,93624.62,23.0,14,0.1483,0,0.6717,23772.14,7,1,5200.49,0,0,1
28,67930.75,0.0,11,0.2213,2,0.2367,24100.63,9,4,4570.36,0,1,1
56,86671.18,9.0,11,0.2423,1,0.5982,30390.23,4,1,3489.09,1,0,1
45,10000.0,12.0,13,0.42,2,0.2947,20123.08,4,0,4922.99,0,0,1
22,23943.77,8.0,7,0.3069,0,0.2233,5624.66,9,1,7290.85,1,0,1
34,67851.2,13.0,2,0.3091,1,0.3449,19939.71,5,1,7829.57,1,0,0
73,93765.76,9.0,8,0.0762,2,0.6505,19179.29,6,4,14639.41,0,1,1
37,26469.09,22.0,6,0.189,1,0.3032,13564.61,7,0,8544.41,0,1,1
58,45305.96,34.0,4,0.2354,1,0.5817,9097.67,6,0,16283.37,0,1,1
63,65036.6,6.0,9,0.38,2,0.3579,20308.82,2,1,8551.18,1,1,0
29,18687.54,34.0,10,0.2659,0,0.4439,13360.39,9,3,3447.23,0,0,1
23,68042.28,1.0,8,0.3343,0,0.3035,12139.75,2,3,7972.87,1,0,0
34,10000.0,14.0,13,0.3451,0,0.2407,31754.16,9,0,10445.67,0,0,0
68,67305.99,8.0,10,0.1507,1,0.7589,25752.59,6,3,9258.1,0,0,0
36,30122.88,16.0,3,0.292,1,0.5353,3464.83,5,0,15172.29,0,0,0
43,43810.07,17.0,3,0.2931,3,0.3384,35745.78,8,0,18879.85,0,0,0
65,71297.1,,4,0.0575,1,0.4113,17315.22,2,2,3266.29,0,0,1
61,66181.3,17.0,14,0.6561,0,0.1564,21253.01,1,0,657.67,0,0,1
61,54800.47,23.0,9,0.3486,1,0.2868,23344.03,7,2,8546.47,0,1,1
69,79226.01,22.0,9,0.1246,0,0.2193,25250.85,6,1,934.63,0,1,1
49,12495.6,11.0,5,0.1485,0,0.3017,22479.66,4,4,17232.11,0,0,0
23,60110.36,22.0,12,0.4504,1,0.517,9698.31,4,0,13815.17,0,0,0
72,35245.75,20.0,9,0.1356,0,0.5102,20155.66,6,1,10000.91,0,1,1
53,77950.79,25.0,6,0.1658,2,0.1887,23768.25,7,0,20848.57,0,1,1
55,72176.68,7.0,8,0.2179,1,0.6954,25031.55,2,0,17455.91,0,0,1
28,73083.71,29.0,11,0.4426,0,0.4665,6885.6,7,4,20504.68,1,0,1
50,96134.55,33.0,8,0.3652,1,0.0817,21509.22,7,2,10637.65,0,0,0
41,83158.69,1.0,12,0.3586,1,0.2845,22487.7,6,0,3676.71,1,1,1
40,51064.47,4.0,10,0.55,0,0.2431,8953.8,3,0,391.38,0,1,0
32,54968.3,30.0,7,0.2521,0,0.5518,20483.64,8,2,508.3,0,0,0
44,70023.46,32.0,4,0.0226,1,0.1628,13418.49,1,3,12605.92,1,1,1
28,58404.37,3.0,4,0.3006,1,0.6657,10296.97,8,4,1699.41,0,0,0
74,72629.33,5.0,6,0.3111,2,0.4476,8101.97,7,4,3004.46,0,0,1
68,10000.0,22.0,14,0.3723,1,0.5306,13022.84,2,0,7057.18,0,0,1
67,102020.09,18.0,9,0.4274,1,0.4387,21419.54,1,4,1124.14,0,0,1
34,56525.71,7.0,7,0.0544,1,0.3232,1000.0,8,3,33774.67,1,1,1
68,14438.37,12.0,5,0.3928,0,0.6897,5522.04,4,0,13590.64,1,1,1
70,32155.17,0.0,5,0.1542,0,0.2054,11156.19,9,2,7030.24,1,0,1
31,10000.0,5.0,8,0.1535,2,0.2925,24535.91,4,2,19127.73,0,1,1
44,27744.12,6.0,6,0.3843,3,0.607,14447.05,8,0,5442.97,1,0,0
35,,26.0,1,0.4226,3,0.419,25186.22,8,2,18180.09,1,0,1
45,92867.87,14.0,1,0.3759,2,0.1616,11689.74,1,2,13988.69,1,0,1
68,65266.86,33.0,9,0.45,0,0.4697,2721.94,5,0,113.47,0,0,1
64,60821.52,22.0,8,0.233,0,0.5055,3627.28,4,1,12746.09,1,0,1
64,26622.39,23.0,6,0.1717,2,0.3859,10452.41,4,4,12257.21,1,0,1
21,34387.87,14.0,13,0.3273,0,0.4373,1996.51,9,4,3054.54,0,0,0
24,36326.81,34.0,1,0.1159,0,0.2751,15788.49,3,1,5434.61,1,0,1
62,37346.78,3.0,14,0.3777,1,0.2236,30269.07,8,2,1189.81,1,0,1
52,46211.58,16.0,2,0.1306,0,0.4827,4345.87,9,4,8786.86,0,0,1
65,48099.72,30.0,10,0.1751,1,0.6034,21381.76,8,3,8976.52,0,0,1
26,46523.04,9.0,3,0.2807,1,0.1711,26673.88,4,1,31902.09,1,1,1
25,38216.89,26.0,10,0.4529,2,0.088,11813.96,2,2,10262.78,0,1,1
69,58376.33,5.0,12,0.2122,0,0.4331,12824.53,7,3,,0,0,0
62,47139.63,5.0,3,0.4487,1,0.2851,4839.28,3,1,1590.27,1,1,1
34,15110.82,14.0,2,0.4596,2,0.3543,4194.9,6,2,12398.62,0,0,1
34,55859.55,3.0,12,0.0418,1,0.0658,16549.86,3,0,3493.12,0,1,1
66,52080.9,6.0,2,0.4461,1,0.4586,33360.05,4,2,23019.99,1,0,1
50,15509.31,25.0,6,0.0955,2,0.4996,10474.36,2,3,2595.75,0,1,0
49,40217.46,30.0,7,0.114,2,0.4817,20042.36,5,4,1751.25,0,0,1
25,69926.81,1.0,4,0.0657,1,0.3465,7625.89,7,1,7749.83,1,0,1
36,26588.75,27.0,1,0.2151,1,0.1074,9884.84,2,0,19780.46,0,1,1
55,23945.52,12.0,6,0.3537,0,0.2739,6651.63,5,1,1216.52,0,1,1
20,46877.91,17.0,7,0.4417,2,0.2168,9122.0,6,2,337.78,0,0,1
22,70573.31,29.0,4,0.336,6,0.6182,15929.86,6,0,27383.88,0,0,0
30,100258.19,10.0,6,0.3231,0,0.374,1430.25,2,4,1176.16,0,0,1
64,71473.38,12.0,9,0.1532,2,0.2324,13941.93,2,1,7482.15,1,1,1
63,82120.69,23.0,4,0.4688,2,0.6965,1000.0,2,1,1776.13,0,0,1
48,63667.44,28.0,12,0.1841,0,0.4569,11153.88,3,3,1468.32,0,1,1
72,37872.1,4.0,14,0.5359,2,0.3557,5070.77,2,2,,0,1,0
33,71292.78,34.0,10,0.5278,2,0.2281,26268.21,9,3,9902.17,1,1,1
67,52859.8,18.0,4,0.4092,2,0.3093,16485.74,5,0,11404.34,0,0,0
49,64425.85,12.0,10,0.3008,1,0.359,13378.96,9,1,1020.85,0,0,1
39,31349.25,4.0,12,0.4851,1,0.6067,3931.66,8,0,1174.73,0,1,0
46,66661.15,13.0,5,0.3433,0,0.3271,14674.99,5,4,21785.01,0,1,1
39,51987.3,21.0,3,0.2351,1,0.2878,12707.62,7,4,7110.57,0,0,0
60,,8.0,10,0.5016,2,0.226,16886.84,2,3,12160.27,0,0,1
20,52873.17,25.0,2,0.7974,1,0.4602,13173.87,7,3,671.89,1,0,0
71,48069.92,4.0,9,0.3276,0,0.6412,8742.04,5,3,430.69,0,0,1
27,67117.27,28.0,13,0.3322,1,0.4559,14800.63,6,1,4036.07,0,1,1
59,44847.72,21.0,1,0.3545,1,0.2272,3186.41,9,4,6482.02,0,0,1
38,15282.8,2.0,5,0.7481,1,0.4237,1000.0,8,4,3728.09,0,1,0
33,10000.0,27.0,5,0.3347,1,0.6947,7448.47,2,3,9998.25,0,0,0
29,59610.41,13.0,8,0.0822,0,0.4999,3560.96,6,4,8856.77,0,1,1
19,43819.55,13.0,6,0.5172,0,0.6087,24263.22,1,1,4737.08,0,0,0
58,11772.52,10.0,6,0.115,2,0.2112,25156.73,8,2,662.0,0,0,1
41,57663.37,8.0,6,0.0659,0,0.2659,20676.91,1,1,7241.35,0,0,1
52,52653.14,5.0,4,0.3766,2,0.6976,13979.78,2,0,2215.3,1,0,0
73,42509.66,0.0,1,0.1523,1,0.3613,6877.88,4,0,3899.97,0,0,1
47,61170.23,24.0,3,0.2314,1,0.433,14697.42,2,3,116.02,0,1,1
74,87877.35,15.0,13,0.0729,1,0.3093,7217.18,5,0,5890.24,0,0,1
47,87114.77,14.0,13,0.5542,2,0.2459,8652.48,7,3,9604.93,1,0,0
64,58594.12,33.0,10,0.1136,0,0.4927,8524.39,7,2,6892.47,1,1,1
52,52882.24,16.0,12,0.1214,2,0.1866,21596.25,5,1,11140.96,1,0,1
36,58943.38,2.0,11,0.2416,1,0.403,12493.99,3,4,59559.75,0,1,0
67,62725.17,2.0,6,0.0887,0,0.2566,1000.0,5,0,8009.73,1,0,0
25,48292.55,16.0,5,0.4308,0,0.2959,8062.63,4,2,1998.77,1,1,1
43,59363.58,0.0,10,0.2859,1,0.6585,13853.64,6,1,6794.5,1,0,0
66,15659.26,6.0,1,0.216,4,0.5368,15933.88,1,2,2249.09,1,1,1
57,57033.72,,5,0.057,0,0.7432,2665.31,1,1,3206.23,0,0,1
24,66920.34,18.0,2,0.1895,0,0.6576,20000.35,8,0,3471.46,0,0,1
47,42753.95,29.0,1,0.2202,2,0.5709,22957.62,6,3,5871.51,1,0,1
24,52613.18,13.0,4,0.4328,3,0.438,18247.11,9,1,5934.2,0,0,0
20,27212.37,,6,0.124,1,0.2685,15302.44,1,1,8804.55,1,1,1
18,,19.0,7,0.3564,3,0.2949,19232.97,7,2,4606.11,1,0,0
53,60270.38,25.0,9,0.2215,0,0.383,18013.84,1,0,1663.04,0,1,1
42,36760.92,26.0,5,0.1268,1,0.3335,7203.79,7,2,5402.26,1,0,1
54,10579.36,24.0,8,0.3801,2,0.4371,22731.01,7,3,12735.47,1,1,1
18,27205.54,8.0,8,0.2503,1,0.2014,23725.19,8,4,9707.48,0,1,1
32,30840.52,11.0,11,0.0602,2,0.1838,1000.0,5,2,979.84,0,0,1
54,74364.51,9.0,9,0.2278,2,0.3429,3048.35,8,4,23703.83,0,1,1
30,59477.85,5.0,3,0.1765,1,0.442,16825.96,5,2,2920.29,0,1,1
57,33209.95,33.0,3,0.0791,1,0.5468,17421.0,9,1,7063.98,1,0,1
25,40305.85,18.0,9,0.4443,1,0.0695,22174.87,8,3,260.75,1,0,1
22,87802.11,5.0,7,0.4834,2,0.2202,22396.88,7,4,19217.18,1,0,0
26,78402.56,1.0,4,0.2112,0,0.3302,19173.92,7,4,9205.27,0,0,1
18,27048.49,14.0,1,0.1103,2,0.3442,14503.05,3,2,2584.32,1,0,1
53,84088.15,16.0,7,0.3431,3,0.2306,7390.69,6,3,9199.22,1,1,1
52,52984.28,15.0,10,0.2824,1,0.13,22148.57,6,2,2768.67,0,0,1
19,74990.29,27.0,6,0.0839,0,0.3618,20458.69,5,4,2405.88,0,0,1
57,50917.3,20.0,3,0.3168,0,0.6909,22303.22,2,3,4738.96,1,0,0
40,84645.73,7.0,14,0.5291,0,0.5771,4689.81,7,2,7331.63,0,0,0
26,26009.48,9.0,5,0.1647,5,0.2738,24119.57,5,1,1879.16,1,0,1
51,48613.74,9.0,3,0.2353,2,0.7648,23620.53,2,3,10866.48,0,1,1
63,85411.49,9.0,8,0.4979,1,0.4022,7384.82,4,1,6902.97,0,0,0
31,10000.0,8.0,5,0.2464,1,0.2494,16565.65,1,3,59.9,1,0,0
21,53848.46,27.0,10,0.1782,1,0.3728,18540.02,8,4,6376.97,0,0,1
47,45161.34,23.0,10,0.2709,0,0.6263,22536.85,5,3,4370.45,0,0,0
48,72116.53,18.0,6,0.3944,1,0.4938,13608.29,8,1,8853.79,0,0,1
55,81747.84,32.0,2,0.2297,0,0.4015,12788.61,1,2,,0,0,1
28,73257.1,3.0,8,0.6281,2,0.4168,14757.07,8,4,2437.53,1,0,0
52,61025.01,2.0,9,0.1948,0,0.4234,7489.73,5,1,8959.02,0,0,0
25,56014.11,11.0,3,0.1507,3,0.58,15162.42,7,0,1315.87,0,0,1
20,46432.23,17.0,13,0.4014,0,0.6896,19296.69,3,3,715.85,1,0,0
31,60249.32,22.0,6,0.1567,2,0.6103,20150.14,3,0,21485.83,0,1,1
30,91491.37,19.0,6,0.1864,1,0.3338,12786.43,9,1,15860.81,0,1,1
62,34237.19,5.0,2,0.2524,3,0.6293,20296.92,7,0,5567.69,0,1,1
49,44947.96,33.0,10,0.4464,0,0.5463,16396.67,6,1,1190.99,0,0,0
51,53112.25,1.0,8,0.3219,1,0.1569,15149.03,4,4,,0,0,1
62,80023.32,29.0,5,0.2742,3,0.3799,30644.03,5,2,6703.15,1,1,0
36,60582.56,8.0,11,0.2427,2,0.3763,17186.55,8,2,8440.94,0,0,1
55,79587.05,26.0,11,0.4292,2,0.3837,13960.43,1,3,,0,0,0
33,80852.75,33.0,8,0.5349,1,0.2482,16145.93,2,4,11020.69,1,0,1
19,69800.92,23.0,14,0.4911,2,0.554,15104.09,3,0,1884.47,0,1,0
57,28400.16,16.0,13,0.211,0,0.4754,13344.48,5,4,2810.69,0,0,1
34,96527.35,28.0,14,0.5609,1,0.2798,20710.16,8,0,101.63,0,0,1
72,90309.52,11.0,8,0.1707,1,0.1917,15783.64,5,4,614.92,1,0,1
51,56588.5,30.0,12,0.1928,2,0.17,23466.06,5,2,2962.6,0,1,1
59,20455.74,8.0,3,0.3502,2,0.2179,13936.6,6,3,1644.17,0,0,1
33,15987.55,18.0,5,0.1581,1,0.5801,28535.04,9,2,5426.71,0,0,1
55,61357.89,16.0,7,0.2214,0,0.5659,14924.59,9,2,15105.9,0,0,0
19,37456.24,1.0,5,0.5343,3,0.6571,15364.95,9,4,10269.54,0,0,0
19,12070.27,4.0,6,0.445,1,0.3771,10860.04,5,0,11238.35,0,0,1
43,15515.86,15.0,2,0.202,0,0.3799,17836.67,6,4,7335.39,1,0,1
30,43250.44,16.0,8,0.4465,1,0.1736,31223.82,7,0,9643.44,1,0,0
73,59873.24,26.0,5,0.3317,2,0.5572,15437.27,3,1,1587.62,1,1,1
64,90142.83,6.0,6,0.0592,0,0.2215,21589.7,1,3,6431.96,0,0,1
48,67105.52,7.0,1,0.1686,1,0.4998,13545.76,2,0,6762.8,1,0,1
51,45464.89,7.0,10,0.2076,0,0.4133,1000.0,4,1,7926.19,0,1,0
56,64498.74,22.0,2,0.326,3,0.4381,28099.12,9,3,12086.9,1,0,0
20,62264.19,31.0,11,0.5569,3,0.7305,19164.63,1,0,23059.56,0,0,0
25,73488.63,17.0,4,0.3054,1,0.3898,35763.72,6,2,9950.59,0,0,1
40,54001.45,11.0,11,0.4298,2,0.4598,16027.56,4,3,20466.56,1,0,1
31,80904.94,14.0,9,0.3461,1,0.4647,13568.57,6,3,6386.64,0,1,0
73,75611.3,27.0,6,0.3161,2,0.1287,14879.86,2,4,2732.49,1,0,1
72,57067.5,30.0,8,0.327,3,0.4248,20660.29,2,3,8595.97,0,1,0
44,52019.39,8.0,2,0.3872,0,0.2417,13584.7,7,4,31679.71,1,0,0
71,77993.71,7.0,10,0.0771,1,0.234,11497.4,5,1,9894.99,0,0,1
46,37163.14,18.0,5,0.258,2,0.4877,9063.14,6,3,27793.75,0,0,1
56,17334.68,7.0,12,0.4095,0,0.2919,15299.34,4,0,181.18,0,0,0
70,17192.55,33.0,12,0.1906,3,0.4757,22393.64,1,3,2391.14,1,0,0
56,35090.64,3.0,13,0.3868,0,0.1185,17685.4,8,3,2557.28,1,0,1
18,71491.31,30.0,1,0.6706,1,0.2681,16421.07,1,0,4452.15,1,0,1
34,44430.03,2.0,4,0.1428,2,0.0155,14169.61,8,3,250.18,1,1,1
58,60112.9,34.0,10,0.0984,4,0.6686,6861.64,1,4,19650.87,0,0,1
47,42617.6,18.0,1,0.0511,0,0.1669,18522.96,4,0,9822.74,0,0,1
70,42816.07,28.0,11,0.4948,0,0.3105,10131.13,6,2,701.45,1,0,1
30,29363.41,9.0,11,0.2458,0,0.6409,16645.94,1,3,1536.04,1,0,0
38,52702.61,,9,0.3136,0,0.1122,24893.38,9,3,7392.7,0,0,1
36,50620.91,29.0,2,0.4603,1,0.7371,13258.89,7,4,19131.56,1,0,0
70,65316.63,29.0,7,0.4329,3,0.3022,7331.9,1,0,733.54,0,0,1
36,62192.44,17.0,3,0.1721,2,0.548,20023.17,2,3,4543.45,1,1,1
74,50071.32,23.0,14,0.5936,1,0.5004,19593.49,5,4,1785.28,0,1,0
42,17347.78,31.0,2,0.3393,1,0.2749,7861.68,3,2,1590.92,0,0,0
39,81764.49,8.0,13,0.5118,4,0.2546,7935.82,1,2,10477.22,1,0,1
48,52873.89,23.0,4,0.3163,0,0.5258,18281.99,5,4,14012.26,0,0,1
34,56991.07,25.0,7,0.2346,0,0.543,23815.83,8,0,20321.15,1,0,0
72,95012.38,2.0,7,0.1845,1,0.3826,20403.82,1,3,9215.74,0,0,1
40,77705.55,22.0,9,0.2805,2,0.408,10961.3,6,4,543.22,1,0,0
49,66161.23,10.0,12,0.0822,1,0.1777,26393.29,1,4,3533.72,0,0,1
27,54942.36,9.0,13,0.359,1,0.357,11622.54,8,4,4660.82,0,0,0
27,54708.86,12.0,3,0.3364,1,0.3017,24629.08,5,1,2582.47,1,1,0
53,61002.86,28.0,7,0.2958,1,0.3489,25033.24,3,2,6209.94,0,0,1
25,65172.67,12.0,6,0.4283,2,0.3443,20616.16,8,1,2118.33,0,0,1
71,,25.0,10,0.4756,2,0.1804,9081.49,8,4,18375.13,1,0,0
69,116831.65,19.0,7,0.4173,0,0.4799,24880.35,3,2,1239.13,0,0,1
37,62256.52,4.0,7,0.0927,1,0.4834,30587.04,7,3,4441.73,0,0,1
49,10000.0,19.0,10,0.2788,1,0.3702,24687.19,1,3,1066.88,1,1,1
67,31206.39,13.0,5,0.645,1,0.4479,6691.41,3,1,3548.48,1,0,0
31,100287.42,13.0,9,0.1347,1,0.6667,5388.36,7,1,5305.39,0,1,0
67,72966.32,7.0,7,0.3072,0,0.5034,18579.18,3,2,6457.67,1,1,1
45,65651.16,12.0,7,0.366,1,0.3939,5609.47,7,3,3221.59,1,0,0
63,50829.05,23.0,12,0.2888,2,0.6285,16721.59,3,1,13270.46,0,0,1
69,25274.45,14.0,14,0.2378,0,0.3789,14892.33,3,4,5795.7,1,0,0
70,96944.74,0.0,3,0.2076,0,0.6698,8659.85,2,4,39055.35,1,0,1
41,34419.74,21.0,1,0.5048,0,0.337,22231.89,5,1,1054.79,0,0,1
32,73232.8,33.0,14,0.4592,0,0.2575,7610.67,1,0,1622.27,1,0,1
39,22482.46,2.0,14,0.3887,1,0.5102,21025.91,4,1,12947.61,0,0,1
47,49616.28,25.0,5,0.143,6,0.6028,14005.7,4,0,,1,0,0
21,79823.93,13.0,8,0.1602,2,0.5509,15389.55,3,3,,1,0,1
30,48757.65,7.0,5,0.1953,1,0.4591,14220.89,5,1,4227.16,1,0,1
40,45788.75,15.0,10,0.5223,1,0.3895,14411.01,4,3,6637.01,1,1,0
25,55265.91,20.0,3,0.1366,1,0.108,27632.01,8,1,717.46,1,1,1
35,21599.93,9.0,9,0.2797,2,0.3477,1000.0,8,1,11589.68,1,1,0
29,16896.33,24.0,2,0.0961,1,0.2882,26234.83,1,4,4770.15,1,0,1
72,72855.91,21.0,3,0.1081,1,0.4244,1000.0,8,4,4255.23,0,0,1
48,44444.75,3.0,12,0.3442,1,0.6134,23930.95,9,0,11869.26,0,0,0
31,72662.12,3.0,4,0.2919,1,0.6523,14103.05,4,3,6736.76,0,0,0
51,,29.0,10,0.1372,0,0.6594,19343.82,8,2,11224.37,1,1,1
35,84966.07,1.0,1,0.2145,2,0.0563,13732.55,9,0,21119.7,0,0,1
73,14474.79,28.0,11,0.2591,0,0.4046,14403.53,2,1,23326.1,0,0,1
51,37554.27,20.0,4,0.0526,1,0.1751,15717.97,9,1,4486.71,0,1,1
28,68439.63,20.0,4,0.4197,3,0.308,16722.93,6,4,576.39,0,0,1
58,68825.04,20.0,9,0.1552,0,0.1002,9151.61,9,0,100.56,1,1,1
29,111235.94,3.0,8,0.2579,3,0.3985,4859.05,8,1,9772.52,0,1,1
66,32309.66,0.0,2,0.1338,0,0.4048,1000.0,4,3,680.5,0,0,1
32,84204.21,25.0,13,0.3852,2,0.3863,14732.48,7,2,3956.94,0,0,0
74,64306.87,1.0,7,0.0496,1,0.2546,34303.27,3,2,8683.92,0,0,1
48,13994.1,8.0,6,0.1507,3,0.3723,1591.43,1,3,51427.26,1,1,0
66,41304.62,17.0,7,0.1892,0,0.2412,28505.56,4,0,2019.2,0,0,1
46,61563.2,10.0,11,0.3445,0,0.0128,16965.52,4,0,78.05,0,1,0
43,12390.83,24.0,4,0.328,2,0.3956,14784.73,5,2,337.02,0,0,1
35,10000.0,25.0,14,0.2227,1,0.4524,20621.01,4,2,2021.66,1,0,1
49,10968.94,34.0,14,0.3666,1,0.5019,12818.35,9,3,39702.02,0,0,1
39,61478.34,2.0,5,0.2727,1,0.1738,9666.79,5,2,642.05,0,0,1
55,42883.32,34.0,6,0.1397,1,0.5528,2720.53,5,3,11066.88,1,0,1
34,39501.11,21.0,9,0.6554,0,0.496,14973.72,8,3,1299.5,0,0,0
40,40359.45,7.0,2,0.3747,0,0.3976,13475.88,7,4,1822.88,1,0,1
41,19396.94,14.0,11,0.2515,1,0.5478,12222.25,2,4,718.78,0,0,0
67,43589.92,6.0,9,0.0477,0,0.2394,22493.94,1,1,2071.32,0,0,1
25,10000.0,18.0,10,0.2876,0,0.5159,12350.86,1,3,982.08,1,1,1
58,84691.03,16.0,1,0.554,0,0.1846,21592.23,1,3,140.54,0,0,0
23,97308.24,0.0,4,0.3469,3,0.4975,4731.02,6,1,12821.5,0,1,1
22,10000.0,28.0,12,0.3922,1,0.3957,22870.53,5,4,1690.64,1,1,1
61,43271.76,12.0,5,0.4328,0,0.3517,25354.29,9,3,1010.02,0,0,1
74,44899.71,28.0,9,0.2746,2,0.3071,15464.73,6,0,2541.84,1,0,0
46,50637.89,5.0,6,0.3791,3,0.0598,15315.83,5,2,11212.05,0,1,0
45,80038.26,4.0,4,0.2075,3,0.539,21212.8,7,2,2036.96,1,1,0
28,43344.73,33.0,2,0.1761,0,0.6014,19581.29,5,1,6245.43,0,0,1
74,52793.71,10.0,5,0.1044,1,0.5931,11117.43,1,4,1957.34,0,0,1
18,129476.37,8.0,8,0.5567,2,0.6205,16080.08,9,2,3916.31,1,0,0
60,52217.68,8.0,8,0.2187,2,0.2593,33252.58,4,1,5894.04,0,0,1
36,99156.0,7.0,6,0.4808,3,0.6222,10718.61,5,1,11344.58,1,0,0
26,67549.69,2.0,11,0.1576,1,0.4314,19506.29,4,4,2646.85,0,0,1
44,,12.0,1,0.3379,0,0.344,18994.26,6,4,4731.64,0,1,0
51,36981.65,18.0,8,0.2046,1,0.3928,15701.98,9,0,8238.16,0,0,1
61,54818.19,33.0,4,0.2775,1,0.5994,24743.58,1,1,2575.31,1,0,0
21,26838.17,31.0,14,0.2444,1,0.4671,28519.07,4,1,1988.07,0,0,1
53,33403.35,15.0,2,0.215,0,0.4794,27280.59,3,0,6731.47,0,0,1
35,44423.48,17.0,1,0.3565,3,0.3628,21795.49,3,3,24358.45,0,0,1
32,62333.59,13.0,7,0.0677,4,0.3992,26154.34,8,4,19270.5,0,0,0
68,100649.93,29.0,2,0.2817,0,0.2916,6766.4,8,0,7337.58,0,0,1
30,42876.14,1.0,13,0.271,3,0.3399,1529.41,7,2,4385.38,0,0,1
36,66537.95,12.0,4,0.1989,0,0.2981,1000.0,5,1,6674.23,0,0,1
66,14302.55,26.0,4,0.2447,0,0.5762,10774.87,2,1,12955.73,0,0,1
23,81507.22,16.0,13,0.2007,0,0.2644,28164.41,5,4,779.55,0,1,1
65,11957.94,30.0,10,0.2852,2,0.4969,17178.05,4,3,,1,0,0
73,74959.66,14.0,1,0.3782,0,0.5891,8425.08,8,3,8584.01,0,0,1
29,52976.88,19.0,2,0.1849,1,0.4915,34407.34,6,4,2507.2,0,1,1
68,51983.68,4.0,1,0.1828,2,0.308,8217.77,1,4,16702.35,0,0,0
54,47493.38,6.0,6,0.3623,2,0.1645,7985.91,5,3,666.5,0,1,0
34,22468.68,17.0,13,0.7002,3,0.4437,9977.96,8,4,20075.27,0,0,0
40,23793.24,10.0,3,0.243,2,0.2509,21728.88,1,3,3927.18,0,1,1
43,,31.0,1,0.3525,1,0.2032,4970.33,1,0,13299.24,0,0,1
46,55298.42,26.0,12,0.2406,1,0.5518,19086.11,3,1,1342.2,0,0,1
50,47311.08,25.0,8,0.1271,1,0.1842,5702.12,1,4,6705.97,0,0,1
44,66084.95,27.0,14,0.0722,1,0.1465,19093.01,6,2,272.15,1,0,1
42,57532.76,1.0,12,0.2399,3,0.155,20158.44,5,2,2613.96,0,0,1
73,35176.71,19.0,14,0.2548,0,0.2828,10634.34,5,2,14159.5,0,0,1
72,116524.91,3.0,4,0.5536,1,0.3016,12926.46,3,3,4846.28,0,0,0
27,73518.91,12.0,10,0.4116,3,0.4188,1000.0,2,0,8618.74,0,1,0
64,58176.71,23.0,7,0.5586,1,0.4143,17535.89,1,0,13169.67,1,0,0
40,42159.72,28.0,10,0.1163,0,0.0927,14039.57,2,4,6045.81,0,0,1
38,78818.99,1.0,2,0.3832,2,0.6539,6438.66,9,0,7051.74,0,1,0
38,35310.8,17.0,6,0.1972,1,0.5867,27300.99,5,2,11631.2,0,0,1
60,33205.63,7.0,6,0.3563,0,0.1918,16147.28,8,0,1026.71,0,1,1
30,,14.0,7,0.3447,0,0.6351,13874.56,3,4,593.93,1,0,1
54,55766.88,16.0,12,0.2566,2,0.3292,26015.33,5,1,7781.26,1,1,0
50,35916.27,22.0,1,0.5103,1,0.5172,1000.0,7,2,29531.65,1,0,0
41,55142.14,1.0,14,0.3924,0,0.3277,8061.95,2,3,8279.49,0,1,0
61,76254.66,5.0,12,0.3062,0,0.1971,11888.52,3,2,9768.9,1,0,0
28,70531.36,28.0,1,0.2882,1,0.5122,1000.0,3,4,8596.46,0,1,1
34,79356.56,26.0,2,0.3111,1,0.5607,12018.13,9,2,7445.07,0,0,0
21,23761.1,33.0,14,0.4768,1,0.6401,1000.0,1,0,1761.4,1,0,1
64,78728.73,17.0,11,0.5645,0,0.4543,5422.98,9,4,14674.42,0,0,0
42,50523.53,9.0,2,0.6353,1,0.4852,17215.57,1,4,6871.97,0,0,1
47,57227.52,16.0,5,0.4961,0,0.3536,13080.41,7,1,30667.45,1,1,1
26,85237.36,12.0,1,0.1566,2,0.2733,16476.15,4,2,572.67,0,1,1
38,72568.14,26.0,11,0.4854,1,0.6839,5745.13,8,2,2836.09,0,0,0
37,63776.31,1.0,2,0.4952,3,0.2985,12355.63,1,2,837.21,1,0,0
36,10000.0,33.0,6,0.3002,1,0.2592,11816.99,1,4,15681.0,0,1,0
36,53862.45,30.0,3,0.2944,2,0.462,1000.0,6,0,13624.3,0,0,1
29,35383.12,22.0,4,0.2766,2,0.4212,20554.24,5,1,11864.47,0,0,1
54,72776.13,6.0,1,0.1468,1,0.4509,25871.56,5,1,9080.69,1,0,1
59,79773.95,32.0,5,0.1524,2,0.6181,24177.38,2,3,901.74,0,0,1
34,47449.22,11.0,4,0.2828,2,0.3748,1000.0,2,1,4166.32,0,0,0
54,38323.96,11.0,8,0.153,1,0.2394,21654.83,4,2,9752.93,1,0,1
71,93907.52,18.0,3,0.483,1,0.2489,10995.48,2,3,3580.82,0,0,1
65,39921.31,8.0,10,0.2761,2,0.6328,29557.68,4,3,10122.29,1,0,1
56,25136.56,9.0,1,0.0896,0,0.2938,13870.13,5,0,2688.19,0,0,1
45,34183.22,16.0,14,0.313,1,0.3988,23916.78,4,1,6274.0,0,1,1
58,41125.02,9.0,13,0.2006,1,0.3,5544.95,6,1,3502.25,0,1,1
52,33465.92,11.0,10,0.3763,1,0.676,15214.73,3,2,20357.32,0,0,0
64,76134.78,14.0,5,0.2707,1,0.2197,35909.93,2,0,4672.78,0,0,1
65,10000.0,30.0,14,0.3005,1,0.4837,3966.88,1,4,2702.55,0,1,1
35,32935.99,14.0,1,0.1637,2,0.3479,16480.47,5,4,469.6,0,0,1
31,53812.56,27.0,11,0.1592,1,0.2165,20901.25,4,4,1257.48,0,0,1
52,60256.16,3.0,5,0.37,2,0.4926,11406.27,9,3,6657.56,1,0,0
61,97295.87,0.0,9,0.3556,2,0.083,8646.86,1,4,9662.32,0,0,1
58,93630.94,33.0,5,0.3424,0,0.3611,25271.29,9,2,24697.15,0,0,1
24,14981.57,16.0,2,0.1606,0,0.4086,17721.77,8,4,7266.64,0,0,1
58,10000.0,32.0,13,0.1201,1,0.6179,29978.52,4,1,9134.67,0,0,1
30,55624.28,20.0,2,0.2734,2,0.147,12612.49,2,0,7736.66,0,0,1
35,38170.37,25.0,10,0.3015,3,0.0721,17830.9,3,0,18621.51,1,1,1
54,25199.34,4.0,9,0.1536,0,0.4353,6946.0,9,1,2881.33,1,0,1
30,55403.02,32.0,12,0.0689,1,0.3276,22752.7,2,0,7395.0,0,1,1
53,60767.43,0.0,14,0.2428,2,0.202,8233.45,8,0,25707.86,0,1,1
48,34025.79,5.0,5,0.5369,3,0.2572,19674.99,1,1,57.23,0,0,0
19,39397.88,1.0,11,0.1758,2,0.3556,12801.94,4,2,2528.42,1,0,1
33,35948.96,4.0,8,0.1124,1,0.2959,14714.08,3,3,11376.52,0,0,1
26,44712.72,25.0,10,0.2792,0,0.4751,15827.39,2,4,5077.76,1,0,1
26,68536.1,12.0,4,0.478,0,0.4086,15594.54,3,1,1475.06,1,0,1
55,28052.35,11.0,2,0.0414,1,0.1443,15784.54,3,1,,1,0,1
28,38982.88,4.0,4,0.4054,0,0.2948,4580.28,9,0,5790.0,0,1,1
71,45017.95,1.0,12,0.3274,1,0.1164,18321.73,3,4,4842.85,1,1,1
73,54831.19,3.0,11,0.1288,2,0.4425,10839.17,9,3,3345.31,0,0,0
39,61899.61,26.0,4,0.0857,2,0.5076,19154.27,4,3,431.74,1,0,1
50,106056.45,9.0,11,0.2483,1,0.2479,19672.82,1,1,7413.22,0,0,1
53,69303.14,12.0,9,0.0881,3,0.2902,8679.68,8,2,5826.17,1,0,1
62,69898.28,1.0,10,0.0793,2,0.4302,5330.25,5,2,7042.75,0,0,0
40,48334.67,25.0,11,0.1733,1,0.6102,18525.6,2,1,19.55,0,1,1
62,30503.36,,6,0.0813,1,0.3396,14712.29,9,2,690.42,0,1,1
62,41794.65,9.0,10,0.1655,2,0.6526,16245.88,7,4,1468.47,0,0,1
51,37241.69,21.0,6,0.3141,2,0.3703,11710.79,6,2,4760.02,0,1,1
26,64805.77,24.0,5,0.1857,1,0.3665,12622.85,2,4,13197.88,0,1,1
41,13717.96,14.0,6,0.4065,0,0.3996,8847.54,6,2,2257.29,1,0,1
25,69813.34,12.0,1,0.1116,2,0.1202,15935.27,7,3,13216.28,1,0,1
24,52069.01,7.0,13,0.3117,1,0.2544,10694.44,5,1,2145.7,1,0,1
53,73333.71,20.0,5,0.2054,3,0.353,1000.0,5,4,11059.77,1,0,0
35,36902.3,20.0,12,0.0734,2,0.3487,15314.8,4,3,16586.5,0,1,1
20,32465.76,21.0,6,0.1516,2,0.4223,15731.13,1,1,13562.73,1,0,1
45,44833.28,32.0,8,0.1724,2,0.1846,29905.32,7,3,10726.98,0,0,1
23,44233.77,26.0,4,0.2664,2,0.6069,7610.0,3,4,313.61,0,0,0
61,75158.71,21.0,14,0.3317,0,0.1961,14770.53,5,2,3205.65,0,0,1
61,74920.12,29.0,5,0.2397,0,0.4754,23504.95,8,1,1750.35,0,0,1
38,102625.58,8.0,4,0.4066,0,0.1722,16687.29,2,3,5148.58,0,1,1
45,42612.7,34.0,7,0.3831,1,0.2981,20658.81,4,2,3499.22,1,1,1
57,10000.0,17.0,10,0.4896,2,0.5982,16734.33,9,0,7694.53,0,0,0
71,44764.44,4.0,6,0.0923,1,0.4551,15323.26,2,4,6672.97,1,0,1
71,60766.45,26.0,14,0.1151,2,0.3517,14973.94,8,4,4508.95,0,0,1
18,72863.27,5.0,4,0.6265,1,0.438,17848.79,9,2,11667.84,0,0,0
53,62590.11,31.0,6,0.4715,1,0.498,22874.03,3,2,119.33,0,0,0
38,42593.06,7.0,13,0.2835,0,0.7521,27546.1,5,1,16065.04,0,1,0
60,97854.11,20.0,4,0.1521,1,0.2123,3294.38,4,3,23.64,1,0,1
52,29156.6,17.0,12,0.1845,2,0.2633,8053.85,8,0,4812.07,0,1,1
30,48133.88,13.0,8,0.3149,0,0.5387,25109.48,8,1,17052.38,1,0,0
74,28002.25,14.0,11,0.138,0,0.6982,22835.51,5,1,4330.24,0,0,1
66,55489.42,25.0,3,0.3514,0,0.5829,15822.2,5,0,11273.89,1,1,0
71,94725.14,31.0,8,0.1275,2,0.2701,16047.97,1,4,4125.74,0,1,1
71,51476.85,27.0,13,0.1413,1,0.4017,19012.18,5,1,15226.44,0,1,1
27,51630.0,31.0,2,0.1938,0,0.4461,18460.5,1,4,57354.67,0,0,1
70,12600.95,12.0,6,0.0852,0,0.3296,10468.66,4,3,18285.32,0,1,1
61,47825.2,14.0,8,0.3034,0,0.4994,3860.56,7,2,458.91,0,0,0
64,83762.18,17.0,1,0.4241,2,0.4285,8782.73,2,3,1283.76,1,0,1
70,48744.1,5.0,6,0.5456,3,0.3684,13957.48,1,2,6244.57,0,1,1
27,47055.24,10.0,9,0.3114,1,0.4642,15030.97,2,1,26077.86,0,0,0
63,82642.86,31.0,13,0.234,2,0.375,10125.89,7,2,4171.38,0,0,1
30,47160.9,19.0,10,0.6013,0,0.2076,30014.99,3,0,2595.23,1,0,1
54,87301.34,32.0,10,0.4506,2,0.2211,7942.86,5,0,26814.45,0,0,1
55,22884.01,7.0,2,0.3054,0,0.3074,7580.84,1,3,9869.57,0,0,1
41,71946.35,34.0,11,0.2583,2,0.6088,13668.94,8,0,11772.55,1,1,0
19,96158.23,4.0,13,0.2907,0,0.2685,6999.87,4,3,,0,0,1
39,80196.42,34.0,1,0.2785,1,0.6345,25553.91,2,4,2436.58,1,1,0
34,10000.0,13.0,2,0.3031,0,0.5002,14812.48,8,4,5603.39,0,0,1
53,39042.42,20.0,5,0.2744,1,0.6547,30763.22,5,3,10667.72,0,1,1
31,48951.21,23.0,6,0.3577,2,0.3589,26864.42,2,3,3412.92,0,0,1
27,80248.89,16.0,1,0.1538,0,0.446,12831.36,9,3,1827.96,1,1,1
52,21709.55,17.0,7,0.246,0,0.6512,9153.28,6,2,4598.01,0,0,1
42,29526.58,33.0,11,0.0397,3,0.1007,18041.41,8,0,4417.32,1,0,1
20,14871.21,11.0,4,0.4128,0,0.5249,25703.97,2,2,16506.62,0,0,1
64,34354.99,15.0,9,0.2557,3,0.344,6322.92,5,2,21716.43,1,0,0
55,23709.83,3.0,6,0.4087,0,0.4103,1000.0,3,2,1479.22,0,1,0
34,94947.65,24.0,9,0.121,2,0.4896,11458.5,8,4,2622.4,0,1,1
29,38815.57,33.0,1,0.2212,0,0.5001,8802.18,1,4,12335.15,0,0,1
71,72273.13,27.0,4,0.2647,3,0.5716,22891.87,9,2,2248.82,1,0,0
69,55449.24,10.0,2,0.2354,5,0.3169,6576.55,6,1,2459.21,0,0,0
41,55099.03,12.0,6,0.2907,1,0.2648,18852.16,1,2,9031.94,1,0,1
46,40213.9,30.0,4,0.5714,2,0.3717,9953.22,3,1,5720.42,0,1,0
60,74250.56,24.0,9,0.2262,0,0.924,8755.71,8,1,9728.5,0,1,0
42,58858.61,9.0,14,0.2555,0,0.4333,18745.52,8,0,602.83,0,0,1
53,57418.6,23.0,3,0.134,1,0.4096,4849.97,3,3,5612.74,1,0,1
43,40164.48,0.0,1,0.2446,3,0.3699,24474.79,8,2,8938.6,0,0,1
55,44255.6,24.0,11,0.3328,3,0.3387,17092.95,6,2,5145.86,1,0,1
18,69722.78,27.0,13,0.2278,1,0.246,8298.32,7,2,1094.04,0,0,0
37,60751.39,17.0,11,0.5263,0,0.565,32094.35,2,3,1149.92,1,0,1
72,58086.81,5.0,1,0.4109,1,0.183,27909.98,1,1,7093.85,0,0,0
45,36148.94,1.0,12,0.1039,1,0.5316,1000.0,1,2,1244.29,1,1,0
33,103602.69,2.0,9,0.3079,0,0.5692,12068.48,3,2,2896.55,1,1,1
64,43007.33,7.0,9,0.3723,2,0.7197,11497.25,7,3,4655.42,0,1,0
34,54243.68,30.0,5,0.1176,0,0.5809,8743.49,9,4,7197.76,1,1,1
57,50324.16,18.0,2,0.2526,2,0.151,24698.9,2,3,2466.47,1,1,1
45,103867.78,5.0,9,0.2084,0,0.1835,8183.67,6,3,4156.88,0,1,1
29,47729.63,13.0,13,0.2745,0,0.2376,13246.32,8,4,3668.71,0,0,1
44,45441.45,2.0,12,0.1189,1,0.5744,12921.3,9,0,816.88,0,0,1
71,57957.78,0.0,13,0.2093,1,0.1002,1000.0,3,3,13027.36,1,1,0
70,37661.48,29.0,8,0.3843,2,0.1759,21547.97,5,3,10850.33,0,0,1
59,57789.99,18.0,13,0.3069,2,0.3208,27810.75,5,2,12264.57,1,0,1
64,114290.09,18.0,11,0.4102,1,0.2443,8657.69,8,1,1275.01,0,0,1
47,62492.39,8.0,10,0.4955,3,0.2751,18774.41,1,1,,0,1,0
58,61581.15,6.0,10,0.3185,0,0.3642,16328.56,3,3,3206.93,1,0,1
51,37052.38,6.0,6,0.2851,0,0.1075,20979.2,6,1,3427.79,1,0,1
54,97730.18,8.0,7,0.3537,0,0.578,27197.66,6,2,544.57,1,0,0
23,103475.82,3.0,12,0.0663,2,0.0787,14244.89,4,3,23326.13,0,0,1
24,76317.01,24.0,6,0.1061,0,0.3605,4524.43,5,3,22467.31,1,0,1
49,71345.83,11.0,5,0.2213,1,0.2682,33104.29,3,3,4198.28,1,0,1
49,49130.87,5.0,4,0.3686,1,0.7513,14631.04,4,2,15416.75,0,0,0
70,64783.44,17.0,7,0.2718,1,0.2119,7123.99,1,1,3205.12,1,1,1
42,34121.06,20.0,4,0.2305,1,0.1785,12025.12,6,3,6557.25,1,0,1
50,26847.15,14.0,10,0.6087,0,0.377,13942.1,5,4,10919.56,0,0,1
72,17816.0,2.0,10,0.4153,1,0.2553,6192.11,5,3,5922.99,1,0,1
24,65266.85,1.0,10,0.1431,2,0.3255,7843.45,4,1,1431.18,0,1,1
69,20540.64,3.0,9,0.3692,1,0.2031,22966.81,9,0,3811.85,1,1,1
74,42509.11,31.0,5,0.3595,3,0.1524,17294.13,9,0,11400.4,0,0,1
29,53469.27,1.0,8,0.5042,1,0.616,21135.15,5,0,12144.47,1,0,0
33,79882.26,28.0,12,0.2114,0,0.4149,19869.06,7,4,3298.87,0,1,1
33,40544.5,1.0,13,0.5104,1,0.2939,6525.93,3,0,6220.51,0,0,0
60,82831.81,33.0,12,0.1147,2,0.2958,14780.93,1,2,1856.65,0,1,1
70,78478.97,26.0,12,0.0802,1,0.5535,26007.79,1,2,2313.03,0,0,1
53,28217.29,,6,0.2731,3,0.6688,15494.12,3,0,1251.46,0,0,1
30,83070.64,18.0,4,0.3409,1,0.514,22096.2,3,0,4608.92,0,1,0
24,47910.47,26.0,12,0.0611,2,0.5109,19691.0,5,1,10180.45,1,1,1
53,42526.22,19.0,3,0.0974,1,0.1008,7949.64,8,2,16908.04,0,0,1
64,48016.17,20.0,11,0.2428,2,0.2248,23868.64,6,1,6294.37,1,1,1
68,54912.36,22.0,6,0.0984,2,0.286,26170.9,8,1,8445.23,0,0,1
26,44623.88,29.0,1,0.489,2,0.3584,15612.44,7,0,2482.94,0,1,1
49,34007.71,24.0,2,0.333,2,0.2645,23324.37,1,1,1805.8,0,0,1
28,36218.61,30.0,7,0.452,2,0.4154,15820.33,8,0,4029.54,0,1,1
25,58473.57,26.0,4,0.0506,1,0.3015,15368.48,1,0,6548.04,0,0,1
50,50988.41,33.0,5,0.5378,0,0.4379,12489.42,5,3,273.1,1,0,0
40,68182.74,,11,0.2536,0,0.3492,6985.9,3,2,772.98,0,0,1
42,56309.07,18.0,10,0.3253,0,0.7469,9561.68,7,4,7970.68,0,1,1
73,56925.35,25.0,1,0.0679,1,0.2467,6318.44,5,2,1778.25,1,0,1
25,69820.31,27.0,2,0.3607,0,0.3161,24720.05,2,4,4831.7,1,1,1
62,90472.95,3.0,4,0.1989,1,0.4669,15297.75,1,3,22055.72,1,0,1
39,91475.56,30.0,8,0.2115,0,0.5182,24656.86,6,3,15879.18,0,1,1
21,88510.16,15.0,10,0.6597,0,0.2903,1000.0,6,2,526.6,1,1,0
57,76761.23,9.0,4,0.1352,0,0.409,6529.52,8,3,484.01,1,1,1
20,107135.27,9.0,14,0.2377,0,0.2771,11045.82,9,3,1255.56,0,0,1
46,65945.59,8.0,3,0.1477,1,0.0983,22224.63,2,0,990.04,0,0,1
58,63138.65,18.0,3,0.3556,1,0.0347,16499.47,5,3,2342.26,1,0,1
46,111098.03,18.0,12,0.1617,1,0.2723,14970.86,5,1,3722.57,1,0,1
51,10000.0,11.0,5,0.4001,1,0.5153,1737.56,8,3,692.68,0,0,0
51,49652.59,12.0,3,0.1276,1,0.5027,21337.66,9,4,4937.21,1,0,1
45,86312.39,24.0,8,0.1277,1,0.312,14791.76,5,2,6037.2,1,0,1
30,79506.57,24.0,5,0.1107,0,0.4952,30171.32,5,4,8668.1,1,0,1
32,119141.29,27.0,12,0.017,3,0.4966,1000.0,3,0,4171.58,0,1,1
40,57687.14,29.0,14,0.2677,0,0.2947,13966.75,6,3,2806.62,0,1,1
61,44229.56,4.0,12,0.3411,1,0.2817,6050.38,7,1,8244.18,0,0,1
43,46697.88,16.0,14,0.1642,1,0.4531,5712.6,3,0,19370.6,0,0,1
21,62951.7,17.0,7,0.278,0,0.3708,9721.1,2,2,4039.96,1,1,1
43,95541.19,20.0,11,0.3174,0,0.5416,27514.46,2,3,2778.74,0,0,0
57,95853.53,21.0,8,0.1503,1,0.2635,15400.69,9,2,10118.83,0,0,1
26,53599.63,5.0,5,0.235,1,0.4642,12770.27,6,0,16782.42,0,0,1
72,61325.21,15.0,8,0.1803,0,0.3321,12988.8,2,1,25711.43,1,0,1
22,39709.96,1.0,12,0.2224,0,0.11,17695.95,5,2,1989.19,1,0,1
73,42319.61,0.0,3,0.284,0,0.2774,11150.12,7,3,2885.15,1,1,1
49,81156.43,29.0,14,0.375,2,0.6019,17330.78,1,4,18903.85,1,1,1
37,95055.28,22.0,12,0.06,1,0.217,16727.34,8,4,2517.58,1,0,1
67,37567.91,0.0,7,0.2297,0,0.332,14175.48,6,2,3392.26,0,1,1
28,61073.91,18.0,8,0.3024,1,0.2696,18121.68,1,1,8161.24,0,0,1
32,48923.05,2.0,7,0.1348,1,0.2513,8907.04,8,0,6717.18,1,0,1
49,76596.79,1.0,14,0.1423,4,0.1992,13301.43,5,3,16820.16,1,0,0
45,45287.1,16.0,2,0.1015,2,0.3753,4296.77,7,2,7570.88,1,0,1
39,10000.0,,8,0.4829,0,0.4075,1000.0,4,3,5369.2,0,1,1
58,80092.27,17.0,6,0.3994,1,0.2561,25566.17,2,1,614.59,0,0,0
34,47412.91,32.0,10,0.3767,0,0.5497,21004.3,8,4,29519.49,1,0,1
43,50013.91,14.0,3,0.0886,2,0.4193,25703.9,4,0,4389.83,0,0,1
61,65889.7,21.0,4,0.1939,1,0.5804,22635.63,8,4,6799.9,0,0,1
24,63820.84,26.0,7,0.0739,0,0.6492,9283.32,9,0,5577.7,1,1,1
59,66403.04,31.0,3,0.2782,0,0.2528,1000.0,4,4,10714.24,0,0,1
74,14256.67,18.0,1,0.2435,1,0.5993,9009.46,8,2,8317.87,1,1,0
43,68907.73,27.0,6,0.1708,0,0.2328,18642.35,4,1,3356.56,0,1,1
42,10000.0,27.0,3,0.323,0,0.1412,15691.42,8,4,5872.47,0,1,1
27,74239.13,9.0,11,0.3955,0,0.2426,15324.69,1,1,13991.32,0,0,1
62,82959.53,19.0,10,0.3993,2,0.406,11937.25,2,4,8029.08,0,0,1
36,20787.0,24.0,6,0.1317,0,0.4996,5590.4,3,3,24735.92,0,1,0
28,63210.82,20.0,10,0.3142,1,0.4414,28105.76,2,4,11217.58,1,0,1
30,81429.48,13.0,12,0.1482,2,0.3566,19888.4,8,0,5311.66,1,0,0
70,43774.91,21.0,3,0.3961,1,0.5376,19151.87,9,3,13160.96,1,0,1
25,71840.91,25.0,6,0.4297,2,0.161,2826.0,9,2,4669.9,0,0,0
57,10000.0,10.0,11,0.4419,2,0.3479,13520.89,1,2,1918.14,0,1,0
21,82454.9,6.0,4,0.1863,1,0.2305,19514.23,9,2,7947.73,0,0,1
64,55749.86,16.0,13,0.1231,0,0.1696,30685.69,8,1,3494.34,1,0,1
48,48554.27,17.0,4,0.3428,2,0.2953,23729.16,8,2,201.42,0,0,1
45,79601.04,6.0,10,0.1791,4,0.1932,12294.86,3,4,1927.15,1,0,0
28,98232.24,19.0,10,0.3308,1,0.3527,20541.98,8,3,1462.53,0,0,1
60,67142.9,10.0,11,0.3592,3,0.4426,17981.51,2,0,12672.72,0,0,1
18,95217.85,15.0,2,0.2424,2,0.5009,21410.16,2,2,10377.92,1,1,1
66,16167.92,26.0,14,0.1197,2,0.3477,12496.3,4,0,7626.21,0,0,0
64,71648.72,10.0,4,0.3551,2,0.3783,16252.37,7,1,21784.98,0,0,0
69,51699.9,15.0,11,0.4495,2,0.2588,8247.74,4,1,1569.18,0,0,1
55,35294.52,22.0,12,0.2686,1,0.579,12464.24,2,0,1425.32,1,0,0
41,10000.0,11.0,4,0.2799,0,0.2268,24655.77,5,4,19182.54,0,0,1
71,70294.68,2.0,11,0.359,0,0.2324,16760.73,8,0,8327.78,0,0,1
74,76882.25,1.0,7,0.3629,1,0.4408,3736.17,7,3,6524.35,0,1,0
64,88550.57,23.0,5,0.3834,1,0.1451,11305.0,7,2,10773.32,0,0,1
48,84412.26,28.0,8,0.1819,3,0.1162,20246.74,9,4,2646.62,0,1,0
58,35707.26,33.0,7,0.3329,0,0.3202,1000.0,5,0,,0,0,1
63,87267.64,19.0,10,0.1647,0,0.5017,21011.25,4,3,4453.55,1,0,1
67,89908.69,17.0,9,0.3353,2,0.1533,23470.49,9,0,2933.48,1,1,1
43,48500.4,13.0,8,0.1097,0,0.306,17514.82,1,2,16719.92,0,0,1
66,55710.71,17.0,9,0.4674,2,0.1489,10122.14,6,1,1401.13,0,0,1
67,31646.14,1.0,1,0.2255,2,0.6115,1988.75,3,0,144.39,0,1,1
22,92022.16,0.0,10,0.3283,0,0.3468,6555.42,6,3,3559.1,1,1,1
37,17205.32,19.0,13,0.4282,1,0.2257,27607.84,7,0,1769.21,0,0,0
69,68374.27,33.0,12,0.2576,1,0.2044,13857.95,1,2,13329.29,1,0,1
58,40079.27,10.0,3,0.4014,0,0.4511,24922.4,6,3,,0,0,1
28,27303.68,26.0,5,0.184,0,0.5307,12428.46,8,1,22179.29,1,0,1
73,10000.0,22.0,9,0.4843,0,0.4839,9317.27,5,2,1466.94,0,0,1
71,49614.85,2.0,8,0.6133,1,0.4139,14637.22,5,0,,1,0,0
50,23385.37,11.0,14,0.1493,2,0.1383,25048.81,7,4,1475.01,0,0,1
67,,29.0,10,0.4055,1,0.3084,19665.01,8,0,393.01,0,0,1
55,99233.43,30.0,7,0.2955,0,0.5521,6503.68,7,1,5353.06,1,0,1
44,59987.68,22.0,2,0.191,0,0.0971,9373.11,3,0,3525.03,1,0,1
51,104932.01,0.0,11,0.2887,0,0.0923,4005.22,6,4,7287.16,1,1,1
32,30443.17,19.0,6,0.3591,1,0.3708,25459.07,9,1,8189.23,1,0,0
49,22976.48,5.0,4,0.1284,1,0.3088,16499.98,2,1,21790.96,0,0,1
38,29324.61,10.0,5,0.2723,1,0.1618,17281.26,9,0,24412.99,1,0,1
63,53372.49,34.0,14,0.1034,2,0.4543,18449.25,3,2,5465.19,0,1,1
22,123073.72,3.0,5,0.1823,2,0.0653,14718.53,3,1,1872.3,0,1,1
23,13447.13,28.0,13,0.3057,0,0.4845,9348.83,2,3,2272.37,0,0,1
55,70491.58,9.0,4,0.5095,1,0.3676,1000.0,3,1,840.17,1,0,0
39,37500.87,28.0,4,0.4108,3,0.3143,16415.99,7,3,2626.62,0,0,1
35,49404.92,0.0,4,0.2485,0,0.5601,32527.13,3,2,19387.84,0,1,1
31,23549.5,7.0,11,0.1117,2,0.3366,7362.85,1,4,3628.03,1,0,0
27,76978.46,16.0,2,0.1851,3,0.1509,1000.0,4,3,7943.66,0,0,1
63,53901.87,18.0,1,0.1195,0,0.4009,12573.92,7,3,31809.65,0,0,1
30,82186.34,32.0,12,0.2945,2,0.5679,17923.61,6,4,902.99,0,0,0
48,59381.13,14.0,2,0.6521,2,0.1814,6901.22,3,1,11946.68,1,0,0
47,10000.0,30.0,7,0.1718,2,0.4596,10100.7,1,3,9623.53,1,0,0
20,82413.57,20.0,12,0.0956,2,0.4237,5044.54,8,3,13675.84,0,0,1
47,10000.0,2.0,1,0.3475,0,0.2388,15358.45,2,4,1180.3,0,1,1
23,10000.0,1.0,6,0.2239,1,0.7847,17888.61,5,1,5573.72,0,0,0
46,32069.93,34.0,4,0.1147,0,0.0972,12158.31,3,0,7997.4,0,1,1
25,32403.61,15.0,2,0.4869,0,0.3419,7704.88,4,3,11419.73,0,1,0
61,89900.53,20.0,3,0.1931,0,0.7345,19754.84,3,2,9975.94,1,0,1
62,50721.09,11.0,7,0.2255,2,0.3082,20902.35,3,4,6769.76,0,1,1
60,86184.63,27.0,6,0.326,0,0.1514,13395.4,3,3,5066.47,0,0,1
61,40802.06,11.0,6,0.3694,0,0.5547,17894.11,8,1,22739.33,0,0,1
50,62941.16,32.0,8,0.0479,0,0.4314,21933.31,1,2,1605.01,0,0,1
34,66851.06,19.0,8,0.0618,2,0.5797,8268.66,2,0,1828.68,0,0,1
65,72401.64,20.0,6,0.197,1,0.4088,3524.51,2,2,941.92,0,1,1
28,43376.85,21.0,1,0.1637,0,0.5285,21187.98,9,3,,0,1,1
30,,25.0,10,0.3032,0,0.497,30681.66,7,2,16539.38,0,0,1
67,47546.74,6.0,13,0.1703,1,0.5061,1000.0,7,0,7461.88,0,0,1
28,13689.69,6.0,7,0.0769,0,0.3544,27684.6,8,1,21878.2,1,0,1
48,52902.45,7.0,8,0.3032,2,0.1831,14498.28,2,0,17433.39,0,0,1
45,45407.89,25.0,5,0.2985,0,0.2747,22772.1,1,0,2859.28,0,0,1
61,69501.82,23.0,13,0.1188,1,0.5262,4457.94,6,4,8202.56,0,1,1
23,57282.53,23.0,11,0.2396,1,0.4444,10591.14,3,4,3817.03,1,0,1
58,88409.55,11.0,4,0.0346,0,0.4822,22478.83,2,0,16711.18,1,0,1
33,56752.21,7.0,7,0.0476,1,0.2369,22587.08,3,2,10601.64,1,0,1
21,40944.86,8.0,12,0.4044,2,0.2964,12616.68,4,2,1054.38,1,0,1
52,56442.43,2.0,12,0.1629,3,0.2522,14244.57,5,0,2336.61,0,0,1
65,,20.0,11,0.4088,1,0.6978,11334.64,4,2,8573.71,0,1,0
73,10669.81,30.0,13,0.5312,2,0.501,4425.62,8,1,2260.33,1,0,1
43,37118.79,23.0,6,0.2181,0,0.4671,15940.26,6,2,6109.22,1,1,0
74,37645.58,3.0,12,0.2244,2,0.0935,13900.31,7,2,2240.4,1,0,1
29,65274.76,19.0,6,0.1464,2,0.2995,11837.44,4,0,,1,0,1
28,68182.16,15.0,14,0.0582,2,0.4992,4401.81,7,2,623.83,1,1,1
54,57530.69,9.0,3,0.1039,1,0.2831,13020.68,5,2,10218.82,0,0,1
42,10000.0,25.0,11,0.3573,3,0.523,16557.94,2,4,3287.94,0,0,0
35,13702.05,28.0,10,0.2857,2,0.371,19660.34,9,4,4834.08,1,1,1
36,49026.7,4.0,4,0.4316,3,0.6018,16265.5,2,2,5286.63,1,0,1
40,,10.0,5,0.3393,2,0.4432,2401.54,2,2,1729.11,1,0,1
72,55134.26,28.0,9,0.6021,0,0.4131,12783.88,3,0,22800.48,0,0,1
55,43265.05,14.0,8,0.3714,6,0.338,22581.61,4,1,1.3,1,0,0
71,93291.06,5.0,3,0.218,2,0.3669,10498.79,7,4,3731.26,1,1,1
35,10000.0,14.0,6,0.4363,1,0.2719,1000.0,5,3,1100.59,0,0,0
43,62565.69,19.0,10,0.4355,0,0.3681,11012.19,7,2,3569.35,0,0,1
23,75700.26,33.0,1,0.1007,2,0.3564,10203.87,1,3,878.04,0,0,1
21,72538.46,1.0,3,0.2834,0,0.3865,23751.41,4,0,3807.62,1,0,1
61,74681.82,15.0,10,0.0739,0,0.5957,20400.29,2,3,1724.18,0,1,1
68,78277.9,18.0,14,0.1289,1,0.1707,30235.73,6,1,6455.64,0,0,1
46,39900.5,33.0,12,0.2802,0,0.2113,17333.62,2,1,96.23,1,0,1
51,27462.91,13.0,7,0.1783,0,0.3755,35315.23,4,0,5643.34,0,0,1
34,10000.0,23.0,7,0.6348,0,0.4611,31579.53,5,4,2658.79,0,0,1
60,45934.93,27.0,2,0.1588,1,0.655,19870.81,8,2,3102.48,1,0,1
60,35561.67,31.0,3,0.3826,1,0.6398,22598.14,5,3,3504.08,0,0,0
70,84040.22,9.0,7,0.3692,0,0.4485,22707.18,2,0,8461.0,1,0,1
33,47811.05,8.0,12,0.1547,1,0.1655,20873.26,8,1,11343.02,0,0,1
19,29239.86,23.0,6,0.4659,4,0.5258,7926.69,8,1,3200.29,0,1,0
51,25286.61,28.0,13,0.4282,1,0.3368,13531.55,1,0,20721.27,0,0,0
72,104720.5,28.0,7,0.1882,2,0.3297,13236.39,9,0,10970.83,0,0,1
25,54447.84,22.0,10,0.4937,2,0.3824,23585.13,8,0,4137.93,0,0,1
30,35462.39,26.0,9,0.3587,2,0.4327,19446.15,1,3,823.38,1,0,0
59,58101.05,30.0,8,0.6265,1,0.4159,16472.16,9,1,6574.03,0,0,0
25,102422.23,6.0,6,0.0559,0,0.3381,5224.15,9,0,7610.48,1,0,1
47,45257.98,3.0,12,0.1295,2,0.1888,10865.47,8,2,1172.3,0,0,1
49,72175.27,13.0,14,0.0366,0,0.3083,10478.9,7,0,15285.67,0,0,1
53,84661.53,9.0,4,0.0157,1,0.6055,31314.98,6,0,3842.74,0,0,1
64,10000.0,33.0,14,0.0798,1,0.3285,13308.68,5,3,1322.49,0,0,1
47,39039.69,25.0,13,0.5368,1,0.2857,8173.25,6,4,5886.41,1,1,0
18,81527.17,22.0,10,0.4026,5,0.5541,16242.62,1,1,4386.01,1,0,0
60,37517.41,,9,0.2047,2,0.477,17256.42,1,0,8221.3,0,1,1
56,65365.63,7.0,7,0.2997,2,0.6356,13895.71,9,3,1515.45,0,0,0
34,36037.96,13.0,5,0.3177,1,0.1968,26813.27,6,4,167.86,1,1,1
37,43861.2,6.0,2,0.3486,1,0.2861,24536.09,3,4,5177.17,1,0,0
41,40815.9,6.0,9,0.1822,0,0.346,9704.35,9,4,1368.19,0,0,1
67,70916.75,8.0,14,0.1452,4,0.381,8754.11,3,0,1361.07,0,1,0
39,60039.5,2.0,7,0.0575,0,0.2049,3400.8,9,0,9063.77,0,0,1
46,57471.49,13.0,9,0.4341,1,0.2298,44078.78,5,3,2395.56,1,1,1
39,117687.38,16.0,11,0.1555,4,0.103,9906.99,1,1,14660.09,0,0,1
61,98492.44,21.0,9,0.2325,0,0.0338,15080.74,5,3,5784.56,0,0,1
